-- phpMyAdmin SQL Dump
-- version 4.7.9
-- https://www.phpmyadmin.net/
--
-- Host: 127.0.0.1
-- Generation Time: Dec 28, 2020 at 06:08 PM
-- Server version: 5.7.30-log
-- PHP Version: 7.2.24

SET SQL_MODE = "NO_AUTO_VALUE_ON_ZERO";
SET AUTOCOMMIT = 0;
START TRANSACTION;
SET time_zone = "+00:00";


/*!40101 SET @OLD_CHARACTER_SET_CLIENT=@@CHARACTER_SET_CLIENT */;
/*!40101 SET @OLD_CHARACTER_SET_RESULTS=@@CHARACTER_SET_RESULTS */;
/*!40101 SET @OLD_COLLATION_CONNECTION=@@COLLATION_CONNECTION */;
/*!40101 SET NAMES utf8mb4 */;

--
-- Database: `billing_20.4.0.7`
--

-- --------------------------------------------------------

--
-- Table structure for table `about_us`
--

CREATE TABLE `about_us` (
  `id` int(5) NOT NULL,
  `title` varchar(50) NOT NULL,
  `description` text NOT NULL,
  `image` text NOT NULL,
  `status` int(5) NOT NULL,
  `create_date` timestamp NOT NULL DEFAULT CURRENT_TIMESTAMP ON UPDATE CURRENT_TIMESTAMP,
  `update_date` timestamp NOT NULL DEFAULT '0000-00-00 00:00:00'
) ENGINE=InnoDB DEFAULT CHARSET=latin1;

--
-- Dumping data for table `about_us`
--

INSERT INTO `about_us` (`id`, `title`, `description`, `image`, `status`, `create_date`, `update_date`) VALUES
(25, 'About Us ', '<p class=\"MsoNormal\">Apollo Billing system provides a sophisticated solution for your medical billing needs, healthcare insurance and claims process. We are aware of the challenges faced with respect to the Healthcare sector across the United States. Realizing the significance of the medical billing system in our lives, we employed experienced staff to operate, coordinate and execute this system so as to provide continuous support to our Clients. They are equipped with years of experience gained after working with many healthcare organizations.<br><br>Our comprehensive Billing System Process is your answer to the following:</p>\r\n<ul>\r\n<li>Patient Registration</li>\r\n<li>Verification of Insurance</li>\r\n<li>Medical transcription</li>\r\n<li>Medical Coding w.r.to. diagnosis and procedures</li>\r\n<li>Entry of charges</li>\r\n<li>Preparation of Claims</li>\r\n<li>Managing denials</li>\r\n<li>Posting Payments</li>\r\n</ul>\r\n<p class=\"MsoNormal\">Our system makes your life easier and simpler than before. We stand as a pillar of support with you to handle your business needs and challenges. We are here because you need us. </p>', '569a4be34c567b10dda004a9f3be2bc7.jpg', 0, '2020-11-05 05:21:24', '2020-10-31 20:50:17'),
(26, 'About Us ', '<p class=\"MsoNormal\">The billing system provides a sophisticated solution for your medical billing needs, healthcare insurance, and claims process. We are aware of the challenges faced with respect to the Healthcare sector across the United States. Realizing the significance of the medical billing system in our lives, we employed experienced staff to operate, coordinate, and execute this system so as to provide continuous support to our Clients. They are equipped with years of experience gained after working with many healthcare organizations.<br><br>Our comprehensive Billing System Process is your answer to the following:</p>\r\n<ul>\r\n<li>Patient Registration</li>\r\n<li>Verification of Insurance</li>\r\n<li>Medical transcription</li>\r\n<li>Medical Coding w.r.to. diagnosis and procedures</li>\r\n<li>Entry of charges</li>\r\n<li>Preparation of Claims</li>\r\n<li>Managing denials</li>\r\n<li>Posting Payments</li>\r\n</ul>\r\n<p class=\"MsoNormal\">Our system makes your life easier and simpler than before. We stand as a pillar of support with you to handle your business needs and challenges. We are here because you need us. </p>', '569a4be34c567b10dda004a9f3be2bc7.jpg', 1, '2020-11-05 05:21:24', '2020-11-04 23:51:24');

-- --------------------------------------------------------

--
-- Table structure for table `appointment`
--

CREATE TABLE `appointment` (
  `id` int(11) NOT NULL,
  `last_name` varchar(255) NOT NULL,
  `first_name` varchar(255) NOT NULL,
  `phone` varchar(255) NOT NULL,
  `email` varchar(255) NOT NULL,
  `subject_type` varchar(255) NOT NULL,
  `subject` varchar(255) NOT NULL,
  `message` text NOT NULL,
  `active` int(11) NOT NULL DEFAULT '1',
  `create_id` int(11) NOT NULL,
  `create_date` timestamp NOT NULL DEFAULT CURRENT_TIMESTAMP ON UPDATE CURRENT_TIMESTAMP,
  `status` int(5) NOT NULL
) ENGINE=InnoDB DEFAULT CHARSET=utf8;

-- --------------------------------------------------------

--
-- Table structure for table `claims`
--

CREATE TABLE `claims` (
  `id` int(10) NOT NULL,
  `claim_registration_id` varchar(255) NOT NULL,
  `user_id` int(10) NOT NULL,
  `pharmacy_id` int(5) DEFAULT NULL,
  `insurance_company_id` int(5) DEFAULT NULL,
  `status` int(5) NOT NULL,
  `transaction_status` int(5) NOT NULL,
  `payment_status` int(5) NOT NULL,
  `created_date` timestamp NOT NULL DEFAULT CURRENT_TIMESTAMP,
  `updated_date` timestamp NULL DEFAULT NULL ON UPDATE CURRENT_TIMESTAMP
) ENGINE=InnoDB DEFAULT CHARSET=utf8;

--
-- Dumping data for table `claims`
--

INSERT INTO `claims` (`id`, `claim_registration_id`, `user_id`, `pharmacy_id`, `insurance_company_id`, `status`, `transaction_status`, `payment_status`, `created_date`, `updated_date`) VALUES
(1, 'CLA4475968', 30, 1, 4, 2, 10, 13, '2020-11-20 14:11:19', '2020-11-20 15:46:31'),
(2, 'CLA2911650', 30, 1, 6, 2, 9, 13, '2020-11-20 14:11:27', '2020-11-20 15:27:10'),
(3, 'CLA1555787', 1, 1, 4, 0, 7, 13, '2020-11-20 16:11:53', '2020-11-20 16:11:53'),
(4, 'CLA8476564', 30, 1, 5, 2, 7, 13, '2020-11-23 13:11:51', '2020-11-23 00:25:01'),
(5, 'CLA1136370', 30, 1, 6, 2, 7, 13, '2020-11-23 13:11:12', '2020-11-23 00:45:17'),
(6, 'CLA0991196', 31, 2, 4, 3, 10, 13, '2020-11-23 14:11:18', '2020-11-26 18:56:38'),
(7, 'CLA5200018', 31, 2, 5, 2, 8, 13, '2020-11-23 14:11:59', '2020-12-10 13:23:31'),
(8, 'CLA7515236', 31, 2, 4, 6, 12, 16, '2020-11-23 14:11:21', '2020-11-23 23:45:28'),
(9, 'CLA2686728', 32, 3, 4, 3, 8, 13, '2020-11-23 15:11:07', '2020-11-23 23:43:58'),
(10, 'CLA6077432', 32, 3, 4, 2, 10, 13, '2020-11-23 15:11:53', '2020-11-23 23:41:25'),
(11, 'CLA3233432', 32, 3, 6, 2, 8, 13, '2020-11-23 15:11:18', '2020-11-23 23:39:29'),
(12, 'CLA7934562', 33, 4, 11, 2, 9, 13, '2020-11-23 15:11:52', '2020-11-23 23:40:53'),
(13, 'CLA5553449', 33, 4, 10, 2, 9, 13, '2020-11-23 15:11:09', '2020-11-23 23:40:35'),
(14, 'CLA3100795', 33, 4, 9, 2, 12, 13, '2020-11-23 15:11:59', '2020-11-23 05:03:18'),
(15, 'CLA8463214', 34, 5, 7, 2, 12, 13, '2020-11-23 16:11:24', '2020-11-23 05:02:37'),
(16, 'CLA7469465', 34, 5, 9, 2, 8, 13, '2020-11-23 16:11:52', '2020-11-23 05:02:12'),
(17, 'CLA6164200', 34, 5, 8, 2, 9, 13, '2020-11-23 16:11:44', '2020-11-23 05:02:05'),
(18, 'CLA4880670', 35, 6, 10, 6, 12, 16, '2020-11-23 17:11:22', '2020-11-23 05:01:23'),
(19, 'CLA1493931', 35, 6, 11, 2, 12, 15, '2020-11-23 17:11:14', '2020-11-23 04:59:49'),
(20, 'CLA7824138', 35, 6, 11, 2, 11, 13, '2020-11-23 17:11:39', '2020-11-23 04:58:52'),
(21, 'CLA1848880', 36, 7, 7, 2, 10, 13, '2020-11-23 17:11:55', '2020-11-23 04:56:35'),
(22, 'CLA8243023', 34, 5, 10, 2, 12, 14, '2020-11-23 17:11:18', '2020-11-23 04:58:15'),
(23, 'CLA8588701', 34, 5, 9, 0, 7, 13, '2020-11-23 17:11:24', '2020-11-23 17:11:24'),
(24, 'CLA1683096', 1, 4, 7, 0, 7, 13, '2020-11-23 17:11:59', '2020-11-23 17:11:59'),
(25, 'CLA1778817', 1, 3, 11, 0, 7, 13, '2020-11-23 17:11:48', '2020-11-23 17:11:48'),
(26, 'CLA4130021', 1, 3, 10, 0, 7, 13, '2020-11-23 17:11:45', '2020-11-23 17:11:45'),
(27, 'CLA2472286', 1, 3, 9, 0, 7, 13, '2020-11-23 17:11:34', '2020-11-23 17:11:34'),
(28, 'CLA6153227', 1, 3, 3, 0, 7, 13, '2020-11-23 17:11:22', '2020-11-23 17:11:22'),
(29, 'CLA4844016', 1, 4, 10, 0, 7, 13, '2020-11-23 17:11:19', '2020-11-23 17:11:19'),
(30, 'CLA7937686', 35, 6, 8, 2, 9, 13, '2020-11-23 17:11:18', '2020-11-23 04:54:29'),
(31, 'CLA6364448', 35, 6, 11, 2, 8, 13, '2020-11-23 17:11:48', '2020-11-23 04:53:45'),
(32, 'CLA0215878', 35, 14, 11, 2, 8, 13, '2020-11-23 17:11:27', '2020-11-30 04:29:07'),
(33, 'CLA3016726', 1, 14, 4, 4, 12, 14, '2020-11-23 07:11:14', '2020-11-23 12:26:09'),
(34, 'CLA8587267', 1, 14, 4, 4, 12, 15, '2020-11-23 07:11:00', '2020-11-24 09:49:09'),
(35, 'CLA3147164', 1, 14, 4, 3, 10, 16, '2020-11-23 07:11:06', '2020-11-23 12:29:48'),
(36, 'CLA6384250', 1, 14, 5, 4, 12, 14, '2020-11-23 07:11:53', '2020-11-23 12:52:25'),
(37, 'CLA7683052', 1, 14, 5, 4, 12, 15, '2020-11-23 07:11:19', '2020-11-23 12:38:31'),
(38, 'CLA0096037', 1, 13, 5, 4, 9, 13, '2020-11-23 08:11:17', '2020-11-23 12:53:05'),
(39, 'CLA4252863', 1, 13, 5, 4, 12, 14, '2020-11-23 08:11:14', '2020-11-23 12:52:08'),
(40, 'CLA0648285', 1, 13, 4, 3, 10, 13, '2020-11-23 08:11:17', '2020-11-23 12:48:18'),
(41, 'CLA7963932', 1, 13, 4, 5, 11, 13, '2020-11-23 08:11:51', '2020-11-23 12:49:54'),
(42, 'CLA8620334', 1, 13, 5, 4, 9, 13, '2020-11-23 08:11:59', '2020-11-23 12:52:43'),
(43, 'CLA4017181', 1, 12, 6, 4, 12, 14, '2020-11-23 09:11:05', '2020-11-23 12:55:07'),
(44, 'CLA3764864', 1, 12, 6, 4, 12, 14, '2020-11-23 10:11:11', '2020-11-23 12:56:36'),
(45, 'CLA0590057', 1, 12, 1, 3, 10, 13, '2020-11-23 10:11:46', '2020-11-23 12:57:51'),
(46, 'CLA9279476', 1, 12, 2, 4, 12, 13, '2020-11-23 10:11:10', '2020-11-23 13:00:27'),
(47, 'CLA6341203', 1, 12, 3, 5, 11, 13, '2020-11-23 11:11:19', '2020-11-23 13:03:38'),
(48, 'CLA6837114', 1, 11, 3, 6, 12, 15, '2020-11-23 11:11:49', '2020-11-24 05:56:29'),
(49, 'CLA0639603', 1, 11, 2, 4, 12, 15, '2020-11-23 11:11:01', '2020-11-24 05:59:38'),
(50, 'CLA5727422', 1, 11, 6, 4, 12, 15, '2020-11-23 12:11:33', '2020-11-24 06:48:47'),
(51, 'CLA2507217', 1, 11, 5, 4, 12, 15, '2020-11-23 12:11:50', '2020-11-24 07:07:57'),
(52, 'CLA4543048', 1, 11, 4, 4, 12, 15, '2020-11-23 12:11:09', '2020-11-24 07:11:58'),
(53, 'CLA1370936', 1, 10, 4, 4, 12, 15, '2020-11-23 12:11:24', '2020-11-24 07:16:08'),
(54, 'CLA7835936', 1, 10, 5, 3, 10, 13, '2020-11-23 12:11:42', '2020-11-24 08:13:12'),
(55, 'CLA4630066', 1, 10, 1, 4, 12, 15, '2020-11-23 12:11:46', '2020-11-24 08:42:33'),
(56, 'CLA7914692', 1, 10, 1, 5, 11, 13, '2020-11-23 12:11:43', '2020-11-24 08:46:31'),
(57, 'CLA5836557', 1, 10, 3, 4, 12, 15, '2020-11-23 12:11:28', '2020-11-24 08:52:45'),
(58, 'CLA2149366', 1, 9, 4, 6, 12, 16, '2020-11-23 13:11:40', '2020-11-24 08:55:52'),
(59, 'CLA9682908', 1, 9, 6, 4, 12, 15, '2020-11-23 13:11:16', '2020-11-24 09:01:19'),
(60, 'CLA0105799', 1, 9, 2, 3, 10, 13, '2020-11-23 13:11:33', '2020-11-24 09:38:55'),
(61, 'CLA4521685', 1, 9, 3, 4, 12, 15, '2020-11-23 13:11:23', '2020-11-24 09:41:21'),
(62, 'CLA8088430', 1, 9, 2, 4, 12, 15, '2020-11-23 13:11:17', '2020-11-24 09:42:22'),
(63, 'CLA6418380', 34, 5, 3, 1, 7, 13, '2020-11-24 08:11:06', '2020-11-24 08:11:06'),
(64, 'CLA9068558', 43, 14, 3, 4, 12, 14, '2020-11-24 09:11:55', '2020-11-24 09:42:50'),
(65, 'CLA4318564', 43, 14, 3, 2, 9, 13, '2020-11-24 11:11:03', '2020-11-23 23:36:37'),
(66, 'CLA2243581', 43, 14, 3, 2, 12, 13, '2020-11-24 12:11:06', '2020-11-23 23:36:22'),
(67, 'CLA6239772', 1, 14, 4, 4, 12, 15, '2020-11-24 11:11:17', '2020-11-24 10:06:43'),
(68, 'CLA5274392', 1, 12, 5, 4, 12, 15, '2020-11-24 11:11:43', '2020-11-24 10:14:43'),
(69, 'CLA9522444', 1, 12, 2, 4, 12, 15, '2020-11-24 11:11:07', '2020-11-24 10:20:56'),
(70, 'CLA3499087', 1, 12, 1, 4, 12, 15, '2020-11-24 11:11:49', '2020-11-24 10:30:59'),
(71, 'CLA1442779', 1, 12, 2, 3, 10, 13, '2020-11-24 11:11:24', '2020-11-24 10:40:49'),
(72, 'CLA6577968', 1, 13, 4, 5, 11, 13, '2020-11-24 11:11:54', '2020-11-24 11:03:55'),
(73, 'CLA9852628', 1, 13, 2, 3, 10, 13, '2020-11-24 12:11:36', '2020-11-24 11:30:19'),
(74, 'CLA9400722', 1, 10, 6, 6, 12, 16, '2020-11-24 12:11:49', '2020-11-24 11:32:49'),
(75, 'CLA2232941', 1, 6, 2, 0, 7, 13, '2020-11-25 14:11:52', '2020-11-25 14:11:52'),
(76, 'CLA5645835', 1, 6, 1, 0, 7, 13, '2020-11-25 14:11:24', '2020-11-25 14:11:24'),
(77, 'CLA6939143', 35, 6, 4, 0, 7, 13, '2020-11-25 15:11:36', '2020-11-25 15:11:36'),
(78, 'CLA3021315', 1, 14, 6, 0, 7, 13, '2020-11-25 16:11:00', '2020-11-25 16:11:00'),
(79, 'CLA7022992', 1, 3, 3, 0, 7, 13, '2020-11-26 07:11:57', '2020-11-26 07:11:57'),
(80, 'CLA1161469', 37, 15, 11, 2, 8, 13, '2020-11-26 08:11:33', '2020-11-27 23:41:53'),
(81, 'CLA4277072', 37, 8, 11, 1, 7, 13, '2020-11-26 09:11:03', '2020-11-26 09:11:03'),
(82, 'CLA8563656', 43, 14, 2, 2, 7, 13, '2020-11-26 12:11:21', '2020-12-10 11:54:14'),
(83, 'CLA4540174', 43, 14, 2, 2, 9, 13, '2020-11-26 13:11:59', '2020-12-10 17:07:49'),
(84, 'CLA8376121', 1, 15, 5, 0, 7, 13, '2020-11-27 01:41:27', '2020-11-27 01:41:27'),
(85, 'CLA0971740', 1, 14, 5, 0, 7, 13, '2020-11-27 23:41:46', '2020-11-27 23:41:46');

-- --------------------------------------------------------

--
-- Table structure for table `claim_additional_information`
--

CREATE TABLE `claim_additional_information` (
  `id` int(10) NOT NULL,
  `claim_id` int(10) NOT NULL,
  `service_start_date` date NOT NULL,
  `service_end_date` date NOT NULL,
  `service_place` varchar(255) NOT NULL,
  `emg` varchar(255) NOT NULL,
  `cpt_hcps` varchar(255) NOT NULL,
  `modifier` varchar(255) NOT NULL,
  `diagnosis_pointer` varchar(255) NOT NULL,
  `charges` float NOT NULL,
  `days` varchar(255) NOT NULL,
  `epsdt` varchar(255) NOT NULL,
  `fplan` varchar(255) NOT NULL,
  `id_qual` varchar(255) NOT NULL,
  `provider_id` varchar(255) NOT NULL,
  `cnpi` varchar(255) NOT NULL
) ENGINE=InnoDB DEFAULT CHARSET=utf8;

--
-- Dumping data for table `claim_additional_information`
--

INSERT INTO `claim_additional_information` (`id`, `claim_id`, `service_start_date`, `service_end_date`, `service_place`, `emg`, `cpt_hcps`, `modifier`, `diagnosis_pointer`, `charges`, `days`, `epsdt`, `fplan`, `id_qual`, `provider_id`, `cnpi`) VALUES
(1, 4, '2016-11-08', '2016-11-08', '30', 'N', 'C75848', '', 'ALFE', 567, '1.0', '', '', '', 'H7848393993', '7576737573'),
(2, 5, '2017-07-06', '2017-07-07', '54', 'N', 'G64757', '', 'ALEF', 878, '1.5', '', '', '', 'fkajkjf9878', '7563739594'),
(3, 6, '2017-11-09', '2017-11-11', '45', 'N', 'G84839', '', 'ABCD', 7817, '2.0', '', '', '', 'jkjafjaj899', '7474747474'),
(4, 80, '2016-01-13', '2016-01-14', '52', 'N', 'T83232', '', 'ABCD', 0, '2.0', '', 'q', '', 'N8492939321', '7393757383'),
(5, 8, '2018-08-03', '2018-08-04', '34', '', 't64093', '', 'BLCD', 76, '1.0', '', '', '', 'FJAFJAKJJFJ', '7184758825'),
(6, 8, '2018-10-02', '2018-09-03', '89', '', 'T64758', '', 'AECL', 847, '1.0', '', '', '', 'FJAJGKAJKGA', '6785728758'),
(7, 9, '2018-09-04', '2018-09-04', '78', 'Y', '759345', '', 'ACDE', 789, '1.0', '', '', '', 'JAFKFJAKJFF', '7398234567'),
(8, 10, '2018-09-06', '2018-09-06', '45', 'N', 'G64756', '', 'AECD', 67, '1.0', '', '', '', 'JAJGKJAJFJL', '7777777777'),
(9, 11, '2018-09-05', '2018-09-05', '45', 'Y', 'G74747', '', 'AEFD', 0, '1.0', '', '', '', 'fajkjakgjlj', '7777777777'),
(10, 12, '2018-11-02', '2018-11-02', '54', '', 'G64744', '', 'ABCD', 7583, '1.0', '', '', '', 'ajgkjalaffa', '8787878787'),
(11, 13, '2017-11-01', '2017-11-01', '56', '', 'j64646', '', 'ABCD', 782, '1.0', '', '', '56', 'ajkgjakjgla', '7878787878'),
(12, 14, '2019-08-02', '2019-08-02', '98', '', 'g77747', '', 'ABCD', 5892, '1.5', '', '', '', 'ajgajlgjrty', '7474747474'),
(13, 15, '2019-11-02', '2019-11-02', '42', '', 'g11111', '', 'abcd', 4214, '1.0', '', '', '', 'akjgkajgljk', '1111111111'),
(14, 16, '2020-11-22', '2020-11-22', '54', '', 'g12343', '', 'abcd', 2324, '1.0', '', '', '', 'jagjlajgla1', '7484828221'),
(15, 17, '2016-10-21', '2016-10-22', '32', '', 'grq441', '', 'ijkl', 822, '1.0', '', '', '', 'jgkajgalj12', '8383838383'),
(16, 17, '2016-10-20', '2016-10-21', '75', '', 'g48944', '', 'efgh', 472, '1.0', '', '', '', 'jfkajfjalj7', '7447474747'),
(17, 17, '2016-10-20', '2016-10-22', '64', '', 'c85894', '', 'abcd', 4244, '1.0', '', '', '', 'fjajflaljf1', '4444444444'),
(18, 18, '2018-09-06', '2018-09-06', '64', 'N', 'G47892', '', 'abcd', 7289, '1.0', '', '', '', 'ljakljla111', '7927494211'),
(19, 19, '2018-09-06', '2018-09-08', '54', '', 'T74824', '', 'abcd', 4829, '2.0', '', '', '', 'TE111111111', '9292929292'),
(20, 20, '2016-05-13', '2016-05-13', '78', '', 'w23421', '', 'abcd', 645, '1.0', '', '', '', 'Y6427872912', '3829473749'),
(21, 21, '2016-11-01', '2016-11-02', '11', 'Y', 'T48927', '', 'abcd', 7149, '2.0', '', '', '', 'T7338383838', '6583838332'),
(22, 22, '2018-11-08', '2018-11-09', '58', 'y', 'n59834', '', 'cdeb', 7592, '1.5', '', '', '', 'Y7472919191', '7494028583'),
(23, 30, '2017-11-22', '2017-11-22', '54', '', 'T29925', '', 'Abcd', 598, '1.0', '', '', '', 'Y2958208504', '7525904222'),
(24, 80, '2016-01-13', '2016-01-14', '52', 'N', 'T83232', '', 'ABCD', 0, '2.0', '', 't', '', 'N8492939321', '7393757383'),
(26, 84, '2020-11-10', '2020-11-11', '22', 'dd', 'ee', '34', 'ed', 23, 'erf', '', 'h', '', '12345678909', '1234567890'),
(27, 80, '2016-01-13', '2016-01-14', '52', 'N', 'T83232', '', 'ABCD', 0, '2.0', '', 'p', '', 'N8492939321', '7393757383'),
(54, 80, '2020-11-03', '2020-11-18', '22', 'dd', 'ee', '34', 'ed', 23, 'erf', '', 'r', '', '12345678909', '1234567890'),
(55, 85, '2020-11-11', '2020-11-27', '22', 'dd', 'dd', '34', 'ed', 23, 'erf', '', 'e', '', '12345678909', '1234567890');

-- --------------------------------------------------------

--
-- Table structure for table `claim_conversation`
--

CREATE TABLE `claim_conversation` (
  `id` int(10) NOT NULL,
  `claim_id` int(10) NOT NULL,
  `user_id` int(10) NOT NULL,
  `description` text NOT NULL,
  `create_date` datetime NOT NULL
) ENGINE=InnoDB DEFAULT CHARSET=utf8;

--
-- Dumping data for table `claim_conversation`
--

INSERT INTO `claim_conversation` (`id`, `claim_id`, `user_id`, `description`, `create_date`) VALUES
(1, 10, 1, '<p>Please send a scanned copy of the insurance card for more information</p>\n<p>&nbsp;</p>\n<p>Thanks,</p>\n<p>Super Admin</p>', '2020-11-24 07:42:31');

-- --------------------------------------------------------

--
-- Table structure for table `claim_conversation_files`
--

CREATE TABLE `claim_conversation_files` (
  `id` int(10) NOT NULL,
  `claim_conversation_id` int(10) NOT NULL,
  `file_name` varchar(255) NOT NULL,
  `create_date` datetime NOT NULL
) ENGINE=InnoDB DEFAULT CHARSET=utf8;

-- --------------------------------------------------------

--
-- Table structure for table `claim_diagnosis`
--

CREATE TABLE `claim_diagnosis` (
  `id` int(11) NOT NULL,
  `claim_id` int(11) NOT NULL,
  `diagnosis_a` varchar(10) DEFAULT NULL,
  `diagnosis_b` varchar(10) DEFAULT NULL,
  `diagnosis_c` varchar(10) DEFAULT NULL,
  `diagnosis_d` varchar(10) DEFAULT NULL,
  `diagnosis_e` varchar(10) DEFAULT NULL,
  `diagnosis_f` varchar(10) DEFAULT NULL,
  `diagnosis_g` varchar(10) DEFAULT NULL,
  `diagnosis_h` varchar(10) DEFAULT NULL,
  `diagnosis_i` varchar(10) DEFAULT NULL,
  `diagnosis_j` varchar(10) DEFAULT NULL,
  `diagnosis_k` varchar(10) DEFAULT NULL,
  `diagnosis_l` varchar(10) DEFAULT NULL
) ENGINE=InnoDB DEFAULT CHARSET=utf8;

--
-- Dumping data for table `claim_diagnosis`
--

INSERT INTO `claim_diagnosis` (`id`, `claim_id`, `diagnosis_a`, `diagnosis_b`, `diagnosis_c`, `diagnosis_d`, `diagnosis_e`, `diagnosis_f`, `diagnosis_g`, `diagnosis_h`, `diagnosis_i`, `diagnosis_j`, `diagnosis_k`, `diagnosis_l`) VALUES
(1, 1, 'We', '', '', '', '', '', '', '', '', '', '', ''),
(2, 2, '', '', '', '', '', '', '', '', '', '', '', ''),
(3, 3, '', '', '', '', '', '', '', '', '', '', '', ''),
(4, 4, 'A123', '', '', '', '', '', '', '', '', '', '', ''),
(5, 5, '0123', '', '', '', '', '', '', '', '', '', '', ''),
(6, 6, '0123', '0123', 'G748', 'Y7841', '', '', '', '', '', '', '', ''),
(7, 7, 'J645', '', '', '', '', '', '', '', '', '', '', ''),
(8, 8, 'T6475', 'C89985', '', '', '', '', '', '', '', '', '', ''),
(9, 9, 'y644', '', '', '', '', '', '', '', '', '', '', ''),
(10, 10, 'T546', '', '', '', '', '', '', '', '', '', '', ''),
(11, 11, 'a19', 'c885', '', '', '', '', '', '', '', '', '', ''),
(12, 12, 'A414', '', '', '', '', '', '', '', '', '', '', ''),
(13, 13, 'G674', '', '', '', '', '', '', '', '', '', '', ''),
(14, 14, 'A7995', '', '', '', '', '', '', '', '', '', '', ''),
(15, 15, 'Ajfkaj', 'akjaj', '', '', '', '', '', '', '', '', '', ''),
(16, 16, 'g131', '', '', '', '', '', '', '', '', '', '', ''),
(17, 17, 'H44242', 'Gj2428', 'g282', 'r88280', 'g8410', 'h802850', 'u02850', 'c28508', 's285280', 'j580820', 'j20850', 'i80580'),
(18, 18, 'G4742', '', '', '', '', '', '', '', '', '', '', ''),
(19, 19, 'G2875', '', '', '', '', '', '', '', '', '', '', ''),
(20, 20, 'Y48242', '', '', '', '', '', '', '', '', '', '', ''),
(21, 21, 'J645', '', '', '', '', '', '', '', '', '', '', ''),
(22, 22, '6524', '', '', '', '', '', '', '', '', '', '', ''),
(23, 23, '', '', '', '', '', '', '', '', '', '', '', ''),
(24, 24, '', '', '', '', '', '', '', '', '', '', '', ''),
(25, 25, '', '', '', '', '', '', '', '', '', '', '', ''),
(26, 26, '', '', '', '', '', '', '', '', '', '', '', ''),
(27, 27, '', '', '', '', '', '', '', '', '', '', '', ''),
(28, 28, '', '', '', '', '', '', '', '', '', '', '', ''),
(29, 29, '', '', '', '', '', '', '', '', '', '', '', ''),
(30, 30, 't2424', '', '', '', '', '', '', '', '', '', '', ''),
(31, 31, 'Y28928', '', '', '', '', '', '', '', '', '', '', ''),
(32, 32, '', '', '', '', '', '', '', '', '', '', '', ''),
(33, 33, '', '', '', '', '', '', '', '', '', '', '', ''),
(34, 34, 'EUR', '', '', '', '', '', '', '', '', '', '', ''),
(35, 35, '', '', '', '', '', '', '', '', '', '', '', ''),
(36, 36, '', '', '', '', '', '', '', '', '', '', '', ''),
(37, 37, '', '', '', '', '', '', '', '', '', '', '', ''),
(38, 38, '', '', '', '', '', '', '', '', '', '', '', ''),
(39, 39, '', '', '', '', '', '', '', '', '', '', '', ''),
(40, 40, '', '', '', '', '', '', '', '', '', '', '', ''),
(41, 41, '', '', '', '', '', '', '', '', '', '', '', ''),
(42, 42, '', '', '', '', '', '', '', '', '', '', '', ''),
(43, 43, '', '', '', '', '', '', '', '', '', '', '', ''),
(44, 44, '', '', '', '', '', '', '', '', '', '', '', ''),
(45, 45, '', '', '', '', '', '', '', '', '', '', '', ''),
(46, 46, '', '', '', '', '', '', '', '', '', '', '', ''),
(47, 47, '', '', '', '', '', '', '', '', '', '', '', ''),
(48, 48, '', '', '', '', '', '', '', '', '', '', '', ''),
(49, 49, '', '', '', '', '', '', '', '', '', '', '', ''),
(50, 50, '', '', '', '', '', '', '', '', '', '', '', ''),
(51, 51, '', '', '', '', '', '', '', '', '', '', '', ''),
(52, 52, '', '', '', '', '', '', '', '', '', '', '', ''),
(53, 53, '', '', '', '', '', '', '', '', '', '', '', ''),
(54, 54, '', '', '', '', '', '', '', '', '', '', '', ''),
(55, 55, '', '', '', '', '', '', '', '', '', '', '', ''),
(56, 56, '', '', '', '', '', '', '', '', '', '', '', ''),
(57, 57, '', '', '', '', '', '', '', '', '', '', '', ''),
(58, 58, '', '', '', '', '', '', '', '', '', '', '', ''),
(59, 59, '', '', '', '', '', '', '', '', '', '', '', ''),
(60, 60, '', '', '', '', '', '', '', '', '', '', '', ''),
(61, 61, 'UYH', '', '', '', '', '', '', '', '', '', '', ''),
(62, 62, '', '', '', '', '', '', '', '', '', '', '', ''),
(63, 63, 'H98429', '', '', '', '', '', '', '', '', '', '', ''),
(64, 64, 'G5982', '', '', '', '', '', '', '', '', '', '', ''),
(65, 65, 'O8224', '', '', '', '', '', '', '', '', '', '', ''),
(66, 66, 'U87827', '', '', '', '', '', '', '', '', '', '', ''),
(67, 67, '', '', '', '', '', '', '', '', '', '', '', ''),
(68, 68, '', '', '', '', '', '', '', '', '', '', '', ''),
(69, 69, '', '', '', '', '', '', '', '', '', '', '', ''),
(70, 70, '', '', '', '', '', '', '', '', '', '', '', ''),
(71, 71, '', '', '', '', '', '', '', '', '', '', '', ''),
(72, 72, '', '', '', '', '', '', '', '', '', '', '', ''),
(73, 73, '', '', '', '', '', '', '', '', '', '', '', ''),
(74, 74, '', '', '', '', '', '', '', '', '', '', '', ''),
(75, 78, '', '', '', '', '', '', '', '', '', '', '', ''),
(76, 79, '', '', '', '', '', '', '', '', '', '', '', ''),
(77, 80, 'A123', 'b525000', 'c525100', 'd545540', 'e522220', 'f524220', '', 'h545', 'i541', 'j542', 'k654', ''),
(78, 81, '', '', '', '', '', '', '', '', '', '', '', ''),
(79, 82, '', '', '', '', '', '', '', '', '', '', '', ''),
(80, 83, '', '', '', '', '', '', '', '', '', '', '', ''),
(81, 84, '', '', '', '', '', '', '', '', '', '', '', ''),
(82, 85, '', '', '', '', '', '', '', '', '', '', '', '');

-- --------------------------------------------------------

--
-- Table structure for table `claim_information`
--

CREATE TABLE `claim_information` (
  `id` int(10) NOT NULL,
  `claim_id` int(10) NOT NULL,
  `employment` varchar(255) NOT NULL,
  `auto_accident` varchar(255) NOT NULL,
  `other_accident` varchar(255) NOT NULL,
  `accident_location` varchar(255) NOT NULL,
  `claim_code` varchar(255) NOT NULL,
  `iqual` varchar(50) NOT NULL,
  `injury_date` varchar(255) NOT NULL,
  `oqual` varchar(50) NOT NULL,
  `qual_date` varchar(255) NOT NULL,
  `nonworking_start_date` varchar(50) DEFAULT NULL,
  `nonworking_end_date` varchar(50) DEFAULT NULL,
  `hospital_start_date` varchar(50) DEFAULT NULL,
  `hospital_end_date` varchar(50) DEFAULT NULL,
  `additional_claim_information` varchar(255) NOT NULL,
  `out_lab` varchar(255) NOT NULL,
  `total_charge` varchar(255) NOT NULL,
  `icd` varchar(255) NOT NULL,
  `icda` varchar(255) NOT NULL,
  `icdb` varchar(255) NOT NULL,
  `icdc` varchar(255) NOT NULL,
  `resubmission_code` varchar(255) NOT NULL,
  `original_reference_number` varchar(255) NOT NULL,
  `prior_aurthorization_number` varchar(255) NOT NULL
) ENGINE=InnoDB DEFAULT CHARSET=utf8;

--
-- Dumping data for table `claim_information`
--

INSERT INTO `claim_information` (`id`, `claim_id`, `employment`, `auto_accident`, `other_accident`, `accident_location`, `claim_code`, `iqual`, `injury_date`, `oqual`, `qual_date`, `nonworking_start_date`, `nonworking_end_date`, `hospital_start_date`, `hospital_end_date`, `additional_claim_information`, `out_lab`, `total_charge`, `icd`, `icda`, `icdb`, `icdc`, `resubmission_code`, `original_reference_number`, `prior_aurthorization_number`) VALUES
(1, 1, 'yes', 'yes', 'yes', '', '', 'dfg', '2020-11-11', '', '2017-01-01', '', '', '', '', '', 'yes', '', '44g', '', '', '', '', '', ''),
(2, 2, 'yes', 'yes', 'yes', '', '', 'dfg', '2020-01-01', '', '1970-01-01', '', '', '', '', '', 'yes', '', 'sdgfg', '', '', '', '', '', ''),
(3, 3, 'yes', 'yes', 'yes', '', '', '', '1970-01-01', '', '1970-01-01', '', '', '', '', '', 'yes', '', '', '', '', '', '', '', ''),
(4, 4, 'no', 'yes', 'no', 'AK', 'g5   c3', '434', '2016-11-15', '454', '2016-11-08', '', '', '', '', '', 'yes', '', '1', '', '', '', '', '', 'A148820'),
(5, 5, 'no', 'no', 'no', '', 'F2', '431', '2017-07-05', '', '1970-01-01', '2017-07-08', '2017-07-09', '', '', '', 'no', '', '0', '', '', '', 'ajajjkfla', '', ''),
(6, 6, 'yes', 'no', 'no', '', 'g5   c3', '434', '2017-11-03', '454', '2017-11-02', '', '', '', '', '', 'yes', '678', '0', '', '', '', '', '', ''),
(7, 7, 'no', 'no', 'no', '', '74   g7', '434', '2018-11-22', '', '1970-01-01', '', '', '', '', '', 'no', '', '0', '', '', '', '', '', ''),
(8, 8, 'no', 'no', 'no', '', 'kfjajf', '431', '2018-09-06', '', '1970-01-01', '', '', '', '', '', 'yes', '7589', '0', '', '', '', 'ahjghjhj', '', ''),
(9, 9, 'no', 'no', 'no', '', 'kj', '434', '2018-09-05', '', '1970-01-01', '', '', '', '', '', 'no', '', '1', '', '', '', '', '', ''),
(10, 10, 'yes', 'yes', 'yes', 'AL', 'akkajk', '431', '2018-09-06', '', '1970-01-01', '', '', '', '', '', 'yes', '', '0', '', '', '', '', '', ''),
(11, 11, 'yes', 'yes', 'yes', 'AL', '', '434', '2018-09-05', '', '1970-01-01', '', '', '', '', '', 'yes', '', '1', '', '', '', '', '', ''),
(12, 12, 'no', 'yes', 'no', 'AL', 'kjgakljglkjgl', '434', '2018-11-02', '', '1970-01-01', '', '', '', '', '', 'no', '', '0', '', '', '', '', '', ''),
(13, 13, 'yes', 'yes', 'yes', 'AL', 'h4   y5', '434', '2017-11-01', '', '1970-01-01', '', '', '', '', '', 'yes', '', '1', '', '', '', '', '', ''),
(14, 14, 'no', 'no', 'no', '', 'hkhkhk', '434', '2019-08-02', '', '1970-01-01', '', '', '', '', '', 'no', '', '0', '', '', '', '', '', ''),
(15, 15, 'no', 'yes', 'no', 'AL', 'g5   c3', '431', '2019-11-01', '', '1970-01-01', '', '', '', '', '', 'yes', '1411', '1', '', '', '', '', '', ''),
(16, 16, 'no', 'yes', 'yes', 'AL', 'F2', '434', '2020-11-22', '', '1970-01-01', '', '', '', '', '', 'yes', '', '1', '', '', '', '', '', ''),
(17, 17, 'yes', 'yes', 'yes', '', '74   g7', '431', '2016-10-20', '', '1970-01-01', '', '', '', '', '', 'yes', '', '1', '', '', '', '', '', ''),
(18, 18, 'no', 'yes', 'yes', 'CA', 't6   h7', '431', '2018-09-06', '', '1970-01-01', '', '', '', '', '', 'no', '', '1', '', '', '', '', '', ''),
(19, 19, 'no', 'no', 'no', '', '', '434', '2018-09-06', '', '1970-01-01', '', '', '', '', '', 'no', '', '1', '', '', '', '', '', ''),
(20, 20, 'no', 'no', 'no', '', 'Y7492984984', '431', '2016-05-13', '', '1970-01-01', '', '', '', '', '', 'no', '', '1', '', '', '', '', '', ''),
(21, 21, 'no', 'no', 'no', '', 'u4   i6', '431', '2016-11-01', '', '1970-01-01', '', '', '', '', '', 'no', '', '1', '', '', '', '', '', ''),
(22, 22, 'no', 'no', 'no', '', 'Q4878978952', '434', '2018-11-08', '', '1970-01-01', '', '', '', '', '', 'no', '', '1', '', '', '', '', '', ''),
(23, 23, 'yes', 'yes', 'yes', '', '', '', '1970-01-01', '', '1970-01-01', '', '', '', '', '', 'yes', '', '', '', '', '', '', '', ''),
(24, 24, 'yes', 'yes', 'yes', '', '', '', '1970-01-01', '', '1970-01-01', '', '', '', '', '', 'yes', '', '', '', '', '', '', '', ''),
(25, 25, 'yes', 'yes', 'yes', '', '', '', '1970-01-01', '', '1970-01-01', '', '', '', '', '', 'yes', '', '', '', '', '', '', '', ''),
(26, 26, 'yes', 'yes', 'yes', '', '', '', '1970-01-01', '', '1970-01-01', '', '', '', '', '', 'yes', '', '', '', '', '', '', '', ''),
(27, 27, 'yes', 'yes', 'yes', '', '', '', '1970-01-01', '', '1970-01-01', '', '', '', '', '', 'yes', '', '', '', '', '', '', '', ''),
(28, 28, 'yes', 'yes', 'yes', '', '', '', '1970-01-01', '', '1970-01-01', '', '', '', '', '', 'yes', '', '', '', '', '', '', '', ''),
(29, 29, 'yes', 'yes', 'yes', '', '', '', '1970-01-01', '', '1970-01-01', '', '', '', '', '', 'yes', '', '', '', '', '', '', '', ''),
(30, 30, 'no', 'no', 'no', '', 'T5 22', '434', '2017-11-22', '', '1970-01-01', '', '', '', '', '', 'no', '', '1', '', '', '', '', '', ''),
(31, 31, 'no', 'no', 'no', '', 'O78252929288', '434', '2017-04-06', '', '1970-01-01', '', '', '', '', '', 'no', '', '1', '', '', '', '', '', ''),
(32, 32, 'no', 'no', 'no', '', 'g5   c3', '434', '2017-08-03', '', '1970-01-01', '', '', '', '', '', 'no', '', '1', '', '', '', '', '', ''),
(33, 33, 'yes', 'yes', 'yes', 'AK', '435345', '342', '2020-10-22', '', '1970-01-01', '2020-10-22', '2020-10-31', '', '', '', 'yes', '', '456', '', '', '', '43534545', '45345345', '76578567'),
(34, 34, 'yes', 'yes', 'no', 'CA', '', '008', '2016-08-17', '', '1970-01-01', '2016-08-17', '2016-08-26', '', '', '', 'yes', '300', '45', '', '', '', '', '', ''),
(35, 35, 'yes', 'yes', 'yes', 'TX', '', '112', '2016-11-09', '', '1970-01-01', '2016-11-09', '2016-11-16', '', '', '', 'yes', '120', '12', '', '', '', '', '', ''),
(36, 36, 'yes', 'yes', 'no', 'OH', '', '121', '2016-11-25', '', '1970-01-01', '2016-11-25', '2016-12-07', '', '', '', 'yes', '220', '13', '', '', '', '', '', ''),
(37, 37, 'yes', 'yes', 'no', 'OH', '', '455', '2016-02-04', '', '1970-01-01', '2016-02-04', '2016-02-18', '', '', '', 'yes', '220', '98', '', '', '', '', '', ''),
(38, 38, 'yes', 'yes', 'no', 'TX', '', '788', '2016-02-10', '', '1970-01-01', '2016-02-10', '2016-02-27', '', '', '', 'yes', '110', '453', '', '', '', '', '', ''),
(39, 39, 'yes', 'yes', 'no', 'DC', '', '666', '2016-03-15', '', '1970-01-01', '2016-03-15', '2016-03-24', '', '', '', 'no', '', '11', '', '', '', '', '', ''),
(40, 40, 'yes', 'yes', 'no', 'TX', '', '342', '2016-04-22', '', '1970-01-01', '2016-04-22', '1970-01-01', '', '', '', 'yes', '330', '123', '', '', '', '', '', ''),
(41, 41, 'yes', 'yes', 'no', 'NC', '', '111', '2016-04-13', '', '1970-01-01', '2016-04-13', '2016-04-28', '', '', '', 'yes', '340', '423', '', '', '', '', '', ''),
(42, 42, 'yes', 'yes', 'no', 'AR', '', '654', '2016-07-13', '', '1970-01-01', '2016-07-13', '2016-07-29', '', '', '', 'yes', '300', '232', '', '', '', '', '', ''),
(43, 43, 'yes', 'yes', 'no', 'WA', '', '45', '2016-07-15', '', '1970-01-01', '2016-07-15', '2016-07-29', '', '', '', 'yes', '200', '293', '', '', '', '', '', ''),
(44, 44, 'yes', 'yes', 'yes', 'CO', '', '223', '2006-08-23', '', '1970-01-01', '2006-08-23', '2006-08-31', '', '', '', 'yes', '230', '456', '', '', '', '', '', ''),
(45, 45, 'yes', 'yes', 'yes', 'TX', '', '232', '2018-07-11', '', '1970-01-01', '2018-07-11', '2018-07-20', '', '', '', 'yes', '220', '109', '', '', '', '', '', ''),
(46, 46, 'yes', 'yes', 'no', 'TX', '', '567', '2017-08-16', '', '1970-01-01', '2017-08-16', '2017-08-31', '', '', '', 'yes', '230', '324', '', '', '', '', '', ''),
(47, 47, 'yes', 'yes', 'no', 'CA', '', '899', '2017-08-17', '', '1970-01-01', '2017-08-17', '2017-08-31', '', '', '', 'no', '', '432', '', '', '', '', '', ''),
(48, 48, 'yes', 'yes', 'no', 'OH', '', '675', '2017-08-16', '', '1970-01-01', '2017-08-16', '2017-08-24', '', '', '', 'no', '', '325', '', '', '', '', '', ''),
(49, 49, 'yes', 'yes', 'no', 'NY', '', '112', '2017-07-19', '', '1970-01-01', '2017-07-19', '2017-07-29', '', '', '', 'yes', '300', '213', '', '', '', '', '', ''),
(50, 50, 'yes', 'yes', 'no', 'NY', '', '112', '2017-11-16', '', '1970-01-01', '2017-11-16', '2017-11-25', '', '', '', 'no', '', '342', '', '', '', '', '', ''),
(51, 51, 'yes', 'yes', 'no', 'TX', '', '231', '2017-08-16', '', '1970-01-01', '2017-08-16', '2017-08-24', '', '', '', 'no', '', '2323', '', '', '', '', '', ''),
(52, 52, 'yes', 'yes', 'no', 'CA', '', '234', '2017-09-21', '', '1970-01-01', '2017-09-21', '2017-09-29', '', '', '', 'yes', '300', '234', '', '', '', '', '', ''),
(53, 53, 'yes', 'yes', 'no', 'NY', '', '112', '2018-11-08', '', '1970-01-01', '2018-11-08', '2018-11-16', '', '', '', 'yes', '', '4234', '', '', '', '', '', ''),
(54, 54, 'yes', 'yes', 'no', 'CA', '', '788', '2018-04-17', '', '1970-01-01', '2018-04-17', '2018-04-30', '', '', '', 'yes', '110', '3123', '', '', '', '', '', ''),
(55, 55, 'yes', 'yes', 'no', 'WA', '', '342', '2018-07-09', '', '1970-01-01', '2018-07-09', '2018-07-19', '', '', '', 'no', '', '234', '', '', '', '', '', ''),
(56, 56, 'yes', 'yes', 'no', 'CA', '', '112', '2018-10-03', '', '1970-01-01', '2018-10-03', '2018-10-12', '', '', '', 'no', '', '2312', '', '', '', '', '', ''),
(57, 57, 'yes', 'yes', 'no', 'TX', '', '342', '2018-11-11', '', '1970-01-01', '2018-12-10', '2018-12-20', '', '', '', 'yes', '454', '564', '', '', '', '', '', ''),
(58, 58, 'yes', 'yes', 'no', 'TX', '', '232', '2019-02-06', '', '1970-01-01', '2019-02-06', '2019-02-15', '', '', '', 'yes', '300', '3124', '', '', '', '', '', ''),
(59, 59, 'yes', 'yes', 'no', 'TX', '', '788', '2019-03-13', '', '1970-01-01', '2019-03-13', '2019-03-22', '', '', '', 'no', '', '213', '', '', '', '', '', ''),
(60, 60, 'yes', 'yes', 'no', 'TX', '', '112', '2019-08-15', '', '1970-01-01', '2019-08-15', '2019-08-23', '', '', '', 'yes', '220', '3213', '', '', '', '', '', ''),
(61, 61, 'yes', 'yes', 'no', 'NY', '', '112', '2019-09-18', '', '1970-01-01', '2019-09-18', '2019-09-26', '', '', '', 'no', '', '3423', '', '', '', '', '', ''),
(62, 62, 'yes', 'yes', 'no', 'TX', '', '788', '2019-09-04', '', '1970-01-01', '2019-09-04', '2019-09-13', '', '', '', 'yes', '220', '34', '', '', '', '', '', ''),
(63, 63, 'no', 'no', 'no', '', 'g5   c3', '434', '2016-01-14', '', '1970-01-01', '', '', '', '', '', 'no', '', '1', '', '', '', '', '', ''),
(64, 64, 'yes', 'no', 'yes', '', 'u6   o2', '434', '2016-05-12', '', '1970-01-01', '', '', '', '', '', 'yes', '', '1', '', '', '', '', '', ''),
(65, 65, 'no', 'no', 'no', '', 'g5   c3', '431', '2016-05-19', '', '1970-01-01', '', '', '', '', '', 'yes', '782', '1', '', '', '', '', '', ''),
(66, 66, 'yes', 'yes', 'yes', '', 'g5   c3', '434', '2016-08-04', '', '1970-01-01', '', '', '', '', '', 'yes', '', '1', '', '', '', '', '', ''),
(67, 67, 'yes', 'yes', 'no', 'TX', '', '342', '2020-09-16', '', '1970-01-01', '2020-09-16', '2020-09-30', '', '', '', 'yes', '230', '324', '', '', '', '', '', ''),
(68, 68, 'yes', 'yes', 'no', 'NC', '', '788', '2020-09-02', '', '1970-01-01', '2020-09-02', '2020-09-18', '', '', '', 'yes', '110', '3124', '', '', '', '', '', ''),
(69, 69, 'yes', 'yes', 'no', 'CA', '', '112', '2020-10-14', '', '1970-01-01', '2020-10-14', '2020-10-22', '', '', '', 'no', '', '3432', '', '', '', '', '', ''),
(70, 70, 'yes', 'yes', 'no', 'NY', '', '342', '2020-10-21', '', '1970-01-01', '2020-10-21', '2020-10-30', '', '', '', 'yes', '300', '32', '', '', '', '', '', ''),
(71, 71, 'yes', 'yes', 'no', 'CA', '', '112', '2020-10-15', '', '1970-01-01', '2020-10-15', '2020-10-24', '', '', '', 'yes', '110', '855', '', '', '', '', '', ''),
(72, 72, 'yes', 'yes', 'no', 'MA', '', '232', '2020-10-07', '', '1970-01-01', '2020-10-07', '2020-10-15', '', '', '', 'yes', '90', '01', '', '', '', '', '', ''),
(73, 73, 'yes', 'yes', 'no', 'TX', '', '232', '2020-10-23', '', '1970-01-01', '2020-10-23', '2020-10-29', '', '', '', 'no', '', '542', '', '', '', '', '', ''),
(74, 74, 'yes', 'yes', 'no', 'NV', '', '788', '2020-11-03', '', '1970-01-01', '2020-11-03', '2020-11-11', '', '', '', 'yes', '220', '43', '', '', '', '', '', ''),
(75, 78, 'yes', 'yes', 'yes', '', '', '', '1970-01-01', '', '1970-01-01', '', '', '', '', '', 'yes', '', '', '', '', '', '', '', ''),
(76, 79, 'yes', 'yes', 'yes', '', '', '', '1970-01-01', '', '1970-01-01', '', '', '', '', '', 'yes', '', '', '', '', '', '', '', ''),
(77, 80, 'yes', 'yes', 'yes', 'AL', 'g5   c3', '434', '2020-09-10', '454', '2020-09-21', '2020-09-10', '2020-09-22', '2020-09-11', '2020-09-21', 'AdditionalClaimInfo', 'yes', '55', '1', '', '', '', 'abc123', 'originalinfo123456', 'priorauthor12345'),
(78, 81, 'no', 'no', 'no', '', 'g5   c3', '434', '2020-09-18', '', '1970-01-01', '', '', '', '', '', 'no', '', '1', '', '', '', '', '', ''),
(79, 82, 'no', 'no', 'no', '', 'kfjajf', '434', '2019-10-02', '454', '1970-01-01', '', '', '', '', '', 'no', '', '1', '', '', '', '', '', ''),
(80, 83, 'no', 'no', 'no', '', 'g5   c3', '434', '2020-09-11', '', '1970-01-01', '', '', '', '', '', 'no', '', '1', '', '', '', '', '', ''),
(81, 84, 'yes', 'yes', 'yes', '', '', '', '1970-01-01', '', '1970-01-01', '', '', '', '', '', 'yes', '', '', '', '', '', '', '', ''),
(82, 85, 'yes', 'yes', 'yes', '', '', '', '1970-01-01', '', '1970-01-01', '', '', '', '', '', 'yes', '', '', '', '', '', '', '', '');

-- --------------------------------------------------------

--
-- Table structure for table `claim_status`
--

CREATE TABLE `claim_status` (
  `claim_status_id` int(11) NOT NULL,
  `claim_status_group` int(5) NOT NULL,
  `claim_status_name` varchar(255) NOT NULL,
  `status_type` varchar(255) NOT NULL
) ENGINE=InnoDB DEFAULT CHARSET=utf8;

--
-- Dumping data for table `claim_status`
--

INSERT INTO `claim_status` (`claim_status_id`, `claim_status_group`, `claim_status_name`, `status_type`) VALUES
(0, 1, 'Draft', 'bg-danger'),
(1, 1, 'Ready to Submit', 'bg-dark'),
(2, 1, 'Processing', 'bg-primary'),
(3, 1, 'Rejected', 'bg-success'),
(4, 1, 'Approved', 'bg-warning'),
(5, 1, 'Denied', 'bg-info'),
(6, 1, 'Closed', 'bg-dark'),
(7, 2, 'New', 'bg-success'),
(8, 2, 'Report Generated', 'bg-success'),
(9, 2, 'Submitted', 'bg-danger'),
(10, 2, 'Rejected', 'bg-success'),
(11, 2, 'Denied', 'bg-success'),
(12, 2, 'Approved', 'bg-danger'),
(13, 3, 'Not Received', 'bg-primary'),
(14, 3, 'Received', 'bg-success'),
(15, 3, 'Sent', 'bg-primary'),
(16, 3, 'Closed', 'bg-danger');

-- --------------------------------------------------------

--
-- Table structure for table `claim_status_group`
--

CREATE TABLE `claim_status_group` (
  `id` int(5) NOT NULL,
  `name` varchar(50) NOT NULL
) ENGINE=InnoDB DEFAULT CHARSET=utf8;

--
-- Dumping data for table `claim_status_group`
--

INSERT INTO `claim_status_group` (`id`, `name`) VALUES
(1, 'claim_status'),
(2, 'transactional_status'),
(3, 'payment_status');

-- --------------------------------------------------------

--
-- Table structure for table `claim_status_history`
--

CREATE TABLE `claim_status_history` (
  `id` int(5) NOT NULL,
  `claim_id` int(5) NOT NULL,
  `status_group` int(5) NOT NULL,
  `status_name` varchar(255) NOT NULL,
  `status_description` text NOT NULL,
  `create_date` datetime NOT NULL DEFAULT CURRENT_TIMESTAMP
) ENGINE=InnoDB DEFAULT CHARSET=utf8;

--
-- Dumping data for table `claim_status_history`
--

INSERT INTO `claim_status_history` (`id`, `claim_id`, `status_group`, `status_name`, `status_description`, `create_date`) VALUES
(1, 1, 1, '0', '', '2020-11-20 08:33:19'),
(2, 1, 2, '6', '', '2020-11-20 08:33:19'),
(3, 1, 3, '12', '', '2020-11-20 08:33:19'),
(4, 1, 0, '2', '', '2020-11-20 08:46:28'),
(5, 2, 1, '0', '', '2020-11-20 08:49:27'),
(6, 2, 2, '6', '', '2020-11-20 08:49:27'),
(7, 2, 3, '12', '', '2020-11-20 08:49:27'),
(8, 2, 0, '2', '', '2020-11-20 09:03:28'),
(9, 3, 1, '0', '', '2020-11-20 10:20:53'),
(10, 3, 2, '6', '', '2020-11-20 10:20:53'),
(11, 3, 3, '12', '', '2020-11-20 10:20:53'),
(12, 1, 2, '10', 'g dfgdfgdfg', '2020-11-20 10:46:31'),
(13, 4, 1, '1', '', '2020-11-22 19:24:51'),
(14, 4, 2, '6', '', '2020-11-22 19:24:51'),
(15, 4, 3, '12', '', '2020-11-22 19:24:51'),
(16, 4, 0, '2', '', '2020-11-22 19:25:01'),
(17, 5, 1, '1', '', '2020-11-22 19:45:12'),
(18, 5, 2, '6', '', '2020-11-22 19:45:12'),
(19, 5, 3, '12', '', '2020-11-22 19:45:12'),
(20, 5, 0, '2', '', '2020-11-22 19:45:17'),
(21, 5, 0, '2', '', '2020-11-22 19:45:30'),
(22, 6, 1, '1', '', '2020-11-22 20:14:18'),
(23, 6, 2, '6', '', '2020-11-22 20:14:18'),
(24, 6, 3, '12', '', '2020-11-22 20:14:18'),
(25, 6, 0, '2', '', '2020-11-22 20:14:30'),
(26, 7, 1, '1', '', '2020-11-22 20:41:59'),
(27, 7, 2, '6', '', '2020-11-22 20:41:59'),
(28, 7, 3, '12', '', '2020-11-22 20:41:59'),
(29, 7, 0, '2', '', '2020-11-22 20:42:10'),
(30, 8, 1, '1', '', '2020-11-22 20:57:22'),
(31, 8, 2, '6', '', '2020-11-22 20:57:22'),
(32, 8, 3, '12', '', '2020-11-22 20:57:22'),
(33, 8, 0, '2', '', '2020-11-22 20:58:03'),
(34, 9, 1, '1', '', '2020-11-22 21:08:08'),
(35, 9, 2, '6', '', '2020-11-22 21:08:08'),
(36, 9, 3, '12', '', '2020-11-22 21:08:08'),
(37, 9, 0, '2', '', '2020-11-22 21:08:59'),
(38, 10, 1, '1', '', '2020-11-22 21:14:53'),
(39, 10, 2, '6', '', '2020-11-22 21:14:53'),
(40, 10, 3, '12', '', '2020-11-22 21:14:53'),
(41, 10, 0, '2', '', '2020-11-22 21:15:01'),
(42, 11, 1, '1', '', '2020-11-22 21:22:19'),
(43, 11, 2, '6', '', '2020-11-22 21:22:19'),
(44, 11, 3, '12', '', '2020-11-22 21:22:19'),
(45, 11, 0, '2', '', '2020-11-22 21:23:24'),
(46, 12, 1, '1', '', '2020-11-22 21:40:52'),
(47, 12, 2, '6', '', '2020-11-22 21:40:52'),
(48, 12, 3, '12', '', '2020-11-22 21:40:52'),
(49, 12, 0, '2', '', '2020-11-22 21:41:03'),
(50, 13, 1, '1', '', '2020-11-22 21:47:09'),
(51, 13, 2, '6', '', '2020-11-22 21:47:09'),
(52, 13, 3, '12', '', '2020-11-22 21:47:09'),
(53, 13, 0, '2', '', '2020-11-22 21:47:42'),
(54, 14, 1, '1', '', '2020-11-22 21:58:59'),
(55, 14, 2, '6', '', '2020-11-22 21:58:59'),
(56, 14, 3, '12', '', '2020-11-22 21:58:59'),
(57, 14, 0, '2', '', '2020-11-22 21:59:30'),
(58, 15, 1, '1', '', '2020-11-22 22:38:24'),
(59, 15, 2, '6', '', '2020-11-22 22:38:25'),
(60, 15, 3, '12', '', '2020-11-22 22:38:25'),
(61, 15, 0, '2', '', '2020-11-22 22:38:33'),
(62, 16, 1, '1', '', '2020-11-22 22:42:52'),
(63, 16, 2, '6', '', '2020-11-22 22:42:52'),
(64, 16, 3, '12', '', '2020-11-22 22:42:52'),
(65, 17, 1, '1', '', '2020-11-22 22:51:44'),
(66, 17, 2, '6', '', '2020-11-22 22:51:44'),
(67, 17, 3, '12', '', '2020-11-22 22:51:44'),
(68, 17, 0, '2', '', '2020-11-22 22:51:52'),
(69, 16, 0, '2', '', '2020-11-22 22:51:55'),
(70, 18, 1, '1', '', '2020-11-22 23:00:22'),
(71, 18, 2, '6', '', '2020-11-22 23:00:22'),
(72, 18, 3, '12', '', '2020-11-22 23:00:22'),
(73, 18, 0, '2', '', '2020-11-22 23:00:28'),
(74, 19, 1, '1', '', '2020-11-22 23:07:14'),
(75, 19, 2, '6', '', '2020-11-22 23:07:14'),
(76, 19, 3, '12', '', '2020-11-22 23:07:14'),
(77, 19, 0, '2', '', '2020-11-22 23:07:19'),
(78, 19, 0, '2', '', '2020-11-22 23:07:24'),
(79, 20, 1, '1', '', '2020-11-22 23:13:39'),
(80, 20, 2, '6', '', '2020-11-22 23:13:39'),
(81, 20, 3, '12', '', '2020-11-22 23:13:39'),
(82, 20, 0, '2', '', '2020-11-22 23:13:45'),
(83, 20, 0, '2', '', '2020-11-22 23:13:49'),
(84, 21, 1, '1', '', '2020-11-22 23:21:55'),
(85, 21, 2, '6', '', '2020-11-22 23:21:55'),
(86, 21, 3, '12', '', '2020-11-22 23:21:55'),
(87, 21, 0, '2', '', '2020-11-22 23:22:02'),
(88, 22, 1, '1', '', '2020-11-22 23:29:18'),
(89, 22, 2, '6', '', '2020-11-22 23:29:18'),
(90, 22, 3, '12', '', '2020-11-22 23:29:18'),
(91, 22, 0, '2', '', '2020-11-22 23:29:25'),
(92, 23, 1, '0', '', '2020-11-22 23:30:25'),
(93, 23, 2, '6', '', '2020-11-22 23:30:25'),
(94, 23, 3, '12', '', '2020-11-22 23:30:25'),
(95, 24, 1, '0', '', '2020-11-22 23:31:59'),
(96, 24, 2, '6', '', '2020-11-22 23:31:59'),
(97, 24, 3, '12', '', '2020-11-22 23:31:59'),
(98, 25, 1, '0', '', '2020-11-22 23:32:48'),
(99, 25, 2, '6', '', '2020-11-22 23:32:48'),
(100, 25, 3, '12', '', '2020-11-22 23:32:49'),
(101, 26, 1, '0', '', '2020-11-22 23:33:45'),
(102, 26, 2, '6', '', '2020-11-22 23:33:45'),
(103, 26, 3, '12', '', '2020-11-22 23:33:45'),
(104, 27, 1, '0', '', '2020-11-22 23:34:34'),
(105, 27, 2, '6', '', '2020-11-22 23:34:34'),
(106, 27, 3, '12', '', '2020-11-22 23:34:34'),
(107, 28, 1, '0', '', '2020-11-22 23:35:22'),
(108, 28, 2, '6', '', '2020-11-22 23:35:22'),
(109, 28, 3, '12', '', '2020-11-22 23:35:22'),
(110, 29, 1, '0', '', '2020-11-22 23:36:19'),
(111, 29, 2, '6', '', '2020-11-22 23:36:19'),
(112, 29, 3, '12', '', '2020-11-22 23:36:19'),
(113, 30, 1, '1', '', '2020-11-22 23:42:18'),
(114, 30, 2, '6', '', '2020-11-22 23:42:19'),
(115, 30, 3, '12', '', '2020-11-22 23:42:19'),
(116, 30, 0, '2', '', '2020-11-22 23:42:27'),
(117, 31, 1, '1', '', '2020-11-22 23:45:48'),
(118, 31, 2, '6', '', '2020-11-22 23:45:48'),
(119, 31, 3, '12', '', '2020-11-22 23:45:48'),
(120, 31, 0, '2', '', '2020-11-22 23:45:54'),
(121, 31, 0, '2', '', '2020-11-22 23:45:58'),
(122, 32, 1, '1', '', '2020-11-22 23:49:27'),
(123, 32, 2, '6', '', '2020-11-22 23:49:27'),
(124, 32, 3, '12', '', '2020-11-22 23:49:28'),
(125, 32, 0, '2', '', '2020-11-22 23:49:34'),
(126, 32, 0, '2', '', '2020-11-22 23:49:40'),
(127, 32, 2, '8', 'Generated Report', '2020-11-22 23:52:04'),
(128, 31, 2, '9', 'Submitted to the payor', '2020-11-22 23:52:57'),
(129, 31, 2, '7', 'New claim', '2020-11-22 23:53:39'),
(130, 30, 2, '9', 'Submitted to the payor', '2020-11-22 23:54:29'),
(131, 21, 2, '10', 'Need additional documents', '2020-11-22 23:56:35'),
(132, 22, 2, '9', 'submitted', '2020-11-22 23:57:32'),
(133, 22, 2, '12', 'approved', '2020-11-22 23:57:48'),
(134, 22, 3, '14', 'Received claim amount\r\n', '2020-11-22 23:58:15'),
(135, 20, 2, '11', 'denied', '2020-11-22 23:58:52'),
(136, 19, 2, '12', 'approved', '2020-11-22 23:59:33'),
(137, 19, 3, '15', 'payment sent', '2020-11-22 23:59:49'),
(138, 18, 2, '12', 'approved', '2020-11-23 00:00:24'),
(139, 18, 3, '15', 'payment sent to the pharmacy', '2020-11-23 00:00:51'),
(140, 18, 1, '6', 'closed', '2020-11-23 00:01:08'),
(141, 18, 3, '16', 'closed', '2020-11-23 00:01:23'),
(142, 17, 2, '9', 'submitted', '2020-11-23 00:02:05'),
(143, 15, 2, '12', 'approved', '2020-11-23 00:02:37'),
(144, 14, 2, '12', 'approved', '2020-11-23 00:03:18'),
(145, 33, 1, '2', '', '2020-11-23 01:21:14'),
(146, 33, 2, '6', '', '2020-11-23 01:21:15'),
(147, 33, 3, '12', '', '2020-11-23 01:21:15'),
(148, 34, 1, '2', '', '2020-11-23 01:36:00'),
(149, 34, 2, '6', '', '2020-11-23 01:36:01'),
(150, 34, 3, '12', '', '2020-11-23 01:36:01'),
(151, 35, 1, '2', '', '2020-11-23 01:46:06'),
(152, 35, 2, '6', '', '2020-11-23 01:46:06'),
(153, 35, 3, '12', '', '2020-11-23 01:46:06'),
(154, 36, 1, '2', '', '2020-11-23 01:51:53'),
(155, 36, 2, '6', '', '2020-11-23 01:51:54'),
(156, 36, 3, '12', '', '2020-11-23 01:51:54'),
(157, 37, 1, '2', '', '2020-11-23 01:56:19'),
(158, 37, 2, '6', '', '2020-11-23 01:56:19'),
(159, 37, 3, '12', '', '2020-11-23 01:56:19'),
(160, 38, 1, '2', '', '2020-11-23 02:05:17'),
(161, 38, 2, '6', '', '2020-11-23 02:05:17'),
(162, 38, 3, '12', '', '2020-11-23 02:05:17'),
(163, 39, 1, '2', '', '2020-11-23 02:12:14'),
(164, 39, 2, '6', '', '2020-11-23 02:12:14'),
(165, 39, 3, '12', '', '2020-11-23 02:12:14'),
(166, 40, 1, '2', '', '2020-11-23 02:23:17'),
(167, 40, 2, '6', '', '2020-11-23 02:23:17'),
(168, 40, 3, '12', '', '2020-11-23 02:23:17'),
(169, 41, 1, '2', '', '2020-11-23 02:29:51'),
(170, 41, 2, '6', '', '2020-11-23 02:29:51'),
(171, 41, 3, '12', '', '2020-11-23 02:29:51'),
(172, 42, 1, '2', '', '2020-11-23 02:37:59'),
(173, 42, 2, '6', '', '2020-11-23 02:37:59'),
(174, 42, 3, '12', '', '2020-11-23 02:37:59'),
(175, 43, 1, '2', '', '2020-11-23 03:00:05'),
(176, 43, 2, '6', '', '2020-11-23 03:00:05'),
(177, 43, 3, '12', '', '2020-11-23 03:00:05'),
(178, 44, 1, '2', '', '2020-11-23 04:24:11'),
(179, 44, 2, '6', '', '2020-11-23 04:24:11'),
(180, 44, 3, '12', '', '2020-11-23 04:24:11'),
(181, 45, 1, '2', '', '2020-11-23 04:40:47'),
(182, 45, 2, '6', '', '2020-11-23 04:40:47'),
(183, 45, 3, '12', '', '2020-11-23 04:40:47'),
(184, 46, 1, '2', '', '2020-11-23 04:47:11'),
(185, 46, 2, '6', '', '2020-11-23 04:47:11'),
(186, 46, 3, '12', '', '2020-11-23 04:47:11'),
(187, 47, 1, '2', '', '2020-11-23 05:10:19'),
(188, 47, 2, '6', '', '2020-11-23 05:10:19'),
(189, 47, 3, '12', '', '2020-11-23 05:10:19'),
(190, 48, 1, '2', '', '2020-11-23 05:49:49'),
(191, 48, 2, '6', '', '2020-11-23 05:49:49'),
(192, 48, 3, '12', '', '2020-11-23 05:49:49'),
(193, 49, 1, '2', '', '2020-11-23 05:59:01'),
(194, 49, 2, '6', '', '2020-11-23 05:59:01'),
(195, 49, 3, '12', '', '2020-11-23 05:59:01'),
(196, 50, 1, '2', '', '2020-11-23 06:03:34'),
(197, 50, 2, '6', '', '2020-11-23 06:03:34'),
(198, 50, 3, '12', '', '2020-11-23 06:03:34'),
(199, 51, 1, '2', '', '2020-11-23 06:19:50'),
(200, 51, 2, '6', '', '2020-11-23 06:19:50'),
(201, 51, 3, '12', '', '2020-11-23 06:19:50'),
(202, 52, 1, '2', '', '2020-11-23 06:28:10'),
(203, 52, 2, '6', '', '2020-11-23 06:28:10'),
(204, 52, 3, '12', '', '2020-11-23 06:28:10'),
(205, 53, 1, '2', '', '2020-11-23 06:32:24'),
(206, 53, 2, '6', '', '2020-11-23 06:32:24'),
(207, 53, 3, '12', '', '2020-11-23 06:32:24'),
(208, 54, 1, '2', '', '2020-11-23 06:36:42'),
(209, 54, 2, '6', '', '2020-11-23 06:36:43'),
(210, 54, 3, '12', '', '2020-11-23 06:36:43'),
(211, 55, 1, '2', '', '2020-11-23 06:43:46'),
(212, 55, 2, '6', '', '2020-11-23 06:43:46'),
(213, 55, 3, '12', '', '2020-11-23 06:43:46'),
(214, 56, 1, '2', '', '2020-11-23 06:49:43'),
(215, 56, 2, '6', '', '2020-11-23 06:49:43'),
(216, 56, 3, '12', '', '2020-11-23 06:49:44'),
(217, 57, 1, '2', '', '2020-11-23 06:57:28'),
(218, 57, 2, '6', '', '2020-11-23 06:57:28'),
(219, 57, 3, '12', '', '2020-11-23 06:57:28'),
(220, 58, 1, '2', '', '2020-11-23 07:03:40'),
(221, 58, 2, '6', '', '2020-11-23 07:03:40'),
(222, 58, 3, '12', '', '2020-11-23 07:03:40'),
(223, 59, 1, '2', '', '2020-11-23 07:06:16'),
(224, 59, 2, '6', '', '2020-11-23 07:06:16'),
(225, 59, 3, '12', '', '2020-11-23 07:06:16'),
(226, 60, 1, '2', '', '2020-11-23 07:14:33'),
(227, 60, 2, '6', '', '2020-11-23 07:14:33'),
(228, 60, 3, '12', '', '2020-11-23 07:14:34'),
(229, 61, 1, '2', '', '2020-11-23 07:18:23'),
(230, 61, 2, '6', '', '2020-11-23 07:18:23'),
(231, 61, 3, '12', '', '2020-11-23 07:18:23'),
(232, 62, 1, '2', '', '2020-11-23 07:23:17'),
(233, 62, 2, '6', '', '2020-11-23 07:23:17'),
(234, 62, 3, '12', '', '2020-11-23 07:23:17'),
(235, 33, 1, '2', 'processing', '2020-11-23 07:24:17'),
(236, 33, 2, '12', 'Approved', '2020-11-23 07:25:13'),
(237, 33, 3, '14', 'Recer', '2020-11-23 07:25:41'),
(238, 33, 1, '4', 'Testing', '2020-11-23 07:26:09'),
(239, 34, 1, '4', 'Testing', '2020-11-23 07:27:19'),
(240, 34, 2, '9', 'Testing', '2020-11-23 07:27:44'),
(241, 34, 3, '14', 'Testing', '2020-11-23 07:28:10'),
(242, 35, 1, '3', 'Testing', '2020-11-23 07:29:09'),
(243, 35, 2, '10', 'Testing', '2020-11-23 07:29:27'),
(244, 35, 3, '16', 'Testing', '2020-11-23 07:29:48'),
(245, 36, 1, '4', 'Testing', '2020-11-23 07:30:26'),
(246, 36, 2, '9', 'Testing', '2020-11-23 07:30:44'),
(247, 36, 3, '14', 'Testing', '2020-11-23 07:34:00'),
(248, 36, 1, '4', 'Testing', '2020-11-23 07:35:54'),
(249, 37, 1, '4', 'Testing', '2020-11-23 07:36:32'),
(250, 37, 2, '12', 'Testing', '2020-11-23 07:36:50'),
(251, 37, 3, '14', 'Testing', '2020-11-23 07:37:15'),
(252, 37, 3, '15', 'Testing', '2020-11-23 07:38:31'),
(253, 38, 1, '4', 'Testing', '2020-11-23 07:42:38'),
(254, 38, 2, '9', 'Testing', '2020-11-23 07:43:06'),
(255, 38, 3, '13', 'Testing', '2020-11-23 07:43:53'),
(256, 38, 3, '14', 'Testing', '2020-11-23 07:44:17'),
(257, 39, 1, '4', 'Testing', '2020-11-23 07:45:08'),
(258, 39, 2, '9', 'Testing', '2020-11-23 07:45:37'),
(259, 39, 3, '14', 'Testing', '2020-11-23 07:46:35'),
(260, 40, 1, '3', 'Testing', '2020-11-23 07:48:01'),
(261, 40, 2, '10', 'Testing', '2020-11-23 07:48:18'),
(262, 41, 1, '5', 'Testing', '2020-11-23 07:49:36'),
(263, 41, 2, '11', 'Testing', '2020-11-23 07:49:54'),
(264, 41, 3, '13', 'Testing', '2020-11-23 07:50:30'),
(265, 42, 1, '4', 'Testing', '2020-11-23 07:50:54'),
(266, 42, 2, '9', 'Testing', '2020-11-23 07:51:14'),
(267, 42, 3, '14', 'Testing', '2020-11-23 07:51:43'),
(268, 39, 2, '12', 'Testing', '2020-11-23 07:52:08'),
(269, 36, 2, '12', 'Testing', '2020-11-23 07:52:25'),
(270, 42, 3, '13', 'Testing', '2020-11-23 07:52:43'),
(271, 38, 3, '13', 'Testing', '2020-11-23 07:53:05'),
(272, 43, 1, '4', 'Testing', '2020-11-23 07:54:01'),
(273, 43, 2, '12', 'Testing', '2020-11-23 07:54:50'),
(274, 43, 3, '14', 'Testing', '2020-11-23 07:55:07'),
(275, 44, 1, '4', 'Testing', '2020-11-23 07:56:03'),
(276, 44, 2, '12', 'Testing', '2020-11-23 07:56:18'),
(277, 44, 3, '14', 'Testing', '2020-11-23 07:56:36'),
(278, 45, 1, '3', 'Testing', '2020-11-23 07:57:33'),
(279, 45, 2, '10', 'Testing', '2020-11-23 07:57:51'),
(280, 45, 3, '13', 'Testing', '2020-11-23 07:58:05'),
(281, 46, 1, '4', 'Testing', '2020-11-23 07:59:48'),
(282, 46, 2, '12', 'Testing', '2020-11-23 08:00:27'),
(283, 47, 1, '5', 'Testing', '2020-11-23 08:01:43'),
(284, 47, 2, '11', 'Testing', '2020-11-23 08:03:38'),
(285, 48, 1, '4', 'Testing', '2020-11-23 08:13:51'),
(286, 48, 2, '12', 'Testing', '2020-11-23 08:20:49'),
(287, 48, 3, '14', 'Testing', '2020-11-23 08:21:09'),
(288, 63, 1, '1', '', '2020-11-23 14:25:06'),
(289, 63, 2, '6', '', '2020-11-23 14:25:06'),
(290, 63, 3, '12', '', '2020-11-23 14:25:06'),
(291, 64, 1, '1', '', '2020-11-23 15:12:55'),
(292, 64, 2, '6', '', '2020-11-23 15:12:55'),
(293, 64, 3, '12', '', '2020-11-23 15:12:56'),
(294, 65, 1, '1', '', '2020-11-23 17:54:03'),
(295, 65, 2, '6', '', '2020-11-23 17:54:03'),
(296, 65, 3, '12', '', '2020-11-23 17:54:03'),
(297, 65, 0, '2', '', '2020-11-23 17:54:12'),
(298, 64, 0, '2', '', '2020-11-23 17:54:15'),
(299, 66, 1, '1', '', '2020-11-23 18:34:06'),
(300, 66, 2, '6', '', '2020-11-23 18:34:07'),
(301, 66, 3, '12', '', '2020-11-23 18:34:07'),
(302, 66, 0, '2', '', '2020-11-23 18:34:24'),
(303, 66, 2, '9', 'submitted', '2020-11-23 18:36:05'),
(304, 66, 2, '12', 'approved', '2020-11-23 18:36:22'),
(305, 65, 2, '9', 'submitted\r\n', '2020-11-23 18:36:37'),
(306, 64, 2, '9', 'submitted', '2020-11-23 18:36:57'),
(307, 64, 2, '12', 'Approved', '2020-11-23 18:37:15'),
(308, 64, 3, '14', 'Received from payor', '2020-11-23 18:38:09'),
(309, 62, 2, '9', 'submitted', '2020-11-23 18:40:16'),
(310, 13, 2, '9', 'Submitted', '2020-11-23 18:40:35'),
(311, 12, 2, '9', 'Submitted', '2020-11-23 18:40:53'),
(312, 10, 2, '10', 'Need extra documents', '2020-11-23 18:41:25'),
(313, 9, 1, '3', 'Rejected', '2020-11-23 18:43:58'),
(314, 8, 1, '6', 'Payment sent and closed', '2020-11-23 18:44:43'),
(315, 8, 2, '12', 'Approved and payment sent', '2020-11-23 18:45:04'),
(316, 8, 3, '16', 'Claim approved and payment sent', '2020-11-23 18:45:28'),
(317, 49, 2, '8', 'Testing', '2020-11-23 22:59:03'),
(318, 53, 2, '9', 'Testing', '2020-11-23 23:09:43'),
(319, 49, 2, '9', 'Testing', '2020-11-23 23:11:18'),
(320, 53, 1, '4', 'Testing', '2020-11-23 23:14:11'),
(321, 48, 3, '15', 'Testing', '2020-11-23 23:15:20'),
(322, 49, 1, '4', 'Testing', '2020-11-23 23:27:48'),
(323, 49, 2, '9', 'Testing', '2020-11-23 23:29:59'),
(324, 49, 2, '12', 'Testing', '2020-11-23 23:36:15'),
(325, 49, 3, '14', 'Testing', '2020-11-23 23:36:43'),
(326, 48, 1, '6', 'Testing', '2020-11-24 00:56:29'),
(327, 49, 3, '15', 'Testing', '2020-11-24 00:59:38'),
(328, 50, 2, '9', 'Testing', '2020-11-24 01:24:08'),
(329, 50, 1, '4', 'Testing', '2020-11-24 01:33:11'),
(330, 50, 2, '12', 'Testing', '2020-11-24 01:40:29'),
(331, 50, 3, '14', 'Testing', '2020-11-24 01:42:16'),
(332, 50, 3, '15', 'Testing', '2020-11-24 01:48:47'),
(333, 51, 2, '9', 'Testing', '2020-11-24 02:03:02'),
(334, 51, 1, '4', 'Testing', '2020-11-24 02:03:29'),
(335, 53, 2, '12', 'Testing', '2020-11-24 02:03:58'),
(336, 51, 2, '12', 'Testing', '2020-11-24 02:05:13'),
(337, 51, 3, '15', 'Testing', '2020-11-24 02:07:57'),
(338, 52, 1, '4', 'Testing', '2020-11-24 02:09:07'),
(339, 52, 2, '12', 'Testing', '2020-11-24 02:10:59'),
(340, 52, 3, '14', 'Testing', '2020-11-24 02:11:23'),
(341, 52, 3, '15', 'Testing', '2020-11-24 02:11:58'),
(342, 53, 3, '15', 'Testing', '2020-11-24 02:16:08'),
(343, 54, 1, '3', 'Testing', '2020-11-24 03:12:52'),
(344, 54, 2, '10', 'Testing', '2020-11-24 03:13:12'),
(345, 55, 1, '4', 'Testing', '2020-11-24 03:27:42'),
(346, 55, 2, '12', 'Testing', '2020-11-24 03:41:34'),
(347, 55, 3, '15', 'Testing', '2020-11-24 03:42:33'),
(348, 56, 1, '4', 'Testing', '2020-11-24 03:44:18'),
(349, 56, 1, '4', 'Testing', '2020-11-24 03:44:56'),
(350, 56, 2, '12', 'Testing', '2020-11-24 03:45:47'),
(351, 56, 1, '5', 'Testing', '2020-11-24 03:46:13'),
(352, 56, 2, '11', 'Testing', '2020-11-24 03:46:31'),
(353, 57, 2, '9', 'Testing', '2020-11-24 03:48:02'),
(354, 57, 1, '4', 'Testing', '2020-11-24 03:48:29'),
(355, 57, 2, '12', 'Testing', '2020-11-24 03:51:38'),
(356, 57, 3, '14', 'Testing', '2020-11-24 03:51:55'),
(357, 57, 3, '15', 'Testing', '2020-11-24 03:52:45'),
(358, 58, 2, '9', 'Testing', '2020-11-24 03:54:00'),
(359, 58, 1, '4', 'Testing', '2020-11-24 03:54:20'),
(360, 58, 2, '12', 'Testing', '2020-11-24 03:54:38'),
(361, 58, 3, '14', 'Testing', '2020-11-24 03:54:54'),
(362, 58, 3, '15', 'Testing', '2020-11-24 03:55:09'),
(363, 58, 1, '6', 'Testing', '2020-11-24 03:55:28'),
(364, 58, 3, '16', 'Testing', '2020-11-24 03:55:52'),
(365, 59, 2, '9', 'Testing', '2020-11-24 03:56:07'),
(366, 59, 1, '4', 'Testing', '2020-11-24 03:59:00'),
(367, 59, 2, '12', 'Testing', '2020-11-24 04:00:38'),
(368, 59, 3, '14', 'Testing', '2020-11-24 04:01:00'),
(369, 59, 3, '15', 'Testing', '2020-11-24 04:01:19'),
(370, 60, 2, '9', 'Testing', '2020-11-24 04:01:58'),
(371, 60, 1, '3', 'Testing', '2020-11-24 04:03:25'),
(372, 61, 2, '10', 'Testing', '2020-11-24 04:03:47'),
(373, 60, 2, '10', 'Testing', '2020-11-24 04:38:55'),
(374, 61, 2, '8', 'Testing', '2020-11-24 04:39:46'),
(375, 61, 1, '4', 'Testing', '2020-11-24 04:40:13'),
(376, 61, 2, '12', 'Testing', '2020-11-24 04:40:29'),
(377, 61, 3, '14', 'Testing', '2020-11-24 04:40:50'),
(378, 61, 3, '15', 'Testing', '2020-11-24 04:41:21'),
(379, 62, 1, '4', 'Testing', '2020-11-24 04:41:47'),
(380, 62, 2, '12', 'Testing', '2020-11-24 04:42:04'),
(381, 62, 3, '15', 'Testing', '2020-11-24 04:42:22'),
(382, 64, 1, '4', 'Testing', '2020-11-24 04:42:50'),
(383, 34, 2, '12', 'Testing', '2020-11-24 04:47:11'),
(384, 34, 3, '15', 'Testing', '2020-11-24 04:49:09'),
(385, 67, 1, '2', '', '2020-11-24 05:01:17'),
(386, 67, 2, '6', '', '2020-11-24 05:01:18'),
(387, 67, 3, '12', '', '2020-11-24 05:01:18'),
(388, 67, 2, '9', 'Testing', '2020-11-24 05:04:45'),
(389, 67, 2, '9', 'Testing', '2020-11-24 05:04:46'),
(390, 67, 1, '4', 'Testing', '2020-11-24 05:05:34'),
(391, 67, 2, '12', 'Testing', '2020-11-24 05:05:48'),
(392, 67, 3, '14', 'Testing', '2020-11-24 05:06:05'),
(393, 67, 3, '15', 'Testing', '2020-11-24 05:06:43'),
(394, 68, 1, '2', '', '2020-11-24 05:10:43'),
(395, 68, 2, '6', '', '2020-11-24 05:10:44'),
(396, 68, 3, '12', '', '2020-11-24 05:10:44'),
(397, 68, 2, '9', 'Testing', '2020-11-24 05:11:59'),
(398, 68, 1, '4', 'Testing', '2020-11-24 05:12:58'),
(399, 68, 2, '12', 'Testing', '2020-11-24 05:14:08'),
(400, 68, 3, '14', 'Testing', '2020-11-24 05:14:25'),
(401, 68, 3, '15', 'Testing', '2020-11-24 05:14:43'),
(402, 69, 1, '2', '', '2020-11-24 05:19:07'),
(403, 69, 2, '6', '', '2020-11-24 05:19:07'),
(404, 69, 3, '12', '', '2020-11-24 05:19:07'),
(405, 69, 2, '9', 'Testing', '2020-11-24 05:19:30'),
(406, 69, 1, '4', 'Testing', '2020-11-24 05:19:45'),
(407, 69, 2, '12', 'Testing', '2020-11-24 05:19:59'),
(408, 69, 3, '13', 'Testing', '2020-11-24 05:20:13'),
(409, 69, 3, '14', 'Testing', '2020-11-24 05:20:30'),
(410, 69, 3, '15', 'Testing', '2020-11-24 05:20:56'),
(411, 70, 1, '2', '', '2020-11-24 05:24:49'),
(412, 70, 2, '6', '', '2020-11-24 05:24:49'),
(413, 70, 3, '12', '', '2020-11-24 05:24:49'),
(414, 70, 2, '9', 'Testing', '2020-11-24 05:27:53'),
(415, 70, 1, '4', 'Testing', '2020-11-24 05:29:03'),
(416, 70, 2, '12', 'Testing', '2020-11-24 05:29:29'),
(417, 70, 3, '14', 'Testing', '2020-11-24 05:30:42'),
(418, 70, 3, '15', 'Testing', '2020-11-24 05:30:59'),
(419, 71, 1, '2', '', '2020-11-24 05:39:24'),
(420, 71, 2, '6', '', '2020-11-24 05:39:24'),
(421, 71, 3, '12', '', '2020-11-24 05:39:24'),
(422, 71, 2, '9', 'Testing', '2020-11-24 05:40:05'),
(423, 71, 1, '3', 'Testing', '2020-11-24 05:40:32'),
(424, 71, 2, '10', 'Testing', '2020-11-24 05:40:49'),
(425, 72, 1, '2', '', '2020-11-24 05:52:54'),
(426, 72, 2, '6', '', '2020-11-24 05:52:54'),
(427, 72, 3, '12', '', '2020-11-24 05:52:55'),
(428, 72, 2, '9', 'Testing', '2020-11-24 05:57:13'),
(429, 72, 1, '4', 'Testing', '2020-11-24 05:57:35'),
(430, 72, 2, '12', 'Testing', '2020-11-24 06:00:33'),
(431, 72, 3, '14', 'Testing', '2020-11-24 06:01:08'),
(432, 72, 3, '15', 'Testing', '2020-11-24 06:01:57'),
(433, 72, 1, '5', 'Testing', '2020-11-24 06:02:19'),
(434, 72, 2, '11', 'Testing', '2020-11-24 06:02:36'),
(435, 72, 3, '13', 'Testing', '2020-11-24 06:03:55'),
(436, 73, 1, '2', '', '2020-11-24 06:13:36'),
(437, 73, 2, '6', '', '2020-11-24 06:13:36'),
(438, 73, 3, '12', '', '2020-11-24 06:13:36'),
(439, 74, 1, '2', '', '2020-11-24 06:28:49'),
(440, 74, 2, '6', '', '2020-11-24 06:28:49'),
(441, 74, 3, '12', '', '2020-11-24 06:28:49'),
(442, 73, 1, '3', 'Testing', '2020-11-24 06:30:04'),
(443, 73, 2, '10', 'Testing', '2020-11-24 06:30:19'),
(444, 74, 2, '9', 'Testing', '2020-11-24 06:31:22'),
(445, 74, 1, '4', 'Testing', '2020-11-24 06:31:36'),
(446, 74, 2, '12', 'Testing', '2020-11-24 06:31:53'),
(447, 74, 3, '14', 'Testing', '2020-11-24 06:32:07'),
(448, 74, 3, '15', 'Testing', '2020-11-24 06:32:20'),
(449, 74, 1, '6', 'Testing', '2020-11-24 06:32:32'),
(450, 74, 3, '16', 'Testing', '2020-11-24 06:32:49'),
(454, 78, 1, '0', '', '2020-11-24 22:00:00'),
(455, 78, 2, '6', '', '2020-11-24 22:00:01'),
(456, 78, 3, '12', '', '2020-11-24 22:00:01'),
(457, 79, 1, '0', '', '2020-11-25 13:20:57'),
(458, 79, 2, '6', '', '2020-11-25 13:20:57'),
(459, 79, 3, '12', '', '2020-11-25 13:20:57'),
(460, 80, 1, '0', '', '2020-11-25 14:07:33'),
(461, 80, 2, '6', '', '2020-11-25 14:07:33'),
(462, 80, 3, '12', '', '2020-11-25 14:07:33'),
(463, 81, 1, '1', '', '2020-11-25 15:53:03'),
(464, 81, 2, '6', '', '2020-11-25 15:53:04'),
(465, 81, 3, '12', '', '2020-11-25 15:53:04'),
(466, 82, 1, '0', '', '2020-11-25 18:38:21'),
(467, 82, 2, '6', '', '2020-11-25 18:38:22'),
(468, 82, 3, '12', '', '2020-11-25 18:38:22'),
(469, 83, 1, '1', '', '2020-11-25 19:39:59'),
(470, 83, 2, '6', '', '2020-11-25 19:39:59'),
(471, 83, 3, '12', '', '2020-11-25 19:39:59'),
(472, 6, 2, '8', 'eryrtyrty', '2020-11-26 13:55:19'),
(473, 6, 1, '2', 'rtyurt yrtytry', '2020-11-26 13:55:37'),
(474, 6, 2, '9', 'ry rtyh rdyrty', '2020-11-26 13:55:58'),
(475, 6, 2, '10', 'rt yrtyrty rty', '2020-11-26 13:56:24'),
(476, 6, 1, '3', 'try rtyrtyrty', '2020-11-26 13:56:38'),
(477, 80, 0, '2', '', '2020-11-26 14:25:38'),
(478, 84, 1, '0', '', '2020-11-28 00:46:27'),
(479, 84, 2, '6', '', '2020-11-28 00:46:27'),
(480, 84, 3, '12', '', '2020-11-28 00:46:27'),
(481, 85, 1, '0', '', '2020-11-28 10:53:46'),
(482, 85, 2, '6', '', '2020-11-28 10:53:46'),
(483, 85, 3, '12', '', '2020-11-28 10:53:46'),
(484, 80, 1, '2', 'ghdfhfghfg', '2020-11-28 17:07:15'),
(485, 83, 0, '2', '', '2020-11-30 09:53:14'),
(486, 32, 0, '2', '', '2020-11-30 09:59:07'),
(487, 82, 0, '2', '', '2020-12-10 17:24:14');

-- --------------------------------------------------------

--
-- Table structure for table `communications`
--

CREATE TABLE `communications` (
  `id` int(10) NOT NULL,
  `communication_id` varchar(255) NOT NULL,
  `from_user_id` int(10) NOT NULL,
  `to_user_id` int(10) NOT NULL,
  `mail_to` varchar(255) NOT NULL,
  `mail_from` varchar(255) NOT NULL,
  `mail_subject` text NOT NULL,
  `mail_message` text NOT NULL,
  `read_status` enum('1','0') NOT NULL,
  `created_date` timestamp NOT NULL DEFAULT CURRENT_TIMESTAMP ON UPDATE CURRENT_TIMESTAMP,
  `updated_date` timestamp NULL DEFAULT NULL ON UPDATE CURRENT_TIMESTAMP
) ENGINE=InnoDB DEFAULT CHARSET=utf8;

--
-- Dumping data for table `communications`
--

INSERT INTO `communications` (`id`, `communication_id`, `from_user_id`, `to_user_id`, `mail_to`, `mail_from`, `mail_subject`, `mail_message`, `read_status`, `created_date`, `updated_date`) VALUES
(1, 'COM2850881', 1, 0, '', 'admin@admin.com', '', '<p>tfh fthf</p>', '0', '2020-12-11 19:27:09', '2020-12-11 19:27:09'),
(2, 'COM2850881', 1, 30, 'raghuvarma.testmail@gmail.com', 'admin@admin.com', '', '<p>tfh fthf</p>', '1', '2020-11-30 08:43:33', NULL),
(3, 'COM2850881', 1, 31, 'branchbrooktest@gmail.com', 'admin@admin.com', '', '<p>tfh fthf</p>', '1', '2020-11-30 08:43:33', NULL),
(4, 'COM2850881', 1, 32, 'masontest@gmail.com', 'admin@admin.com', '', '<p>tfh fthf</p>', '1', '2020-11-30 08:43:33', NULL),
(5, 'COM2850881', 1, 33, 'heiditest@gmail.com', 'admin@admin.com', '', '<p>tfh fthf</p>', '1', '2020-11-30 08:43:33', NULL),
(6, 'COM2850881', 1, 34, 'vimtest@gmail.com', 'admin@admin.com', '', '<p>tfh fthf</p>', '1', '2020-11-30 08:43:33', NULL),
(7, 'COM2850881', 1, 35, 'mergewelltest@gmail.com', 'admin@admin.com', '', '<p>tfh fthf</p>', '1', '2020-11-30 08:43:33', NULL),
(8, 'COM2850881', 1, 36, 'nostrandtest@gmail.com', 'admin@admin.com', '', '<p>tfh fthf</p>', '1', '2020-11-30 08:43:33', NULL),
(9, 'COM2850881', 1, 37, 'elmhurstest@gmail.com', 'admin@admin.com', '', '<p>tfh fthf</p>', '1', '2020-11-30 08:43:33', NULL),
(10, 'COM2850881', 1, 38, 'freedomtest@gmail.com', 'admin@admin.com', '', '<p>tfh fthf</p>', '1', '2020-11-30 08:43:33', NULL),
(11, 'COM2850881', 1, 39, 'lendatest@gmail.com', 'admin@admin.com', '', '<p>tfh fthf</p>', '1', '2020-11-30 08:43:33', NULL),
(12, 'COM2850881', 1, 40, 'erinstest@gmail.com', 'admin@admin.com', '', '<p>tfh fthf</p>', '1', '2020-11-30 08:43:33', NULL),
(13, 'COM2850881', 1, 41, 'hilltest@gmail.com', 'admin@admin.com', '', '<p>tfh fthf</p>', '1', '2020-11-30 08:43:34', NULL),
(14, 'COM2850881', 1, 42, 'expresscaretest@gmail.com', 'admin@admin.com', '', '<p>tfh fthf</p>', '1', '2020-11-30 08:43:34', NULL),
(15, 'COM2850881', 1, 43, 'carewelltest@gmail.com', 'admin@admin.com', '', '<p>tfh fthf</p>', '0', '2020-12-10 11:56:40', '2020-12-10 11:56:40'),
(16, 'COM2850881', 1, 44, 'gouthamsambaraju4a7@gmail.com', 'admin@admin.com', '', '<p>tfh fthf</p>', '1', '2020-11-30 08:43:34', NULL),
(17, 'COM2850881', 1, 0, '', 'admin@admin.com', '', '<p>tfh fthf</p>', '1', '2020-11-30 08:43:34', NULL),
(18, 'COM2850881', 1, 30, 'raghuvarma.testmail@gmail.com', 'admin@admin.com', '', '<p>tfh fthf</p>', '1', '2020-11-30 08:43:34', NULL),
(19, 'COM2850881', 1, 31, 'branchbrooktest@gmail.com', 'admin@admin.com', '', '<p>tfh fthf</p>', '1', '2020-11-30 08:43:34', NULL),
(20, 'COM2850881', 1, 32, 'masontest@gmail.com', 'admin@admin.com', '', '<p>tfh fthf</p>', '1', '2020-11-30 08:43:34', NULL),
(21, 'COM2850881', 1, 33, 'heiditest@gmail.com', 'admin@admin.com', '', '<p>tfh fthf</p>', '1', '2020-11-30 08:43:34', NULL),
(22, 'COM2850881', 1, 34, 'vimtest@gmail.com', 'admin@admin.com', '', '<p>tfh fthf</p>', '1', '2020-11-30 08:43:34', NULL),
(23, 'COM2850881', 1, 35, 'mergewelltest@gmail.com', 'admin@admin.com', '', '<p>tfh fthf</p>', '1', '2020-11-30 08:43:34', NULL),
(24, 'COM2850881', 1, 36, 'nostrandtest@gmail.com', 'admin@admin.com', '', '<p>tfh fthf</p>', '1', '2020-11-30 08:43:34', NULL),
(25, 'COM2850881', 1, 37, 'elmhurstest@gmail.com', 'admin@admin.com', '', '<p>tfh fthf</p>', '1', '2020-11-30 08:43:34', NULL),
(26, 'COM2850881', 1, 38, 'freedomtest@gmail.com', 'admin@admin.com', '', '<p>tfh fthf</p>', '1', '2020-11-30 08:43:34', NULL),
(27, 'COM2850881', 1, 39, 'lendatest@gmail.com', 'admin@admin.com', '', '<p>tfh fthf</p>', '1', '2020-11-30 08:43:34', NULL),
(28, 'COM2850881', 1, 40, 'erinstest@gmail.com', 'admin@admin.com', '', '<p>tfh fthf</p>', '1', '2020-11-30 08:43:34', NULL),
(29, 'COM2850881', 1, 41, 'hilltest@gmail.com', 'admin@admin.com', '', '<p>tfh fthf</p>', '1', '2020-11-30 08:43:34', NULL),
(30, 'COM2850881', 1, 42, 'expresscaretest@gmail.com', 'admin@admin.com', '', '<p>tfh fthf</p>', '1', '2020-11-30 08:43:34', NULL),
(31, 'COM2850881', 1, 43, 'carewelltest@gmail.com', 'admin@admin.com', '', '<p>tfh fthf</p>', '0', '2020-12-10 11:57:08', '2020-12-10 11:57:08'),
(32, 'COM2850881', 1, 44, 'gouthamsambaraju4a7@gmail.com', 'admin@admin.com', '', '<p>tfh fthf</p>', '1', '2020-11-30 08:43:34', NULL),
(33, 'COM2850881', 1, 0, '', 'admin@admin.com', '', '<p>tfh fthf</p>', '1', '2020-11-30 08:43:34', NULL),
(34, 'COM2850881', 1, 30, 'raghuvarma.testmail@gmail.com', 'admin@admin.com', '', '<p>tfh fthf</p>', '1', '2020-11-30 08:43:34', NULL),
(35, 'COM2850881', 1, 31, 'branchbrooktest@gmail.com', 'admin@admin.com', '', '<p>tfh fthf</p>', '1', '2020-11-30 08:43:34', NULL),
(36, 'COM2850881', 1, 32, 'masontest@gmail.com', 'admin@admin.com', '', '<p>tfh fthf</p>', '1', '2020-11-30 08:43:34', NULL),
(37, 'COM2850881', 1, 33, 'heiditest@gmail.com', 'admin@admin.com', '', '<p>tfh fthf</p>', '1', '2020-11-30 08:43:34', NULL),
(38, 'COM2850881', 1, 34, 'vimtest@gmail.com', 'admin@admin.com', '', '<p>tfh fthf</p>', '1', '2020-11-30 08:43:34', NULL),
(39, 'COM2850881', 1, 35, 'mergewelltest@gmail.com', 'admin@admin.com', '', '<p>tfh fthf</p>', '1', '2020-11-30 08:43:35', NULL),
(40, 'COM2850881', 1, 36, 'nostrandtest@gmail.com', 'admin@admin.com', '', '<p>tfh fthf</p>', '1', '2020-11-30 08:43:35', NULL),
(41, 'COM2850881', 1, 37, 'elmhurstest@gmail.com', 'admin@admin.com', '', '<p>tfh fthf</p>', '1', '2020-11-30 08:43:35', NULL),
(42, 'COM2850881', 1, 38, 'freedomtest@gmail.com', 'admin@admin.com', '', '<p>tfh fthf</p>', '1', '2020-11-30 08:43:35', NULL),
(43, 'COM2850881', 1, 39, 'lendatest@gmail.com', 'admin@admin.com', '', '<p>tfh fthf</p>', '1', '2020-11-30 08:43:35', NULL),
(44, 'COM2850881', 1, 40, 'erinstest@gmail.com', 'admin@admin.com', '', '<p>tfh fthf</p>', '1', '2020-11-30 08:43:35', NULL),
(45, 'COM2850881', 1, 41, 'hilltest@gmail.com', 'admin@admin.com', '', '<p>tfh fthf</p>', '1', '2020-11-30 08:43:35', NULL),
(46, 'COM2850881', 1, 42, 'expresscaretest@gmail.com', 'admin@admin.com', '', '<p>tfh fthf</p>', '1', '2020-11-30 08:43:35', NULL),
(47, 'COM2850881', 1, 43, 'carewelltest@gmail.com', 'admin@admin.com', '', '<p>tfh fthf</p>', '1', '2020-11-30 08:43:35', NULL),
(48, 'COM2850881', 1, 44, 'gouthamsambaraju4a7@gmail.com', 'admin@admin.com', '', '<p>tfh fthf</p>', '1', '2020-11-30 08:43:35', NULL),
(49, 'COM2850881', 1, 0, '', 'admin@admin.com', '', '<p>tfh fthf</p>', '1', '2020-11-30 08:43:35', NULL),
(50, 'COM2850881', 1, 30, 'raghuvarma.testmail@gmail.com', 'admin@admin.com', '', '<p>tfh fthf</p>', '1', '2020-11-30 08:43:35', NULL),
(51, 'COM2850881', 1, 31, 'branchbrooktest@gmail.com', 'admin@admin.com', '', '<p>tfh fthf</p>', '1', '2020-11-30 08:43:35', NULL),
(52, 'COM2850881', 1, 32, 'masontest@gmail.com', 'admin@admin.com', '', '<p>tfh fthf</p>', '1', '2020-11-30 08:43:35', NULL),
(53, 'COM2850881', 1, 33, 'heiditest@gmail.com', 'admin@admin.com', '', '<p>tfh fthf</p>', '1', '2020-11-30 08:43:35', NULL),
(54, 'COM2850881', 1, 34, 'vimtest@gmail.com', 'admin@admin.com', '', '<p>tfh fthf</p>', '1', '2020-11-30 08:43:35', NULL),
(55, 'COM2850881', 1, 35, 'mergewelltest@gmail.com', 'admin@admin.com', '', '<p>tfh fthf</p>', '1', '2020-11-30 08:43:35', NULL),
(56, 'COM2850881', 1, 36, 'nostrandtest@gmail.com', 'admin@admin.com', '', '<p>tfh fthf</p>', '1', '2020-11-30 08:43:35', NULL),
(57, 'COM2850881', 1, 37, 'elmhurstest@gmail.com', 'admin@admin.com', '', '<p>tfh fthf</p>', '1', '2020-11-30 08:43:35', NULL),
(58, 'COM2850881', 1, 38, 'freedomtest@gmail.com', 'admin@admin.com', '', '<p>tfh fthf</p>', '1', '2020-11-30 08:43:35', NULL),
(59, 'COM2850881', 1, 39, 'lendatest@gmail.com', 'admin@admin.com', '', '<p>tfh fthf</p>', '1', '2020-11-30 08:43:35', NULL),
(60, 'COM2850881', 1, 40, 'erinstest@gmail.com', 'admin@admin.com', '', '<p>tfh fthf</p>', '1', '2020-11-30 08:43:35', NULL),
(61, 'COM2850881', 1, 41, 'hilltest@gmail.com', 'admin@admin.com', '', '<p>tfh fthf</p>', '1', '2020-11-30 08:43:35', NULL),
(62, 'COM2850881', 1, 42, 'expresscaretest@gmail.com', 'admin@admin.com', '', '<p>tfh fthf</p>', '1', '2020-11-30 08:43:36', NULL),
(63, 'COM2850881', 1, 43, 'carewelltest@gmail.com', 'admin@admin.com', '', '<p>tfh fthf</p>', '1', '2020-11-30 08:43:36', NULL),
(64, 'COM2850881', 1, 44, 'gouthamsambaraju4a7@gmail.com', 'admin@admin.com', '', '<p>tfh fthf</p>', '1', '2020-11-30 08:43:36', NULL),
(65, 'COM2850881', 1, 0, '', 'admin@admin.com', '', '<p>tfh fthf</p>', '1', '2020-11-30 08:43:36', NULL),
(66, 'COM2850881', 1, 30, 'raghuvarma.testmail@gmail.com', 'admin@admin.com', '', '<p>tfh fthf</p>', '1', '2020-11-30 08:43:36', NULL),
(67, 'COM2850881', 1, 31, 'branchbrooktest@gmail.com', 'admin@admin.com', '', '<p>tfh fthf</p>', '1', '2020-11-30 08:43:36', NULL),
(68, 'COM2850881', 1, 32, 'masontest@gmail.com', 'admin@admin.com', '', '<p>tfh fthf</p>', '1', '2020-11-30 08:43:36', NULL),
(69, 'COM2850881', 1, 33, 'heiditest@gmail.com', 'admin@admin.com', '', '<p>tfh fthf</p>', '1', '2020-11-30 08:43:36', NULL),
(70, 'COM2850881', 1, 34, 'vimtest@gmail.com', 'admin@admin.com', '', '<p>tfh fthf</p>', '1', '2020-11-30 08:43:36', NULL),
(71, 'COM2850881', 1, 35, 'mergewelltest@gmail.com', 'admin@admin.com', '', '<p>tfh fthf</p>', '1', '2020-11-30 08:43:36', NULL),
(72, 'COM2850881', 1, 36, 'nostrandtest@gmail.com', 'admin@admin.com', '', '<p>tfh fthf</p>', '1', '2020-11-30 08:43:36', NULL),
(73, 'COM2850881', 1, 37, 'elmhurstest@gmail.com', 'admin@admin.com', '', '<p>tfh fthf</p>', '1', '2020-11-30 08:43:36', NULL),
(74, 'COM2850881', 1, 38, 'freedomtest@gmail.com', 'admin@admin.com', '', '<p>tfh fthf</p>', '1', '2020-11-30 08:43:36', NULL),
(75, 'COM2850881', 1, 39, 'lendatest@gmail.com', 'admin@admin.com', '', '<p>tfh fthf</p>', '1', '2020-11-30 08:43:36', NULL),
(76, 'COM2850881', 1, 40, 'erinstest@gmail.com', 'admin@admin.com', '', '<p>tfh fthf</p>', '1', '2020-11-30 08:43:36', NULL),
(77, 'COM2850881', 1, 41, 'hilltest@gmail.com', 'admin@admin.com', '', '<p>tfh fthf</p>', '1', '2020-11-30 08:43:36', NULL),
(78, 'COM2850881', 1, 42, 'expresscaretest@gmail.com', 'admin@admin.com', '', '<p>tfh fthf</p>', '1', '2020-11-30 08:43:36', NULL),
(79, 'COM2850881', 1, 43, 'carewelltest@gmail.com', 'admin@admin.com', '', '<p>tfh fthf</p>', '1', '2020-11-30 08:43:36', NULL),
(80, 'COM2850881', 1, 44, 'gouthamsambaraju4a7@gmail.com', 'admin@admin.com', '', '<p>tfh fthf</p>', '1', '2020-11-30 08:43:36', NULL),
(81, 'COM2850881', 1, 0, '', 'admin@admin.com', '', '<p>tfh fthf</p>', '1', '2020-11-30 08:43:36', NULL),
(82, 'COM2850881', 1, 30, 'raghuvarma.testmail@gmail.com', 'admin@admin.com', '', '<p>tfh fthf</p>', '1', '2020-11-30 08:43:36', NULL),
(83, 'COM2850881', 1, 31, 'branchbrooktest@gmail.com', 'admin@admin.com', '', '<p>tfh fthf</p>', '1', '2020-11-30 08:43:36', NULL),
(84, 'COM2850881', 1, 32, 'masontest@gmail.com', 'admin@admin.com', '', '<p>tfh fthf</p>', '1', '2020-11-30 08:43:36', NULL),
(85, 'COM2850881', 1, 33, 'heiditest@gmail.com', 'admin@admin.com', '', '<p>tfh fthf</p>', '1', '2020-11-30 08:43:36', NULL),
(86, 'COM2850881', 1, 34, 'vimtest@gmail.com', 'admin@admin.com', '', '<p>tfh fthf</p>', '1', '2020-11-30 08:43:36', NULL),
(87, 'COM2850881', 1, 35, 'mergewelltest@gmail.com', 'admin@admin.com', '', '<p>tfh fthf</p>', '1', '2020-11-30 08:43:37', NULL),
(88, 'COM2850881', 1, 36, 'nostrandtest@gmail.com', 'admin@admin.com', '', '<p>tfh fthf</p>', '1', '2020-11-30 08:43:37', NULL),
(89, 'COM2850881', 1, 37, 'elmhurstest@gmail.com', 'admin@admin.com', '', '<p>tfh fthf</p>', '1', '2020-11-30 08:43:37', NULL),
(90, 'COM2850881', 1, 38, 'freedomtest@gmail.com', 'admin@admin.com', '', '<p>tfh fthf</p>', '1', '2020-11-30 08:43:37', NULL),
(91, 'COM2850881', 1, 39, 'lendatest@gmail.com', 'admin@admin.com', '', '<p>tfh fthf</p>', '1', '2020-11-30 08:43:37', NULL),
(92, 'COM2850881', 1, 40, 'erinstest@gmail.com', 'admin@admin.com', '', '<p>tfh fthf</p>', '1', '2020-11-30 08:43:37', NULL),
(93, 'COM2850881', 1, 41, 'hilltest@gmail.com', 'admin@admin.com', '', '<p>tfh fthf</p>', '1', '2020-11-30 08:43:37', NULL),
(94, 'COM2850881', 1, 42, 'expresscaretest@gmail.com', 'admin@admin.com', '', '<p>tfh fthf</p>', '1', '2020-11-30 08:43:37', NULL),
(95, 'COM2850881', 1, 43, 'carewelltest@gmail.com', 'admin@admin.com', '', '<p>tfh fthf</p>', '1', '2020-11-30 08:43:37', NULL),
(96, 'COM2850881', 1, 44, 'gouthamsambaraju4a7@gmail.com', 'admin@admin.com', '', '<p>tfh fthf</p>', '1', '2020-11-30 08:43:37', NULL),
(97, 'COM2850881', 1, 0, '', 'admin@admin.com', '', '<p>tfh fthf</p>', '0', '2020-12-17 10:29:15', '2020-12-17 10:29:15'),
(98, 'COM2850881', 1, 30, 'raghuvarma.testmail@gmail.com', 'admin@admin.com', '', '<p>tfh fthf</p>', '1', '2020-11-30 08:43:37', NULL),
(99, 'COM2850881', 1, 31, 'branchbrooktest@gmail.com', 'admin@admin.com', '', '<p>tfh fthf</p>', '1', '2020-11-30 08:43:37', NULL),
(100, 'COM2850881', 1, 32, 'masontest@gmail.com', 'admin@admin.com', '', '<p>tfh fthf</p>', '1', '2020-11-30 08:43:37', NULL),
(101, 'COM2850881', 1, 33, 'heiditest@gmail.com', 'admin@admin.com', '', '<p>tfh fthf</p>', '1', '2020-11-30 08:43:37', NULL),
(102, 'COM2850881', 1, 34, 'vimtest@gmail.com', 'admin@admin.com', '', '<p>tfh fthf</p>', '1', '2020-11-30 08:43:37', NULL),
(103, 'COM2850881', 1, 35, 'mergewelltest@gmail.com', 'admin@admin.com', '', '<p>tfh fthf</p>', '1', '2020-11-30 08:43:37', NULL),
(104, 'COM2850881', 1, 36, 'nostrandtest@gmail.com', 'admin@admin.com', '', '<p>tfh fthf</p>', '1', '2020-11-30 08:43:37', NULL),
(105, 'COM2850881', 1, 37, 'elmhurstest@gmail.com', 'admin@admin.com', '', '<p>tfh fthf</p>', '1', '2020-11-30 08:43:37', NULL),
(106, 'COM2850881', 1, 38, 'freedomtest@gmail.com', 'admin@admin.com', '', '<p>tfh fthf</p>', '1', '2020-11-30 08:43:37', NULL),
(107, 'COM2850881', 1, 39, 'lendatest@gmail.com', 'admin@admin.com', '', '<p>tfh fthf</p>', '1', '2020-11-30 08:43:37', NULL),
(108, 'COM2850881', 1, 40, 'erinstest@gmail.com', 'admin@admin.com', '', '<p>tfh fthf</p>', '1', '2020-11-30 08:43:37', NULL),
(109, 'COM2850881', 1, 41, 'hilltest@gmail.com', 'admin@admin.com', '', '<p>tfh fthf</p>', '1', '2020-11-30 08:43:38', NULL),
(110, 'COM2850881', 1, 42, 'expresscaretest@gmail.com', 'admin@admin.com', '', '<p>tfh fthf</p>', '1', '2020-11-30 08:43:38', NULL),
(111, 'COM2850881', 1, 43, 'carewelltest@gmail.com', 'admin@admin.com', '', '<p>tfh fthf</p>', '1', '2020-11-30 08:43:38', NULL),
(112, 'COM2850881', 1, 44, 'gouthamsambaraju4a7@gmail.com', 'admin@admin.com', '', '<p>tfh fthf</p>', '1', '2020-11-30 08:43:38', NULL),
(113, 'COM2850881', 1, 0, '', 'admin@admin.com', '', '<p>tfh fthf</p>', '1', '2020-11-30 08:43:38', NULL),
(114, 'COM2850881', 1, 30, 'raghuvarma.testmail@gmail.com', 'admin@admin.com', '', '<p>tfh fthf</p>', '1', '2020-11-30 08:43:38', NULL),
(115, 'COM2850881', 1, 31, 'branchbrooktest@gmail.com', 'admin@admin.com', '', '<p>tfh fthf</p>', '1', '2020-11-30 08:43:38', NULL),
(116, 'COM2850881', 1, 32, 'masontest@gmail.com', 'admin@admin.com', '', '<p>tfh fthf</p>', '1', '2020-11-30 08:43:38', NULL),
(117, 'COM2850881', 1, 33, 'heiditest@gmail.com', 'admin@admin.com', '', '<p>tfh fthf</p>', '1', '2020-11-30 08:43:38', NULL),
(118, 'COM2850881', 1, 34, 'vimtest@gmail.com', 'admin@admin.com', '', '<p>tfh fthf</p>', '1', '2020-11-30 08:43:38', NULL),
(119, 'COM2850881', 1, 35, 'mergewelltest@gmail.com', 'admin@admin.com', '', '<p>tfh fthf</p>', '1', '2020-11-30 08:43:38', NULL),
(120, 'COM2850881', 1, 36, 'nostrandtest@gmail.com', 'admin@admin.com', '', '<p>tfh fthf</p>', '1', '2020-11-30 08:43:38', NULL),
(121, 'COM2850881', 1, 37, 'elmhurstest@gmail.com', 'admin@admin.com', '', '<p>tfh fthf</p>', '1', '2020-11-30 08:43:38', NULL),
(122, 'COM2850881', 1, 38, 'freedomtest@gmail.com', 'admin@admin.com', '', '<p>tfh fthf</p>', '1', '2020-11-30 08:43:38', NULL),
(123, 'COM2850881', 1, 39, 'lendatest@gmail.com', 'admin@admin.com', '', '<p>tfh fthf</p>', '1', '2020-11-30 08:43:38', NULL),
(124, 'COM2850881', 1, 40, 'erinstest@gmail.com', 'admin@admin.com', '', '<p>tfh fthf</p>', '1', '2020-11-30 08:43:38', NULL),
(125, 'COM2850881', 1, 41, 'hilltest@gmail.com', 'admin@admin.com', '', '<p>tfh fthf</p>', '1', '2020-11-30 08:43:38', NULL),
(126, 'COM2850881', 1, 42, 'expresscaretest@gmail.com', 'admin@admin.com', '', '<p>tfh fthf</p>', '1', '2020-11-30 08:43:38', NULL),
(127, 'COM2850881', 1, 43, 'carewelltest@gmail.com', 'admin@admin.com', '', '<p>tfh fthf</p>', '1', '2020-11-30 08:43:38', NULL),
(128, 'COM2850881', 1, 44, 'gouthamsambaraju4a7@gmail.com', 'admin@admin.com', '', '<p>tfh fthf</p>', '1', '2020-11-30 08:43:38', NULL),
(129, 'COM2850881', 1, 0, '', 'admin@admin.com', '', '<p>tfh fthf</p>', '1', '2020-11-30 08:43:38', NULL),
(130, 'COM2850881', 1, 30, 'raghuvarma.testmail@gmail.com', 'admin@admin.com', '', '<p>tfh fthf</p>', '1', '2020-11-30 08:43:38', NULL),
(131, 'COM2850881', 1, 31, 'branchbrooktest@gmail.com', 'admin@admin.com', '', '<p>tfh fthf</p>', '1', '2020-11-30 08:43:38', NULL),
(132, 'COM2850881', 1, 32, 'masontest@gmail.com', 'admin@admin.com', '', '<p>tfh fthf</p>', '1', '2020-11-30 08:43:38', NULL),
(133, 'COM2850881', 1, 33, 'heiditest@gmail.com', 'admin@admin.com', '', '<p>tfh fthf</p>', '1', '2020-11-30 08:43:38', NULL),
(134, 'COM2850881', 1, 34, 'vimtest@gmail.com', 'admin@admin.com', '', '<p>tfh fthf</p>', '1', '2020-11-30 08:43:38', NULL),
(135, 'COM2850881', 1, 35, 'mergewelltest@gmail.com', 'admin@admin.com', '', '<p>tfh fthf</p>', '1', '2020-11-30 08:43:39', NULL),
(136, 'COM2850881', 1, 36, 'nostrandtest@gmail.com', 'admin@admin.com', '', '<p>tfh fthf</p>', '1', '2020-11-30 08:43:39', NULL),
(137, 'COM2850881', 1, 37, 'elmhurstest@gmail.com', 'admin@admin.com', '', '<p>tfh fthf</p>', '1', '2020-11-30 08:43:39', NULL),
(138, 'COM2850881', 1, 38, 'freedomtest@gmail.com', 'admin@admin.com', '', '<p>tfh fthf</p>', '1', '2020-11-30 08:43:39', NULL),
(139, 'COM2850881', 1, 39, 'lendatest@gmail.com', 'admin@admin.com', '', '<p>tfh fthf</p>', '1', '2020-11-30 08:43:39', NULL),
(140, 'COM2850881', 1, 40, 'erinstest@gmail.com', 'admin@admin.com', '', '<p>tfh fthf</p>', '1', '2020-11-30 08:43:39', NULL),
(141, 'COM2850881', 1, 41, 'hilltest@gmail.com', 'admin@admin.com', '', '<p>tfh fthf</p>', '1', '2020-11-30 08:43:39', NULL),
(142, 'COM2850881', 1, 42, 'expresscaretest@gmail.com', 'admin@admin.com', '', '<p>tfh fthf</p>', '1', '2020-11-30 08:43:39', NULL),
(143, 'COM2850881', 1, 43, 'carewelltest@gmail.com', 'admin@admin.com', '', '<p>tfh fthf</p>', '1', '2020-11-30 08:43:39', NULL),
(144, 'COM2850881', 1, 44, 'gouthamsambaraju4a7@gmail.com', 'admin@admin.com', '', '<p>tfh fthf</p>', '1', '2020-11-30 08:43:39', NULL),
(145, 'COM2850881', 1, 0, '', 'admin@admin.com', '', '<p>tfh fthf</p>', '1', '2020-11-30 08:43:39', NULL),
(146, 'COM2850881', 1, 30, 'raghuvarma.testmail@gmail.com', 'admin@admin.com', '', '<p>tfh fthf</p>', '1', '2020-11-30 08:43:39', NULL),
(147, 'COM2850881', 1, 31, 'branchbrooktest@gmail.com', 'admin@admin.com', '', '<p>tfh fthf</p>', '1', '2020-11-30 08:43:39', NULL),
(148, 'COM2850881', 1, 32, 'masontest@gmail.com', 'admin@admin.com', '', '<p>tfh fthf</p>', '1', '2020-11-30 08:43:39', NULL),
(149, 'COM2850881', 1, 33, 'heiditest@gmail.com', 'admin@admin.com', '', '<p>tfh fthf</p>', '1', '2020-11-30 08:43:39', NULL),
(150, 'COM2850881', 1, 34, 'vimtest@gmail.com', 'admin@admin.com', '', '<p>tfh fthf</p>', '1', '2020-11-30 08:43:39', NULL),
(151, 'COM2850881', 1, 35, 'mergewelltest@gmail.com', 'admin@admin.com', '', '<p>tfh fthf</p>', '1', '2020-11-30 08:43:39', NULL),
(152, 'COM2850881', 1, 36, 'nostrandtest@gmail.com', 'admin@admin.com', '', '<p>tfh fthf</p>', '1', '2020-11-30 08:43:39', NULL),
(153, 'COM2850881', 1, 37, 'elmhurstest@gmail.com', 'admin@admin.com', '', '<p>tfh fthf</p>', '1', '2020-11-30 08:43:39', NULL),
(154, 'COM2850881', 1, 38, 'freedomtest@gmail.com', 'admin@admin.com', '', '<p>tfh fthf</p>', '1', '2020-11-30 08:43:39', NULL),
(155, 'COM2850881', 1, 39, 'lendatest@gmail.com', 'admin@admin.com', '', '<p>tfh fthf</p>', '1', '2020-11-30 08:43:39', NULL),
(156, 'COM2850881', 1, 40, 'erinstest@gmail.com', 'admin@admin.com', '', '<p>tfh fthf</p>', '1', '2020-11-30 08:43:39', NULL),
(157, 'COM2850881', 1, 41, 'hilltest@gmail.com', 'admin@admin.com', '', '<p>tfh fthf</p>', '1', '2020-11-30 08:43:39', NULL),
(158, 'COM2850881', 1, 42, 'expresscaretest@gmail.com', 'admin@admin.com', '', '<p>tfh fthf</p>', '1', '2020-11-30 08:43:39', NULL),
(159, 'COM2850881', 1, 43, 'carewelltest@gmail.com', 'admin@admin.com', '', '<p>tfh fthf</p>', '1', '2020-11-30 08:43:39', NULL),
(160, 'COM2850881', 1, 44, 'gouthamsambaraju4a7@gmail.com', 'admin@admin.com', '', '<p>tfh fthf</p>', '1', '2020-11-30 08:43:40', NULL),
(161, 'COM2850881', 1, 0, '', 'admin@admin.com', '', '<p>tfh fthf</p>', '1', '2020-11-30 08:43:40', NULL),
(162, 'COM2850881', 1, 30, 'raghuvarma.testmail@gmail.com', 'admin@admin.com', '', '<p>tfh fthf</p>', '1', '2020-11-30 08:43:40', NULL),
(163, 'COM2850881', 1, 31, 'branchbrooktest@gmail.com', 'admin@admin.com', '', '<p>tfh fthf</p>', '1', '2020-11-30 08:43:40', NULL),
(164, 'COM2850881', 1, 32, 'masontest@gmail.com', 'admin@admin.com', '', '<p>tfh fthf</p>', '1', '2020-11-30 08:43:40', NULL),
(165, 'COM2850881', 1, 33, 'heiditest@gmail.com', 'admin@admin.com', '', '<p>tfh fthf</p>', '1', '2020-11-30 08:43:40', NULL),
(166, 'COM2850881', 1, 34, 'vimtest@gmail.com', 'admin@admin.com', '', '<p>tfh fthf</p>', '1', '2020-11-30 08:43:40', NULL),
(167, 'COM2850881', 1, 35, 'mergewelltest@gmail.com', 'admin@admin.com', '', '<p>tfh fthf</p>', '1', '2020-11-30 08:43:40', NULL),
(168, 'COM2850881', 1, 36, 'nostrandtest@gmail.com', 'admin@admin.com', '', '<p>tfh fthf</p>', '1', '2020-11-30 08:43:40', NULL),
(169, 'COM2850881', 1, 37, 'elmhurstest@gmail.com', 'admin@admin.com', '', '<p>tfh fthf</p>', '1', '2020-11-30 08:43:40', NULL),
(170, 'COM2850881', 1, 38, 'freedomtest@gmail.com', 'admin@admin.com', '', '<p>tfh fthf</p>', '1', '2020-11-30 08:43:40', NULL),
(171, 'COM2850881', 1, 39, 'lendatest@gmail.com', 'admin@admin.com', '', '<p>tfh fthf</p>', '1', '2020-11-30 08:43:40', NULL),
(172, 'COM2850881', 1, 40, 'erinstest@gmail.com', 'admin@admin.com', '', '<p>tfh fthf</p>', '1', '2020-11-30 08:43:40', NULL),
(173, 'COM2850881', 1, 41, 'hilltest@gmail.com', 'admin@admin.com', '', '<p>tfh fthf</p>', '1', '2020-11-30 08:43:40', NULL),
(174, 'COM2850881', 1, 42, 'expresscaretest@gmail.com', 'admin@admin.com', '', '<p>tfh fthf</p>', '1', '2020-11-30 08:43:40', NULL),
(175, 'COM2850881', 1, 43, 'carewelltest@gmail.com', 'admin@admin.com', '', '<p>tfh fthf</p>', '1', '2020-11-30 08:43:40', NULL),
(176, 'COM2850881', 1, 44, 'gouthamsambaraju4a7@gmail.com', 'admin@admin.com', '', '<p>tfh fthf</p>', '1', '2020-11-30 08:43:40', NULL),
(177, 'COM2850881', 1, 0, '', 'admin@admin.com', '', '<p>tfh fthf</p>', '1', '2020-11-30 08:43:40', NULL),
(178, 'COM2850881', 1, 30, 'raghuvarma.testmail@gmail.com', 'admin@admin.com', '', '<p>tfh fthf</p>', '1', '2020-11-30 08:43:40', NULL),
(179, 'COM2850881', 1, 31, 'branchbrooktest@gmail.com', 'admin@admin.com', '', '<p>tfh fthf</p>', '1', '2020-11-30 08:43:40', NULL),
(180, 'COM2850881', 1, 32, 'masontest@gmail.com', 'admin@admin.com', '', '<p>tfh fthf</p>', '1', '2020-11-30 08:43:40', NULL),
(181, 'COM2850881', 1, 33, 'heiditest@gmail.com', 'admin@admin.com', '', '<p>tfh fthf</p>', '1', '2020-11-30 08:43:40', NULL),
(182, 'COM2850881', 1, 34, 'vimtest@gmail.com', 'admin@admin.com', '', '<p>tfh fthf</p>', '1', '2020-11-30 08:43:40', NULL),
(183, 'COM2850881', 1, 35, 'mergewelltest@gmail.com', 'admin@admin.com', '', '<p>tfh fthf</p>', '1', '2020-11-30 08:43:40', NULL),
(184, 'COM2850881', 1, 36, 'nostrandtest@gmail.com', 'admin@admin.com', '', '<p>tfh fthf</p>', '1', '2020-11-30 08:43:41', NULL),
(185, 'COM2850881', 1, 37, 'elmhurstest@gmail.com', 'admin@admin.com', '', '<p>tfh fthf</p>', '1', '2020-11-30 08:43:41', NULL),
(186, 'COM2850881', 1, 38, 'freedomtest@gmail.com', 'admin@admin.com', '', '<p>tfh fthf</p>', '1', '2020-11-30 08:43:41', NULL),
(187, 'COM2850881', 1, 39, 'lendatest@gmail.com', 'admin@admin.com', '', '<p>tfh fthf</p>', '1', '2020-11-30 08:43:41', NULL),
(188, 'COM2850881', 1, 40, 'erinstest@gmail.com', 'admin@admin.com', '', '<p>tfh fthf</p>', '1', '2020-11-30 08:43:41', NULL),
(189, 'COM2850881', 1, 41, 'hilltest@gmail.com', 'admin@admin.com', '', '<p>tfh fthf</p>', '1', '2020-11-30 08:43:41', NULL),
(190, 'COM2850881', 1, 42, 'expresscaretest@gmail.com', 'admin@admin.com', '', '<p>tfh fthf</p>', '1', '2020-11-30 08:43:41', NULL),
(191, 'COM2850881', 1, 43, 'carewelltest@gmail.com', 'admin@admin.com', '', '<p>tfh fthf</p>', '1', '2020-11-30 08:43:41', NULL),
(192, 'COM2850881', 1, 44, 'gouthamsambaraju4a7@gmail.com', 'admin@admin.com', '', '<p>tfh fthf</p>', '1', '2020-11-30 08:43:41', NULL),
(193, 'COM2850881', 1, 0, '', 'admin@admin.com', '', '<p>tfh fthf</p>', '1', '2020-11-30 08:43:41', NULL),
(194, 'COM2850881', 1, 30, 'raghuvarma.testmail@gmail.com', 'admin@admin.com', '', '<p>tfh fthf</p>', '1', '2020-11-30 08:43:41', NULL),
(195, 'COM2850881', 1, 31, 'branchbrooktest@gmail.com', 'admin@admin.com', '', '<p>tfh fthf</p>', '1', '2020-11-30 08:43:41', NULL),
(196, 'COM2850881', 1, 32, 'masontest@gmail.com', 'admin@admin.com', '', '<p>tfh fthf</p>', '1', '2020-11-30 08:43:41', NULL),
(197, 'COM2850881', 1, 33, 'heiditest@gmail.com', 'admin@admin.com', '', '<p>tfh fthf</p>', '1', '2020-11-30 08:43:41', NULL),
(198, 'COM2850881', 1, 34, 'vimtest@gmail.com', 'admin@admin.com', '', '<p>tfh fthf</p>', '1', '2020-11-30 08:43:41', NULL),
(199, 'COM2850881', 1, 35, 'mergewelltest@gmail.com', 'admin@admin.com', '', '<p>tfh fthf</p>', '1', '2020-11-30 08:43:41', NULL),
(200, 'COM2850881', 1, 36, 'nostrandtest@gmail.com', 'admin@admin.com', '', '<p>tfh fthf</p>', '1', '2020-11-30 08:43:41', NULL),
(201, 'COM2850881', 1, 37, 'elmhurstest@gmail.com', 'admin@admin.com', '', '<p>tfh fthf</p>', '1', '2020-11-30 08:43:41', NULL),
(202, 'COM2850881', 1, 38, 'freedomtest@gmail.com', 'admin@admin.com', '', '<p>tfh fthf</p>', '1', '2020-11-30 08:43:41', NULL),
(203, 'COM2850881', 1, 39, 'lendatest@gmail.com', 'admin@admin.com', '', '<p>tfh fthf</p>', '1', '2020-11-30 08:43:41', NULL),
(204, 'COM2850881', 1, 40, 'erinstest@gmail.com', 'admin@admin.com', '', '<p>tfh fthf</p>', '1', '2020-11-30 08:43:41', NULL),
(205, 'COM2850881', 1, 41, 'hilltest@gmail.com', 'admin@admin.com', '', '<p>tfh fthf</p>', '1', '2020-11-30 08:43:41', NULL),
(206, 'COM2850881', 1, 42, 'expresscaretest@gmail.com', 'admin@admin.com', '', '<p>tfh fthf</p>', '1', '2020-11-30 08:43:41', NULL),
(207, 'COM2850881', 1, 43, 'carewelltest@gmail.com', 'admin@admin.com', '', '<p>tfh fthf</p>', '1', '2020-11-30 08:43:42', NULL),
(208, 'COM2850881', 1, 44, 'gouthamsambaraju4a7@gmail.com', 'admin@admin.com', '', '<p>tfh fthf</p>', '1', '2020-11-30 08:43:42', NULL),
(209, 'COM2850881', 1, 0, '', 'admin@admin.com', '', '<p>tfh fthf</p>', '1', '2020-11-30 08:43:42', NULL),
(210, 'COM2850881', 1, 30, 'raghuvarma.testmail@gmail.com', 'admin@admin.com', '', '<p>tfh fthf</p>', '1', '2020-11-30 08:43:42', NULL),
(211, 'COM2850881', 1, 31, 'branchbrooktest@gmail.com', 'admin@admin.com', '', '<p>tfh fthf</p>', '1', '2020-11-30 08:43:42', NULL),
(212, 'COM2850881', 1, 32, 'masontest@gmail.com', 'admin@admin.com', '', '<p>tfh fthf</p>', '1', '2020-11-30 08:43:42', NULL),
(213, 'COM2850881', 1, 33, 'heiditest@gmail.com', 'admin@admin.com', '', '<p>tfh fthf</p>', '1', '2020-11-30 08:43:42', NULL),
(214, 'COM2850881', 1, 34, 'vimtest@gmail.com', 'admin@admin.com', '', '<p>tfh fthf</p>', '1', '2020-11-30 08:43:42', NULL),
(215, 'COM2850881', 1, 35, 'mergewelltest@gmail.com', 'admin@admin.com', '', '<p>tfh fthf</p>', '1', '2020-11-30 08:43:42', NULL),
(216, 'COM2850881', 1, 36, 'nostrandtest@gmail.com', 'admin@admin.com', '', '<p>tfh fthf</p>', '1', '2020-11-30 08:43:42', NULL),
(217, 'COM2850881', 1, 37, 'elmhurstest@gmail.com', 'admin@admin.com', '', '<p>tfh fthf</p>', '1', '2020-11-30 08:43:42', NULL),
(218, 'COM2850881', 1, 38, 'freedomtest@gmail.com', 'admin@admin.com', '', '<p>tfh fthf</p>', '1', '2020-11-30 08:43:42', NULL),
(219, 'COM2850881', 1, 39, 'lendatest@gmail.com', 'admin@admin.com', '', '<p>tfh fthf</p>', '1', '2020-11-30 08:43:42', NULL),
(220, 'COM2850881', 1, 40, 'erinstest@gmail.com', 'admin@admin.com', '', '<p>tfh fthf</p>', '1', '2020-11-30 08:43:42', NULL),
(221, 'COM2850881', 1, 41, 'hilltest@gmail.com', 'admin@admin.com', '', '<p>tfh fthf</p>', '1', '2020-11-30 08:43:42', NULL),
(222, 'COM2850881', 1, 42, 'expresscaretest@gmail.com', 'admin@admin.com', '', '<p>tfh fthf</p>', '1', '2020-11-30 08:43:42', NULL),
(223, 'COM2850881', 1, 43, 'carewelltest@gmail.com', 'admin@admin.com', '', '<p>tfh fthf</p>', '1', '2020-11-30 08:43:42', NULL),
(224, 'COM2850881', 1, 44, 'gouthamsambaraju4a7@gmail.com', 'admin@admin.com', '', '<p>tfh fthf</p>', '1', '2020-11-30 08:43:42', NULL),
(225, 'COM2850881', 1, 0, '', 'admin@admin.com', '', '<p>tfh fthf</p>', '1', '2020-11-30 08:43:42', NULL),
(226, 'COM2850881', 1, 30, 'raghuvarma.testmail@gmail.com', 'admin@admin.com', '', '<p>tfh fthf</p>', '1', '2020-11-30 08:43:42', NULL),
(227, 'COM2850881', 1, 31, 'branchbrooktest@gmail.com', 'admin@admin.com', '', '<p>tfh fthf</p>', '1', '2020-11-30 08:43:42', NULL),
(228, 'COM2850881', 1, 32, 'masontest@gmail.com', 'admin@admin.com', '', '<p>tfh fthf</p>', '1', '2020-11-30 08:43:42', NULL),
(229, 'COM2850881', 1, 33, 'heiditest@gmail.com', 'admin@admin.com', '', '<p>tfh fthf</p>', '1', '2020-11-30 08:43:42', NULL),
(230, 'COM2850881', 1, 34, 'vimtest@gmail.com', 'admin@admin.com', '', '<p>tfh fthf</p>', '1', '2020-11-30 08:43:43', NULL),
(231, 'COM2850881', 1, 35, 'mergewelltest@gmail.com', 'admin@admin.com', '', '<p>tfh fthf</p>', '1', '2020-11-30 08:43:43', NULL),
(232, 'COM2850881', 1, 36, 'nostrandtest@gmail.com', 'admin@admin.com', '', '<p>tfh fthf</p>', '1', '2020-11-30 08:43:43', NULL),
(233, 'COM2850881', 1, 37, 'elmhurstest@gmail.com', 'admin@admin.com', '', '<p>tfh fthf</p>', '1', '2020-11-30 08:43:43', NULL),
(234, 'COM2850881', 1, 38, 'freedomtest@gmail.com', 'admin@admin.com', '', '<p>tfh fthf</p>', '1', '2020-11-30 08:43:43', NULL),
(235, 'COM2850881', 1, 39, 'lendatest@gmail.com', 'admin@admin.com', '', '<p>tfh fthf</p>', '1', '2020-11-30 08:43:43', NULL),
(236, 'COM2850881', 1, 40, 'erinstest@gmail.com', 'admin@admin.com', '', '<p>tfh fthf</p>', '1', '2020-11-30 08:43:43', NULL),
(237, 'COM2850881', 1, 41, 'hilltest@gmail.com', 'admin@admin.com', '', '<p>tfh fthf</p>', '1', '2020-11-30 08:43:43', NULL),
(238, 'COM2850881', 1, 42, 'expresscaretest@gmail.com', 'admin@admin.com', '', '<p>tfh fthf</p>', '1', '2020-11-30 08:43:43', NULL),
(239, 'COM2850881', 1, 43, 'carewelltest@gmail.com', 'admin@admin.com', '', '<p>tfh fthf</p>', '1', '2020-11-30 08:43:43', NULL),
(240, 'COM2850881', 1, 44, 'gouthamsambaraju4a7@gmail.com', 'admin@admin.com', '', '<p>tfh fthf</p>', '1', '2020-11-30 08:43:43', NULL),
(241, 'COM2850881', 1, 0, '', 'admin@admin.com', '', '<p>tfh fthf</p>', '1', '2020-11-30 08:43:43', NULL),
(242, 'COM2850881', 1, 30, 'raghuvarma.testmail@gmail.com', 'admin@admin.com', '', '<p>tfh fthf</p>', '1', '2020-11-30 08:43:43', NULL),
(243, 'COM2850881', 1, 31, 'branchbrooktest@gmail.com', 'admin@admin.com', '', '<p>tfh fthf</p>', '1', '2020-11-30 08:43:43', NULL),
(244, 'COM2850881', 1, 32, 'masontest@gmail.com', 'admin@admin.com', '', '<p>tfh fthf</p>', '1', '2020-11-30 08:43:43', NULL),
(245, 'COM2850881', 1, 33, 'heiditest@gmail.com', 'admin@admin.com', '', '<p>tfh fthf</p>', '1', '2020-11-30 08:43:43', NULL),
(246, 'COM2850881', 1, 34, 'vimtest@gmail.com', 'admin@admin.com', '', '<p>tfh fthf</p>', '1', '2020-11-30 08:43:43', NULL),
(247, 'COM2850881', 1, 35, 'mergewelltest@gmail.com', 'admin@admin.com', '', '<p>tfh fthf</p>', '1', '2020-11-30 08:43:43', NULL),
(248, 'COM2850881', 1, 36, 'nostrandtest@gmail.com', 'admin@admin.com', '', '<p>tfh fthf</p>', '1', '2020-11-30 08:43:44', NULL),
(249, 'COM2850881', 1, 37, 'elmhurstest@gmail.com', 'admin@admin.com', '', '<p>tfh fthf</p>', '1', '2020-11-30 08:43:44', NULL),
(250, 'COM2850881', 1, 38, 'freedomtest@gmail.com', 'admin@admin.com', '', '<p>tfh fthf</p>', '1', '2020-11-30 08:43:44', NULL),
(251, 'COM2850881', 1, 39, 'lendatest@gmail.com', 'admin@admin.com', '', '<p>tfh fthf</p>', '1', '2020-11-30 08:43:44', NULL),
(252, 'COM2850881', 1, 40, 'erinstest@gmail.com', 'admin@admin.com', '', '<p>tfh fthf</p>', '1', '2020-11-30 08:43:44', NULL),
(253, 'COM2850881', 1, 41, 'hilltest@gmail.com', 'admin@admin.com', '', '<p>tfh fthf</p>', '1', '2020-11-30 08:43:44', NULL),
(254, 'COM2850881', 1, 42, 'expresscaretest@gmail.com', 'admin@admin.com', '', '<p>tfh fthf</p>', '1', '2020-11-30 08:43:44', NULL),
(255, 'COM2850881', 1, 43, 'carewelltest@gmail.com', 'admin@admin.com', '', '<p>tfh fthf</p>', '1', '2020-11-30 08:43:44', NULL),
(256, 'COM2850881', 1, 44, 'gouthamsambaraju4a7@gmail.com', 'admin@admin.com', '', '<p>tfh fthf</p>', '1', '2020-11-30 08:43:44', NULL),
(257, 'COM2850881', 1, 0, '', 'admin@admin.com', 'Test', '<p>tfh fthf</p>', '1', '2020-11-30 08:43:44', NULL),
(258, 'COM2850881', 1, 30, 'raghuvarma.testmail@gmail.com', 'admin@admin.com', 'Test', '<p>tfh fthf</p>', '1', '2020-11-30 08:43:44', NULL),
(259, 'COM2850881', 1, 31, 'branchbrooktest@gmail.com', 'admin@admin.com', 'Test', '<p>tfh fthf</p>', '1', '2020-11-30 08:43:44', NULL),
(260, 'COM2850881', 1, 32, 'masontest@gmail.com', 'admin@admin.com', 'Test', '<p>tfh fthf</p>', '1', '2020-11-30 08:43:44', NULL),
(261, 'COM2850881', 1, 33, 'heiditest@gmail.com', 'admin@admin.com', 'Test', '<p>tfh fthf</p>', '1', '2020-11-30 08:43:44', NULL),
(262, 'COM2850881', 1, 34, 'vimtest@gmail.com', 'admin@admin.com', 'Test', '<p>tfh fthf</p>', '1', '2020-11-30 08:43:44', NULL),
(263, 'COM2850881', 1, 35, 'mergewelltest@gmail.com', 'admin@admin.com', 'Test', '<p>tfh fthf</p>', '1', '2020-11-30 08:43:44', NULL),
(264, 'COM2850881', 1, 36, 'nostrandtest@gmail.com', 'admin@admin.com', 'Test', '<p>tfh fthf</p>', '1', '2020-11-30 08:43:44', NULL),
(265, 'COM2850881', 1, 37, 'elmhurstest@gmail.com', 'admin@admin.com', 'Test', '<p>tfh fthf</p>', '1', '2020-11-30 08:43:44', NULL),
(266, 'COM2850881', 1, 38, 'freedomtest@gmail.com', 'admin@admin.com', 'Test', '<p>tfh fthf</p>', '1', '2020-11-30 08:43:44', NULL),
(267, 'COM2850881', 1, 39, 'lendatest@gmail.com', 'admin@admin.com', 'Test', '<p>tfh fthf</p>', '1', '2020-11-30 08:43:44', NULL),
(268, 'COM2850881', 1, 40, 'erinstest@gmail.com', 'admin@admin.com', 'Test', '<p>tfh fthf</p>', '1', '2020-11-30 08:43:44', NULL),
(269, 'COM2850881', 1, 41, 'hilltest@gmail.com', 'admin@admin.com', 'Test', '<p>tfh fthf</p>', '1', '2020-11-30 08:43:44', NULL),
(270, 'COM2850881', 1, 42, 'expresscaretest@gmail.com', 'admin@admin.com', 'Test', '<p>tfh fthf</p>', '1', '2020-11-30 08:43:44', NULL),
(271, 'COM2850881', 1, 43, 'carewelltest@gmail.com', 'admin@admin.com', 'Test', '<p>tfh fthf</p>', '1', '2020-11-30 08:43:45', NULL),
(272, 'COM2850881', 1, 44, 'gouthamsambaraju4a7@gmail.com', 'admin@admin.com', 'Test', '<p>tfh fthf</p>', '1', '2020-11-30 08:43:45', NULL),
(273, 'COM2850881', 1, 0, '', 'admin@admin.com', 'Test', '<p>tfh fthf</p>', '1', '2020-11-30 08:43:45', NULL),
(274, 'COM2850881', 1, 30, 'raghuvarma.testmail@gmail.com', 'admin@admin.com', 'Test', '<p>tfh fthf</p>', '1', '2020-11-30 08:43:45', NULL),
(275, 'COM2850881', 1, 31, 'branchbrooktest@gmail.com', 'admin@admin.com', 'Test', '<p>tfh fthf</p>', '1', '2020-11-30 08:43:45', NULL),
(276, 'COM2850881', 1, 32, 'masontest@gmail.com', 'admin@admin.com', 'Test', '<p>tfh fthf</p>', '1', '2020-11-30 08:43:45', NULL),
(277, 'COM2850881', 1, 33, 'heiditest@gmail.com', 'admin@admin.com', 'Test', '<p>tfh fthf</p>', '1', '2020-11-30 08:43:45', NULL),
(278, 'COM2850881', 1, 34, 'vimtest@gmail.com', 'admin@admin.com', 'Test', '<p>tfh fthf</p>', '1', '2020-11-30 08:43:45', NULL),
(279, 'COM2850881', 1, 35, 'mergewelltest@gmail.com', 'admin@admin.com', 'Test', '<p>tfh fthf</p>', '1', '2020-11-30 08:43:45', NULL),
(280, 'COM2850881', 1, 36, 'nostrandtest@gmail.com', 'admin@admin.com', 'Test', '<p>tfh fthf</p>', '1', '2020-11-30 08:43:45', NULL),
(281, 'COM2850881', 1, 37, 'elmhurstest@gmail.com', 'admin@admin.com', 'Test', '<p>tfh fthf</p>', '1', '2020-11-30 08:43:45', NULL),
(282, 'COM2850881', 1, 38, 'freedomtest@gmail.com', 'admin@admin.com', 'Test', '<p>tfh fthf</p>', '1', '2020-11-30 08:43:45', NULL),
(283, 'COM2850881', 1, 39, 'lendatest@gmail.com', 'admin@admin.com', 'Test', '<p>tfh fthf</p>', '1', '2020-11-30 08:43:45', NULL),
(284, 'COM2850881', 1, 40, 'erinstest@gmail.com', 'admin@admin.com', 'Test', '<p>tfh fthf</p>', '1', '2020-11-30 08:43:45', NULL),
(285, 'COM2850881', 1, 41, 'hilltest@gmail.com', 'admin@admin.com', 'Test', '<p>tfh fthf</p>', '1', '2020-11-30 08:43:45', NULL),
(286, 'COM2850881', 1, 42, 'expresscaretest@gmail.com', 'admin@admin.com', 'Test', '<p>tfh fthf</p>', '1', '2020-11-30 08:43:45', NULL),
(287, 'COM2850881', 1, 43, 'carewelltest@gmail.com', 'admin@admin.com', 'Test', '<p>tfh fthf</p>', '1', '2020-11-30 08:43:45', NULL),
(288, 'COM2850881', 1, 44, 'gouthamsambaraju4a7@gmail.com', 'admin@admin.com', 'Test', '<p>tfh fthf</p>', '1', '2020-11-30 08:43:45', NULL),
(289, 'COM2850881', 1, 0, '', 'admin@admin.com', 'Test', '<p>tfh fthf</p>', '1', '2020-11-30 08:43:45', NULL),
(290, 'COM2850881', 1, 30, 'raghuvarma.testmail@gmail.com', 'admin@admin.com', 'Test', '<p>tfh fthf</p>', '1', '2020-11-30 08:43:45', NULL),
(291, 'COM2850881', 1, 31, 'branchbrooktest@gmail.com', 'admin@admin.com', 'Test', '<p>tfh fthf</p>', '1', '2020-11-30 08:43:46', NULL),
(292, 'COM2850881', 1, 32, 'masontest@gmail.com', 'admin@admin.com', 'Test', '<p>tfh fthf</p>', '1', '2020-11-30 08:43:46', NULL),
(293, 'COM2850881', 1, 33, 'heiditest@gmail.com', 'admin@admin.com', 'Test', '<p>tfh fthf</p>', '1', '2020-11-30 08:43:46', NULL),
(294, 'COM2850881', 1, 34, 'vimtest@gmail.com', 'admin@admin.com', 'Test', '<p>tfh fthf</p>', '1', '2020-11-30 08:43:46', NULL),
(295, 'COM2850881', 1, 35, 'mergewelltest@gmail.com', 'admin@admin.com', 'Test', '<p>tfh fthf</p>', '1', '2020-11-30 08:43:46', NULL),
(296, 'COM2850881', 1, 36, 'nostrandtest@gmail.com', 'admin@admin.com', 'Test', '<p>tfh fthf</p>', '1', '2020-11-30 08:43:46', NULL),
(297, 'COM2850881', 1, 37, 'elmhurstest@gmail.com', 'admin@admin.com', 'Test', '<p>tfh fthf</p>', '1', '2020-11-30 08:43:46', NULL),
(298, 'COM2850881', 1, 38, 'freedomtest@gmail.com', 'admin@admin.com', 'Test', '<p>tfh fthf</p>', '1', '2020-11-30 08:43:46', NULL),
(299, 'COM2850881', 1, 39, 'lendatest@gmail.com', 'admin@admin.com', 'Test', '<p>tfh fthf</p>', '1', '2020-11-30 08:43:46', NULL),
(300, 'COM2850881', 1, 40, 'erinstest@gmail.com', 'admin@admin.com', 'Test', '<p>tfh fthf</p>', '1', '2020-11-30 08:43:46', NULL),
(301, 'COM2850881', 1, 41, 'hilltest@gmail.com', 'admin@admin.com', 'Test', '<p>tfh fthf</p>', '1', '2020-11-30 08:43:46', NULL),
(302, 'COM2850881', 1, 42, 'expresscaretest@gmail.com', 'admin@admin.com', 'Test', '<p>tfh fthf</p>', '1', '2020-11-30 08:43:46', NULL),
(303, 'COM2850881', 1, 43, 'carewelltest@gmail.com', 'admin@admin.com', 'Test', '<p>tfh fthf</p>', '1', '2020-11-30 08:43:46', NULL),
(304, 'COM2850881', 1, 44, 'gouthamsambaraju4a7@gmail.com', 'admin@admin.com', 'Test', '<p>tfh fthf</p>', '1', '2020-11-30 08:43:46', NULL),
(305, 'COM2850881', 1, 0, '', 'admin@admin.com', 'Test', '<p>tfh fthf</p>', '1', '2020-11-30 08:43:46', NULL),
(306, 'COM2850881', 1, 30, 'raghuvarma.testmail@gmail.com', 'admin@admin.com', 'Test', '<p>tfh fthf</p>', '1', '2020-11-30 08:43:46', NULL),
(307, 'COM2850881', 1, 31, 'branchbrooktest@gmail.com', 'admin@admin.com', 'Test', '<p>tfh fthf</p>', '1', '2020-11-30 08:43:46', NULL),
(308, 'COM2850881', 1, 32, 'masontest@gmail.com', 'admin@admin.com', 'Test', '<p>tfh fthf</p>', '1', '2020-11-30 08:43:47', NULL),
(309, 'COM2850881', 1, 33, 'heiditest@gmail.com', 'admin@admin.com', 'Test', '<p>tfh fthf</p>', '1', '2020-11-30 08:43:47', NULL),
(310, 'COM2850881', 1, 34, 'vimtest@gmail.com', 'admin@admin.com', 'Test', '<p>tfh fthf</p>', '1', '2020-11-30 08:43:47', NULL),
(311, 'COM2850881', 1, 35, 'mergewelltest@gmail.com', 'admin@admin.com', 'Test', '<p>tfh fthf</p>', '1', '2020-11-30 08:43:47', NULL),
(312, 'COM2850881', 1, 36, 'nostrandtest@gmail.com', 'admin@admin.com', 'Test', '<p>tfh fthf</p>', '1', '2020-11-30 08:43:47', NULL),
(313, 'COM2850881', 1, 37, 'elmhurstest@gmail.com', 'admin@admin.com', 'Test', '<p>tfh fthf</p>', '1', '2020-11-30 08:43:47', NULL),
(314, 'COM2850881', 1, 38, 'freedomtest@gmail.com', 'admin@admin.com', 'Test', '<p>tfh fthf</p>', '1', '2020-11-30 08:43:47', NULL),
(315, 'COM2850881', 1, 39, 'lendatest@gmail.com', 'admin@admin.com', 'Test', '<p>tfh fthf</p>', '1', '2020-11-30 08:43:47', NULL),
(316, 'COM2850881', 1, 40, 'erinstest@gmail.com', 'admin@admin.com', 'Test', '<p>tfh fthf</p>', '1', '2020-11-30 08:43:47', NULL),
(317, 'COM2850881', 1, 41, 'hilltest@gmail.com', 'admin@admin.com', 'Test', '<p>tfh fthf</p>', '1', '2020-11-30 08:43:47', NULL),
(318, 'COM2850881', 1, 42, 'expresscaretest@gmail.com', 'admin@admin.com', 'Test', '<p>tfh fthf</p>', '1', '2020-11-30 08:43:47', NULL),
(319, 'COM2850881', 1, 43, 'carewelltest@gmail.com', 'admin@admin.com', 'Test', '<p>tfh fthf</p>', '1', '2020-11-30 08:43:47', NULL),
(320, 'COM2850881', 1, 44, 'gouthamsambaraju4a7@gmail.com', 'admin@admin.com', 'Test', '<p>tfh fthf</p>', '1', '2020-11-30 08:43:47', NULL),
(321, 'COM2850881', 1, 0, '', 'admin@admin.com', 'Test', '<p>tfh fthf</p>', '1', '2020-11-30 08:43:47', NULL),
(322, 'COM2850881', 1, 30, 'raghuvarma.testmail@gmail.com', 'admin@admin.com', 'Test', '<p>tfh fthf</p>', '1', '2020-11-30 08:43:47', NULL),
(323, 'COM2850881', 1, 31, 'branchbrooktest@gmail.com', 'admin@admin.com', 'Test', '<p>tfh fthf</p>', '1', '2020-11-30 08:43:47', NULL),
(324, 'COM2850881', 1, 32, 'masontest@gmail.com', 'admin@admin.com', 'Test', '<p>tfh fthf</p>', '1', '2020-11-30 08:43:47', NULL),
(325, 'COM2850881', 1, 33, 'heiditest@gmail.com', 'admin@admin.com', 'Test', '<p>tfh fthf</p>', '1', '2020-11-30 08:43:47', NULL),
(326, 'COM2850881', 1, 34, 'vimtest@gmail.com', 'admin@admin.com', 'Test', '<p>tfh fthf</p>', '1', '2020-11-30 08:43:47', NULL),
(327, 'COM2850881', 1, 35, 'mergewelltest@gmail.com', 'admin@admin.com', 'Test', '<p>tfh fthf</p>', '1', '2020-11-30 08:43:47', NULL),
(328, 'COM2850881', 1, 36, 'nostrandtest@gmail.com', 'admin@admin.com', 'Test', '<p>tfh fthf</p>', '1', '2020-11-30 08:43:47', NULL),
(329, 'COM2850881', 1, 37, 'elmhurstest@gmail.com', 'admin@admin.com', 'Test', '<p>tfh fthf</p>', '1', '2020-11-30 08:43:47', NULL),
(330, 'COM2850881', 1, 38, 'freedomtest@gmail.com', 'admin@admin.com', 'Test', '<p>tfh fthf</p>', '1', '2020-11-30 08:43:48', NULL),
(331, 'COM2850881', 1, 39, 'lendatest@gmail.com', 'admin@admin.com', 'Test', '<p>tfh fthf</p>', '1', '2020-11-30 08:43:48', NULL),
(332, 'COM2850881', 1, 40, 'erinstest@gmail.com', 'admin@admin.com', 'Test', '<p>tfh fthf</p>', '1', '2020-11-30 08:43:48', NULL),
(333, 'COM2850881', 1, 41, 'hilltest@gmail.com', 'admin@admin.com', 'Test', '<p>tfh fthf</p>', '1', '2020-11-30 08:43:48', NULL),
(334, 'COM2850881', 1, 42, 'expresscaretest@gmail.com', 'admin@admin.com', 'Test', '<p>tfh fthf</p>', '1', '2020-11-30 08:43:48', NULL),
(335, 'COM2850881', 1, 43, 'carewelltest@gmail.com', 'admin@admin.com', 'Test', '<p>tfh fthf</p>', '1', '2020-11-30 08:43:48', NULL),
(336, 'COM2850881', 1, 44, 'gouthamsambaraju4a7@gmail.com', 'admin@admin.com', 'Test', '<p>tfh fthf</p>', '1', '2020-11-30 08:43:48', NULL),
(337, 'COM2850881', 1, 0, '', 'admin@admin.com', 'Test', '<p>tfh fthf</p>', '1', '2020-11-30 08:43:48', NULL),
(338, 'COM2850881', 1, 30, 'raghuvarma.testmail@gmail.com', 'admin@admin.com', 'Test', '<p>tfh fthf</p>', '1', '2020-11-30 08:43:48', NULL),
(339, 'COM2850881', 1, 31, 'branchbrooktest@gmail.com', 'admin@admin.com', 'Test', '<p>tfh fthf</p>', '1', '2020-11-30 08:43:48', NULL),
(340, 'COM2850881', 1, 32, 'masontest@gmail.com', 'admin@admin.com', 'Test', '<p>tfh fthf</p>', '1', '2020-11-30 08:43:48', NULL),
(341, 'COM2850881', 1, 33, 'heiditest@gmail.com', 'admin@admin.com', 'Test', '<p>tfh fthf</p>', '1', '2020-11-30 08:43:48', NULL),
(342, 'COM2850881', 1, 34, 'vimtest@gmail.com', 'admin@admin.com', 'Test', '<p>tfh fthf</p>', '1', '2020-11-30 08:43:48', NULL),
(343, 'COM2850881', 1, 35, 'mergewelltest@gmail.com', 'admin@admin.com', 'Test', '<p>tfh fthf</p>', '1', '2020-11-30 08:43:48', NULL),
(344, 'COM2850881', 1, 36, 'nostrandtest@gmail.com', 'admin@admin.com', 'Test', '<p>tfh fthf</p>', '1', '2020-11-30 08:43:48', NULL),
(345, 'COM2850881', 1, 37, 'elmhurstest@gmail.com', 'admin@admin.com', 'Test', '<p>tfh fthf</p>', '1', '2020-11-30 08:43:48', NULL),
(346, 'COM2850881', 1, 38, 'freedomtest@gmail.com', 'admin@admin.com', 'Test', '<p>tfh fthf</p>', '1', '2020-11-30 08:43:48', NULL),
(347, 'COM2850881', 1, 39, 'lendatest@gmail.com', 'admin@admin.com', 'Test', '<p>tfh fthf</p>', '1', '2020-11-30 08:43:48', NULL),
(348, 'COM2850881', 1, 40, 'erinstest@gmail.com', 'admin@admin.com', 'Test', '<p>tfh fthf</p>', '1', '2020-11-30 08:43:48', NULL),
(349, 'COM2850881', 1, 41, 'hilltest@gmail.com', 'admin@admin.com', 'Test', '<p>tfh fthf</p>', '1', '2020-11-30 08:43:49', NULL),
(350, 'COM2850881', 1, 42, 'expresscaretest@gmail.com', 'admin@admin.com', 'Test', '<p>tfh fthf</p>', '1', '2020-11-30 08:43:49', NULL),
(351, 'COM2850881', 1, 43, 'carewelltest@gmail.com', 'admin@admin.com', 'Test', '<p>tfh fthf</p>', '1', '2020-11-30 08:43:49', NULL),
(352, 'COM2850881', 1, 44, 'gouthamsambaraju4a7@gmail.com', 'admin@admin.com', 'Test', '<p>tfh fthf</p>', '1', '2020-11-30 08:43:49', NULL),
(353, 'COM2850881', 1, 0, '', 'admin@admin.com', 'Test', '<p>tfh fthf</p>', '1', '2020-11-30 08:43:49', NULL),
(354, 'COM2850881', 1, 30, 'raghuvarma.testmail@gmail.com', 'admin@admin.com', 'Test', '<p>tfh fthf</p>', '1', '2020-11-30 08:43:49', NULL),
(355, 'COM2850881', 1, 31, 'branchbrooktest@gmail.com', 'admin@admin.com', 'Test', '<p>tfh fthf</p>', '1', '2020-11-30 08:43:49', NULL),
(356, 'COM2850881', 1, 32, 'masontest@gmail.com', 'admin@admin.com', 'Test', '<p>tfh fthf</p>', '1', '2020-11-30 08:43:49', NULL),
(357, 'COM2850881', 1, 33, 'heiditest@gmail.com', 'admin@admin.com', 'Test', '<p>tfh fthf</p>', '1', '2020-11-30 08:43:49', NULL),
(358, 'COM2850881', 1, 34, 'vimtest@gmail.com', 'admin@admin.com', 'Test', '<p>tfh fthf</p>', '1', '2020-11-30 08:43:49', NULL),
(359, 'COM2850881', 1, 35, 'mergewelltest@gmail.com', 'admin@admin.com', 'Test', '<p>tfh fthf</p>', '1', '2020-11-30 08:43:49', NULL),
(360, 'COM2850881', 1, 36, 'nostrandtest@gmail.com', 'admin@admin.com', 'Test', '<p>tfh fthf</p>', '1', '2020-11-30 08:43:49', NULL),
(361, 'COM2850881', 1, 37, 'elmhurstest@gmail.com', 'admin@admin.com', 'Test', '<p>tfh fthf</p>', '1', '2020-11-30 08:43:49', NULL),
(362, 'COM2850881', 1, 38, 'freedomtest@gmail.com', 'admin@admin.com', 'Test', '<p>tfh fthf</p>', '1', '2020-11-30 08:43:49', NULL),
(363, 'COM2850881', 1, 39, 'lendatest@gmail.com', 'admin@admin.com', 'Test', '<p>tfh fthf</p>', '1', '2020-11-30 08:43:49', NULL),
(364, 'COM2850881', 1, 40, 'erinstest@gmail.com', 'admin@admin.com', 'Test', '<p>tfh fthf</p>', '1', '2020-11-30 08:43:49', NULL),
(365, 'COM2850881', 1, 41, 'hilltest@gmail.com', 'admin@admin.com', 'Test', '<p>tfh fthf</p>', '1', '2020-11-30 08:43:49', NULL),
(366, 'COM2850881', 1, 42, 'expresscaretest@gmail.com', 'admin@admin.com', 'Test', '<p>tfh fthf</p>', '1', '2020-11-30 08:43:49', NULL),
(367, 'COM2850881', 1, 43, 'carewelltest@gmail.com', 'admin@admin.com', 'Test', '<p>tfh fthf</p>', '1', '2020-11-30 08:43:49', NULL),
(368, 'COM2850881', 1, 44, 'gouthamsambaraju4a7@gmail.com', 'admin@admin.com', 'Test', '<p>tfh fthf</p>', '1', '2020-11-30 08:43:49', NULL),
(369, 'COM2850881', 1, 0, '', 'admin@admin.com', 'Test', '<p>tfh fthf</p>', '1', '2020-11-30 08:43:49', NULL),
(370, 'COM2850881', 1, 30, 'raghuvarma.testmail@gmail.com', 'admin@admin.com', 'Test', '<p>tfh fthf</p>', '1', '2020-11-30 08:43:50', NULL),
(371, 'COM2850881', 1, 31, 'branchbrooktest@gmail.com', 'admin@admin.com', 'Test', '<p>tfh fthf</p>', '1', '2020-11-30 08:43:50', NULL),
(372, 'COM2850881', 1, 32, 'masontest@gmail.com', 'admin@admin.com', 'Test', '<p>tfh fthf</p>', '1', '2020-11-30 08:43:50', NULL),
(373, 'COM2850881', 1, 33, 'heiditest@gmail.com', 'admin@admin.com', 'Test', '<p>tfh fthf</p>', '1', '2020-11-30 08:43:50', NULL),
(374, 'COM2850881', 1, 34, 'vimtest@gmail.com', 'admin@admin.com', 'Test', '<p>tfh fthf</p>', '1', '2020-11-30 08:43:50', NULL),
(375, 'COM2850881', 1, 35, 'mergewelltest@gmail.com', 'admin@admin.com', 'Test', '<p>tfh fthf</p>', '1', '2020-11-30 08:43:50', NULL),
(376, 'COM2850881', 1, 36, 'nostrandtest@gmail.com', 'admin@admin.com', 'Test', '<p>tfh fthf</p>', '1', '2020-11-30 08:43:50', NULL),
(377, 'COM2850881', 1, 37, 'elmhurstest@gmail.com', 'admin@admin.com', 'Test', '<p>tfh fthf</p>', '1', '2020-11-30 08:43:50', NULL),
(378, 'COM2850881', 1, 38, 'freedomtest@gmail.com', 'admin@admin.com', 'Test', '<p>tfh fthf</p>', '1', '2020-11-30 08:43:50', NULL),
(379, 'COM2850881', 1, 39, 'lendatest@gmail.com', 'admin@admin.com', 'Test', '<p>tfh fthf</p>', '1', '2020-11-30 08:43:50', NULL),
(380, 'COM2850881', 1, 40, 'erinstest@gmail.com', 'admin@admin.com', 'Test', '<p>tfh fthf</p>', '1', '2020-11-30 08:43:50', NULL),
(381, 'COM2850881', 1, 41, 'hilltest@gmail.com', 'admin@admin.com', 'Test', '<p>tfh fthf</p>', '1', '2020-11-30 08:43:50', NULL),
(382, 'COM2850881', 1, 42, 'expresscaretest@gmail.com', 'admin@admin.com', 'Test', '<p>tfh fthf</p>', '1', '2020-11-30 08:43:50', NULL),
(383, 'COM2850881', 1, 43, 'carewelltest@gmail.com', 'admin@admin.com', 'Test', '<p>tfh fthf</p>', '1', '2020-11-30 08:43:50', NULL),
(384, 'COM2850881', 1, 44, 'gouthamsambaraju4a7@gmail.com', 'admin@admin.com', 'Test', '<p>tfh fthf</p>', '1', '2020-11-30 08:43:50', NULL),
(385, 'COM2850881', 1, 0, '', 'admin@admin.com', 'Test', '<p>tfh fthf</p>', '1', '2020-11-30 08:43:50', NULL),
(386, 'COM2850881', 1, 30, 'raghuvarma.testmail@gmail.com', 'admin@admin.com', 'Test', '<p>tfh fthf</p>', '1', '2020-11-30 08:43:50', NULL),
(387, 'COM2850881', 1, 31, 'branchbrooktest@gmail.com', 'admin@admin.com', 'Test', '<p>tfh fthf</p>', '1', '2020-11-30 08:43:50', NULL),
(388, 'COM2850881', 1, 32, 'masontest@gmail.com', 'admin@admin.com', 'Test', '<p>tfh fthf</p>', '1', '2020-11-30 08:43:50', NULL),
(389, 'COM2850881', 1, 33, 'heiditest@gmail.com', 'admin@admin.com', 'Test', '<p>tfh fthf</p>', '1', '2020-11-30 08:43:50', NULL),
(390, 'COM2850881', 1, 34, 'vimtest@gmail.com', 'admin@admin.com', 'Test', '<p>tfh fthf</p>', '1', '2020-11-30 08:43:50', NULL);
INSERT INTO `communications` (`id`, `communication_id`, `from_user_id`, `to_user_id`, `mail_to`, `mail_from`, `mail_subject`, `mail_message`, `read_status`, `created_date`, `updated_date`) VALUES
(391, 'COM2850881', 1, 35, 'mergewelltest@gmail.com', 'admin@admin.com', 'Test', '<p>tfh fthf</p>', '1', '2020-11-30 08:43:51', NULL),
(392, 'COM2850881', 1, 36, 'nostrandtest@gmail.com', 'admin@admin.com', 'Test', '<p>tfh fthf</p>', '1', '2020-11-30 08:43:51', NULL),
(393, 'COM2850881', 1, 37, 'elmhurstest@gmail.com', 'admin@admin.com', 'Test', '<p>tfh fthf</p>', '1', '2020-11-30 08:43:51', NULL),
(394, 'COM2850881', 1, 38, 'freedomtest@gmail.com', 'admin@admin.com', 'Test', '<p>tfh fthf</p>', '1', '2020-11-30 08:43:51', NULL),
(395, 'COM2850881', 1, 39, 'lendatest@gmail.com', 'admin@admin.com', 'Test', '<p>tfh fthf</p>', '1', '2020-11-30 08:43:51', NULL),
(396, 'COM2850881', 1, 40, 'erinstest@gmail.com', 'admin@admin.com', 'Test', '<p>tfh fthf</p>', '1', '2020-11-30 08:43:51', NULL),
(397, 'COM2850881', 1, 41, 'hilltest@gmail.com', 'admin@admin.com', 'Test', '<p>tfh fthf</p>', '1', '2020-11-30 08:43:51', NULL),
(398, 'COM2850881', 1, 42, 'expresscaretest@gmail.com', 'admin@admin.com', 'Test', '<p>tfh fthf</p>', '1', '2020-11-30 08:43:51', NULL),
(399, 'COM2850881', 1, 43, 'carewelltest@gmail.com', 'admin@admin.com', 'Test', '<p>tfh fthf</p>', '1', '2020-11-30 08:43:51', NULL),
(400, 'COM2850881', 1, 44, 'gouthamsambaraju4a7@gmail.com', 'admin@admin.com', 'Test', '<p>tfh fthf</p>', '1', '2020-11-30 08:43:51', NULL),
(401, 'COM2850881', 1, 0, '', 'admin@admin.com', 'Test', '<p>tfh fthf</p>', '1', '2020-11-30 08:43:51', NULL),
(402, 'COM2850881', 1, 30, 'raghuvarma.testmail@gmail.com', 'admin@admin.com', 'Test', '<p>tfh fthf</p>', '1', '2020-11-30 08:43:51', NULL),
(403, 'COM2850881', 1, 31, 'branchbrooktest@gmail.com', 'admin@admin.com', 'Test', '<p>tfh fthf</p>', '1', '2020-11-30 08:43:51', NULL),
(404, 'COM2850881', 1, 32, 'masontest@gmail.com', 'admin@admin.com', 'Test', '<p>tfh fthf</p>', '1', '2020-11-30 08:43:51', NULL),
(405, 'COM2850881', 1, 33, 'heiditest@gmail.com', 'admin@admin.com', 'Test', '<p>tfh fthf</p>', '1', '2020-11-30 08:43:51', NULL),
(406, 'COM2850881', 1, 34, 'vimtest@gmail.com', 'admin@admin.com', 'Test', '<p>tfh fthf</p>', '1', '2020-11-30 08:43:51', NULL),
(407, 'COM2850881', 1, 35, 'mergewelltest@gmail.com', 'admin@admin.com', 'Test', '<p>tfh fthf</p>', '1', '2020-11-30 08:43:51', NULL),
(408, 'COM2850881', 1, 36, 'nostrandtest@gmail.com', 'admin@admin.com', 'Test', '<p>tfh fthf</p>', '1', '2020-11-30 08:43:51', NULL),
(409, 'COM2850881', 1, 37, 'elmhurstest@gmail.com', 'admin@admin.com', 'Test', '<p>tfh fthf</p>', '1', '2020-11-30 08:43:51', NULL),
(410, 'COM2850881', 1, 38, 'freedomtest@gmail.com', 'admin@admin.com', 'Test', '<p>tfh fthf</p>', '1', '2020-11-30 08:43:51', NULL),
(411, 'COM2850881', 1, 39, 'lendatest@gmail.com', 'admin@admin.com', 'Test', '<p>tfh fthf</p>', '1', '2020-11-30 08:43:51', NULL),
(412, 'COM2850881', 1, 40, 'erinstest@gmail.com', 'admin@admin.com', 'Test', '<p>tfh fthf</p>', '1', '2020-11-30 08:43:51', NULL),
(413, 'COM2850881', 1, 41, 'hilltest@gmail.com', 'admin@admin.com', 'Test', '<p>tfh fthf</p>', '1', '2020-11-30 08:43:51', NULL),
(414, 'COM2850881', 1, 42, 'expresscaretest@gmail.com', 'admin@admin.com', 'Test', '<p>tfh fthf</p>', '1', '2020-11-30 08:43:51', NULL),
(415, 'COM2850881', 1, 43, 'carewelltest@gmail.com', 'admin@admin.com', 'Test', '<p>tfh fthf</p>', '1', '2020-11-30 08:43:51', NULL),
(416, 'COM2850881', 1, 44, 'gouthamsambaraju4a7@gmail.com', 'admin@admin.com', 'Test', '<p>tfh fthf</p>', '1', '2020-11-30 08:43:52', NULL),
(417, 'COM2850881', 1, 0, '', 'admin@admin.com', 'Test', '<p>tfh fthf</p>', '1', '2020-11-30 08:43:52', NULL),
(418, 'COM2850881', 1, 30, 'raghuvarma.testmail@gmail.com', 'admin@admin.com', 'Test', '<p>tfh fthf</p>', '1', '2020-11-30 08:43:52', NULL),
(419, 'COM2850881', 1, 31, 'branchbrooktest@gmail.com', 'admin@admin.com', 'Test', '<p>tfh fthf</p>', '1', '2020-11-30 08:43:52', NULL),
(420, 'COM2850881', 1, 32, 'masontest@gmail.com', 'admin@admin.com', 'Test', '<p>tfh fthf</p>', '1', '2020-11-30 08:43:52', NULL),
(421, 'COM2850881', 1, 33, 'heiditest@gmail.com', 'admin@admin.com', 'Test', '<p>tfh fthf</p>', '1', '2020-11-30 08:43:52', NULL),
(422, 'COM2850881', 1, 34, 'vimtest@gmail.com', 'admin@admin.com', 'Test', '<p>tfh fthf</p>', '1', '2020-11-30 08:43:52', NULL),
(423, 'COM2850881', 1, 35, 'mergewelltest@gmail.com', 'admin@admin.com', 'Test', '<p>tfh fthf</p>', '1', '2020-11-30 08:43:52', NULL),
(424, 'COM2850881', 1, 36, 'nostrandtest@gmail.com', 'admin@admin.com', 'Test', '<p>tfh fthf</p>', '1', '2020-11-30 08:43:52', NULL),
(425, 'COM2850881', 1, 37, 'elmhurstest@gmail.com', 'admin@admin.com', 'Test', '<p>tfh fthf</p>', '1', '2020-11-30 08:43:52', NULL),
(426, 'COM2850881', 1, 38, 'freedomtest@gmail.com', 'admin@admin.com', 'Test', '<p>tfh fthf</p>', '1', '2020-11-30 08:43:52', NULL),
(427, 'COM2850881', 1, 39, 'lendatest@gmail.com', 'admin@admin.com', 'Test', '<p>tfh fthf</p>', '1', '2020-11-30 08:43:52', NULL),
(428, 'COM2850881', 1, 40, 'erinstest@gmail.com', 'admin@admin.com', 'Test', '<p>tfh fthf</p>', '1', '2020-11-30 08:43:52', NULL),
(429, 'COM2850881', 1, 41, 'hilltest@gmail.com', 'admin@admin.com', 'Test', '<p>tfh fthf</p>', '1', '2020-11-30 08:43:52', NULL),
(430, 'COM2850881', 1, 42, 'expresscaretest@gmail.com', 'admin@admin.com', 'Test', '<p>tfh fthf</p>', '1', '2020-11-30 08:43:52', NULL),
(431, 'COM2850881', 1, 43, 'carewelltest@gmail.com', 'admin@admin.com', 'Test', '<p>tfh fthf</p>', '1', '2020-11-30 08:43:52', NULL),
(432, 'COM2850881', 1, 44, 'gouthamsambaraju4a7@gmail.com', 'admin@admin.com', 'Test', '<p>tfh fthf</p>', '1', '2020-11-30 08:43:52', NULL),
(433, 'COM2850881', 1, 0, '', 'admin@admin.com', 'Test', '<p>tfh fthf</p>', '1', '2020-11-30 08:43:52', NULL),
(434, 'COM2850881', 1, 30, 'raghuvarma.testmail@gmail.com', 'admin@admin.com', 'Test', '<p>tfh fthf</p>', '1', '2020-11-30 08:43:52', NULL),
(435, 'COM2850881', 1, 31, 'branchbrooktest@gmail.com', 'admin@admin.com', 'Test', '<p>tfh fthf</p>', '1', '2020-11-30 08:43:52', NULL),
(436, 'COM2850881', 1, 32, 'masontest@gmail.com', 'admin@admin.com', 'Test', '<p>tfh fthf</p>', '1', '2020-11-30 08:43:52', NULL),
(437, 'COM2850881', 1, 33, 'heiditest@gmail.com', 'admin@admin.com', 'Test', '<p>tfh fthf</p>', '1', '2020-11-30 08:43:52', NULL),
(438, 'COM2850881', 1, 34, 'vimtest@gmail.com', 'admin@admin.com', 'Test', '<p>tfh fthf</p>', '1', '2020-11-30 08:43:53', NULL),
(439, 'COM2850881', 1, 35, 'mergewelltest@gmail.com', 'admin@admin.com', 'Test', '<p>tfh fthf</p>', '1', '2020-11-30 08:43:53', NULL),
(440, 'COM2850881', 1, 36, 'nostrandtest@gmail.com', 'admin@admin.com', 'Test', '<p>tfh fthf</p>', '1', '2020-11-30 08:43:53', NULL),
(441, 'COM2850881', 1, 37, 'elmhurstest@gmail.com', 'admin@admin.com', 'Test', '<p>tfh fthf</p>', '1', '2020-11-30 08:43:53', NULL),
(442, 'COM2850881', 1, 38, 'freedomtest@gmail.com', 'admin@admin.com', 'Test', '<p>tfh fthf</p>', '1', '2020-11-30 08:43:53', NULL),
(443, 'COM2850881', 1, 39, 'lendatest@gmail.com', 'admin@admin.com', 'Test', '<p>tfh fthf</p>', '1', '2020-11-30 08:43:53', NULL),
(444, 'COM2850881', 1, 40, 'erinstest@gmail.com', 'admin@admin.com', 'Test', '<p>tfh fthf</p>', '1', '2020-11-30 08:43:53', NULL),
(445, 'COM2850881', 1, 41, 'hilltest@gmail.com', 'admin@admin.com', 'Test', '<p>tfh fthf</p>', '1', '2020-11-30 08:43:53', NULL),
(446, 'COM2850881', 1, 42, 'expresscaretest@gmail.com', 'admin@admin.com', 'Test', '<p>tfh fthf</p>', '1', '2020-11-30 08:43:53', NULL),
(447, 'COM2850881', 1, 43, 'carewelltest@gmail.com', 'admin@admin.com', 'Test', '<p>tfh fthf</p>', '1', '2020-11-30 08:43:53', NULL),
(448, 'COM2850881', 1, 44, 'gouthamsambaraju4a7@gmail.com', 'admin@admin.com', 'Test', '<p>tfh fthf</p>', '1', '2020-11-30 08:43:53', NULL),
(449, 'COM2850881', 1, 0, '', 'admin@admin.com', 'Test', '<p>tfh fthf</p>', '1', '2020-11-30 08:43:53', NULL),
(450, 'COM2850881', 1, 30, 'raghuvarma.testmail@gmail.com', 'admin@admin.com', 'Test', '<p>tfh fthf</p>', '1', '2020-11-30 08:43:53', NULL),
(451, 'COM2850881', 1, 31, 'branchbrooktest@gmail.com', 'admin@admin.com', 'Test', '<p>tfh fthf</p>', '1', '2020-11-30 08:43:53', NULL),
(452, 'COM2850881', 1, 32, 'masontest@gmail.com', 'admin@admin.com', 'Test', '<p>tfh fthf</p>', '1', '2020-11-30 08:43:53', NULL),
(453, 'COM2850881', 1, 33, 'heiditest@gmail.com', 'admin@admin.com', 'Test', '<p>tfh fthf</p>', '1', '2020-11-30 08:43:53', NULL),
(454, 'COM2850881', 1, 34, 'vimtest@gmail.com', 'admin@admin.com', 'Test', '<p>tfh fthf</p>', '1', '2020-11-30 08:43:53', NULL),
(455, 'COM2850881', 1, 35, 'mergewelltest@gmail.com', 'admin@admin.com', 'Test', '<p>tfh fthf</p>', '1', '2020-11-30 08:43:53', NULL),
(456, 'COM2850881', 1, 36, 'nostrandtest@gmail.com', 'admin@admin.com', 'Test', '<p>tfh fthf</p>', '1', '2020-11-30 08:43:53', NULL),
(457, 'COM2850881', 1, 37, 'elmhurstest@gmail.com', 'admin@admin.com', 'Test', '<p>tfh fthf</p>', '1', '2020-11-30 08:43:54', NULL),
(458, 'COM2850881', 1, 38, 'freedomtest@gmail.com', 'admin@admin.com', 'Test', '<p>tfh fthf</p>', '1', '2020-11-30 08:43:54', NULL),
(459, 'COM2850881', 1, 39, 'lendatest@gmail.com', 'admin@admin.com', 'Test', '<p>tfh fthf</p>', '1', '2020-11-30 08:43:54', NULL),
(460, 'COM2850881', 1, 40, 'erinstest@gmail.com', 'admin@admin.com', 'Test', '<p>tfh fthf</p>', '1', '2020-11-30 08:43:54', NULL),
(461, 'COM2850881', 1, 41, 'hilltest@gmail.com', 'admin@admin.com', 'Test', '<p>tfh fthf</p>', '1', '2020-11-30 08:43:54', NULL),
(462, 'COM2850881', 1, 42, 'expresscaretest@gmail.com', 'admin@admin.com', 'Test', '<p>tfh fthf</p>', '1', '2020-11-30 08:43:54', NULL),
(463, 'COM2850881', 1, 43, 'carewelltest@gmail.com', 'admin@admin.com', 'Test', '<p>tfh fthf</p>', '1', '2020-11-30 08:43:54', NULL),
(464, 'COM2850881', 1, 44, 'gouthamsambaraju4a7@gmail.com', 'admin@admin.com', 'Test', '<p>tfh fthf</p>', '1', '2020-11-30 08:43:54', NULL),
(465, 'COM2850881', 1, 0, '', 'admin@admin.com', 'Test', '<p>tfh fthf</p>', '1', '2020-11-30 08:43:54', NULL),
(466, 'COM2850881', 1, 30, 'raghuvarma.testmail@gmail.com', 'admin@admin.com', 'Test', '<p>tfh fthf</p>', '1', '2020-11-30 08:43:54', NULL),
(467, 'COM2850881', 1, 31, 'branchbrooktest@gmail.com', 'admin@admin.com', 'Test', '<p>tfh fthf</p>', '1', '2020-11-30 08:43:54', NULL),
(468, 'COM2850881', 1, 32, 'masontest@gmail.com', 'admin@admin.com', 'Test', '<p>tfh fthf</p>', '1', '2020-11-30 08:43:54', NULL),
(469, 'COM2850881', 1, 33, 'heiditest@gmail.com', 'admin@admin.com', 'Test', '<p>tfh fthf</p>', '1', '2020-11-30 08:43:54', NULL),
(470, 'COM2850881', 1, 34, 'vimtest@gmail.com', 'admin@admin.com', 'Test', '<p>tfh fthf</p>', '1', '2020-11-30 08:43:54', NULL),
(471, 'COM2850881', 1, 35, 'mergewelltest@gmail.com', 'admin@admin.com', 'Test', '<p>tfh fthf</p>', '1', '2020-11-30 08:43:54', NULL),
(472, 'COM2850881', 1, 36, 'nostrandtest@gmail.com', 'admin@admin.com', 'Test', '<p>tfh fthf</p>', '1', '2020-11-30 08:43:54', NULL),
(473, 'COM2850881', 1, 37, 'elmhurstest@gmail.com', 'admin@admin.com', 'Test', '<p>tfh fthf</p>', '1', '2020-11-30 08:43:54', NULL),
(474, 'COM2850881', 1, 38, 'freedomtest@gmail.com', 'admin@admin.com', 'Test', '<p>tfh fthf</p>', '1', '2020-11-30 08:43:54', NULL),
(475, 'COM2850881', 1, 39, 'lendatest@gmail.com', 'admin@admin.com', 'Test', '<p>tfh fthf</p>', '1', '2020-11-30 08:43:54', NULL),
(476, 'COM2850881', 1, 40, 'erinstest@gmail.com', 'admin@admin.com', 'Test', '<p>tfh fthf</p>', '1', '2020-11-30 08:43:54', NULL),
(477, 'COM2850881', 1, 41, 'hilltest@gmail.com', 'admin@admin.com', 'Test', '<p>tfh fthf</p>', '1', '2020-11-30 08:43:54', NULL),
(478, 'COM2850881', 1, 42, 'expresscaretest@gmail.com', 'admin@admin.com', 'Test', '<p>tfh fthf</p>', '1', '2020-11-30 08:43:55', NULL),
(479, 'COM2850881', 1, 43, 'carewelltest@gmail.com', 'admin@admin.com', 'Test', '<p>tfh fthf</p>', '0', '2020-12-10 11:56:22', '2020-12-10 11:56:22'),
(480, 'COM2850881', 1, 44, 'gouthamsambaraju4a7@gmail.com', 'admin@admin.com', 'Test', '<p>tfh fthf</p>', '1', '2020-11-30 08:43:55', NULL),
(481, 'COM2850881', 1, 0, '', 'admin@admin.com', 'Test', '<p>tfh fthf</p>', '1', '2020-11-30 08:43:55', NULL),
(482, 'COM2850881', 1, 30, 'raghuvarma.testmail@gmail.com', 'admin@admin.com', 'Test', '<p>tfh fthf</p>', '1', '2020-11-30 08:43:55', NULL),
(483, 'COM2850881', 1, 31, 'branchbrooktest@gmail.com', 'admin@admin.com', 'Test', '<p>tfh fthf</p>', '1', '2020-11-30 08:43:55', NULL),
(484, 'COM2850881', 1, 32, 'masontest@gmail.com', 'admin@admin.com', 'Test', '<p>tfh fthf</p>', '1', '2020-11-30 08:43:55', NULL),
(485, 'COM2850881', 1, 33, 'heiditest@gmail.com', 'admin@admin.com', 'Test', '<p>tfh fthf</p>', '1', '2020-11-30 08:43:55', NULL),
(486, 'COM2850881', 1, 34, 'vimtest@gmail.com', 'admin@admin.com', 'Test', '<p>tfh fthf</p>', '1', '2020-11-30 08:43:55', NULL),
(487, 'COM2850881', 1, 35, 'mergewelltest@gmail.com', 'admin@admin.com', 'Test', '<p>tfh fthf</p>', '1', '2020-11-30 08:43:55', NULL),
(488, 'COM2850881', 1, 36, 'nostrandtest@gmail.com', 'admin@admin.com', 'Test', '<p>tfh fthf</p>', '1', '2020-11-30 08:43:55', NULL),
(489, 'COM2850881', 1, 37, 'elmhurstest@gmail.com', 'admin@admin.com', 'Test', '<p>tfh fthf</p>', '1', '2020-11-30 08:43:55', NULL),
(490, 'COM2850881', 1, 38, 'freedomtest@gmail.com', 'admin@admin.com', 'Test', '<p>tfh fthf</p>', '1', '2020-11-30 08:43:55', NULL),
(491, 'COM2850881', 1, 39, 'lendatest@gmail.com', 'admin@admin.com', 'Test', '<p>tfh fthf</p>', '1', '2020-11-30 08:43:55', NULL),
(492, 'COM2850881', 1, 40, 'erinstest@gmail.com', 'admin@admin.com', 'Test', '<p>tfh fthf</p>', '1', '2020-11-30 08:43:55', NULL),
(493, 'COM2850881', 1, 41, 'hilltest@gmail.com', 'admin@admin.com', 'Test', '<p>tfh fthf</p>', '1', '2020-11-30 08:43:55', NULL),
(494, 'COM2850881', 1, 42, 'expresscaretest@gmail.com', 'admin@admin.com', 'Test', '<p>tfh fthf</p>', '1', '2020-11-30 08:43:55', NULL),
(495, 'COM2850881', 1, 43, 'carewelltest@gmail.com', 'admin@admin.com', 'Test', '<p>tfh fthf</p>', '1', '2020-11-30 08:43:55', NULL),
(496, 'COM2850881', 1, 44, 'gouthamsambaraju4a7@gmail.com', 'admin@admin.com', 'Test', '<p>tfh fthf</p>', '1', '2020-11-30 08:43:55', NULL),
(497, 'COM2850881', 1, 0, '', 'admin@admin.com', 'Test', '<p>tfh fthf</p>', '1', '2020-11-30 08:43:55', NULL),
(498, 'COM2850881', 1, 30, 'raghuvarma.testmail@gmail.com', 'admin@admin.com', 'Test', '<p>tfh fthf</p>', '1', '2020-11-30 08:43:55', NULL),
(499, 'COM2850881', 1, 31, 'branchbrooktest@gmail.com', 'admin@admin.com', 'Test', '<p>tfh fthf</p>', '1', '2020-11-30 08:43:55', NULL),
(500, 'COM2850881', 1, 32, 'masontest@gmail.com', 'admin@admin.com', 'Test', '<p>tfh fthf</p>', '1', '2020-11-30 08:43:56', NULL),
(501, 'COM2850881', 1, 33, 'heiditest@gmail.com', 'admin@admin.com', 'Test', '<p>tfh fthf</p>', '1', '2020-11-30 08:43:56', NULL),
(502, 'COM2850881', 1, 34, 'vimtest@gmail.com', 'admin@admin.com', 'Test', '<p>tfh fthf</p>', '1', '2020-11-30 08:43:56', NULL),
(503, 'COM2850881', 1, 35, 'mergewelltest@gmail.com', 'admin@admin.com', 'Test', '<p>tfh fthf</p>', '1', '2020-11-30 08:43:56', NULL),
(504, 'COM2850881', 1, 36, 'nostrandtest@gmail.com', 'admin@admin.com', 'Test', '<p>tfh fthf</p>', '1', '2020-11-30 08:43:56', NULL),
(505, 'COM2850881', 1, 37, 'elmhurstest@gmail.com', 'admin@admin.com', 'Test', '<p>tfh fthf</p>', '1', '2020-11-30 08:43:56', NULL),
(506, 'COM2850881', 1, 38, 'freedomtest@gmail.com', 'admin@admin.com', 'Test', '<p>tfh fthf</p>', '1', '2020-11-30 08:43:56', NULL),
(507, 'COM2850881', 1, 39, 'lendatest@gmail.com', 'admin@admin.com', 'Test', '<p>tfh fthf</p>', '1', '2020-11-30 08:43:56', NULL),
(508, 'COM2850881', 1, 40, 'erinstest@gmail.com', 'admin@admin.com', 'Test', '<p>tfh fthf</p>', '1', '2020-11-30 08:43:56', NULL),
(509, 'COM2850881', 1, 41, 'hilltest@gmail.com', 'admin@admin.com', 'Test', '<p>tfh fthf</p>', '1', '2020-11-30 08:43:56', NULL),
(510, 'COM2850881', 1, 42, 'expresscaretest@gmail.com', 'admin@admin.com', 'Test', '<p>tfh fthf</p>', '1', '2020-11-30 08:43:56', NULL),
(511, 'COM2850881', 1, 43, 'carewelltest@gmail.com', 'admin@admin.com', 'Test', '<p>tfh fthf</p>', '1', '2020-11-30 08:43:56', NULL),
(512, 'COM2850881', 1, 44, 'gouthamsambaraju4a7@gmail.com', 'admin@admin.com', 'Test', '<p>tfh fthf</p>', '1', '2020-11-30 08:43:56', NULL),
(513, 'COM2850881', 1, 0, '', 'admin@admin.com', 'Test', '<p>tfh fthf</p>', '1', '2020-11-30 08:44:09', NULL),
(514, 'COM2850881', 1, 30, 'raghuvarma.testmail@gmail.com', 'admin@admin.com', 'Test', '<p>tfh fthf</p>', '1', '2020-11-30 08:44:11', NULL),
(515, 'COM2850881', 1, 31, 'branchbrooktest@gmail.com', 'admin@admin.com', 'Test', '<p>tfh fthf</p>', '1', '2020-11-30 08:44:11', NULL),
(516, 'COM2850881', 1, 32, 'masontest@gmail.com', 'admin@admin.com', 'Test', '<p>tfh fthf</p>', '1', '2020-11-30 08:44:11', NULL),
(517, 'COM2850881', 1, 33, 'heiditest@gmail.com', 'admin@admin.com', 'Test', '<p>tfh fthf</p>', '1', '2020-11-30 08:44:11', NULL),
(518, 'COM2850881', 1, 34, 'vimtest@gmail.com', 'admin@admin.com', 'Test', '<p>tfh fthf</p>', '1', '2020-11-30 08:44:11', NULL),
(519, 'COM2850881', 1, 35, 'mergewelltest@gmail.com', 'admin@admin.com', 'Test', '<p>tfh fthf</p>', '1', '2020-11-30 08:44:11', NULL),
(520, 'COM2850881', 1, 36, 'nostrandtest@gmail.com', 'admin@admin.com', 'Test', '<p>tfh fthf</p>', '1', '2020-11-30 08:44:11', NULL),
(521, 'COM2850881', 1, 37, 'elmhurstest@gmail.com', 'admin@admin.com', 'Test', '<p>tfh fthf</p>', '1', '2020-11-30 08:44:11', NULL),
(522, 'COM2850881', 1, 38, 'freedomtest@gmail.com', 'admin@admin.com', 'Test', '<p>tfh fthf</p>', '1', '2020-11-30 08:44:11', NULL),
(523, 'COM2850881', 1, 39, 'lendatest@gmail.com', 'admin@admin.com', 'Test', '<p>tfh fthf</p>', '1', '2020-11-30 08:44:11', NULL),
(524, 'COM2850881', 1, 40, 'erinstest@gmail.com', 'admin@admin.com', 'Test', '<p>tfh fthf</p>', '1', '2020-11-30 08:44:11', NULL),
(525, 'COM2850881', 1, 41, 'hilltest@gmail.com', 'admin@admin.com', 'Test', '<p>tfh fthf</p>', '1', '2020-11-30 08:44:11', NULL),
(526, 'COM2850881', 1, 42, 'expresscaretest@gmail.com', 'admin@admin.com', 'Test', '<p>tfh fthf</p>', '1', '2020-11-30 08:44:11', NULL),
(527, 'COM2850881', 1, 43, 'carewelltest@gmail.com', 'admin@admin.com', 'Test', '<p>tfh fthf</p>', '1', '2020-11-30 08:44:11', NULL),
(528, 'COM2850881', 1, 44, 'gouthamsambaraju4a7@gmail.com', 'admin@admin.com', 'Test', '<p>tfh fthf</p>', '1', '2020-11-30 08:44:11', NULL),
(529, 'COM2850881', 1, 0, '', 'admin@admin.com', 'Test', '<p>tfh fthf</p>', '1', '2020-11-30 08:44:11', NULL),
(530, 'COM2850881', 1, 30, 'raghuvarma.testmail@gmail.com', 'admin@admin.com', 'Test', '<p>tfh fthf</p>', '1', '2020-11-30 08:44:11', NULL),
(531, 'COM2850881', 1, 31, 'branchbrooktest@gmail.com', 'admin@admin.com', 'Test', '<p>tfh fthf</p>', '1', '2020-11-30 08:44:11', NULL),
(532, 'COM2850881', 1, 32, 'masontest@gmail.com', 'admin@admin.com', 'Test', '<p>tfh fthf</p>', '1', '2020-11-30 08:44:11', NULL),
(533, 'COM2850881', 1, 33, 'heiditest@gmail.com', 'admin@admin.com', 'Test', '<p>tfh fthf</p>', '1', '2020-11-30 08:44:11', NULL),
(534, 'COM2850881', 1, 34, 'vimtest@gmail.com', 'admin@admin.com', 'Test', '<p>tfh fthf</p>', '1', '2020-11-30 08:44:12', NULL),
(535, 'COM2850881', 1, 35, 'mergewelltest@gmail.com', 'admin@admin.com', 'Test', '<p>tfh fthf</p>', '1', '2020-11-30 08:44:12', NULL),
(536, 'COM2850881', 1, 36, 'nostrandtest@gmail.com', 'admin@admin.com', 'Test', '<p>tfh fthf</p>', '1', '2020-11-30 08:44:12', NULL),
(537, 'COM2850881', 1, 37, 'elmhurstest@gmail.com', 'admin@admin.com', 'Test', '<p>tfh fthf</p>', '1', '2020-11-30 08:44:12', NULL),
(538, 'COM2850881', 1, 38, 'freedomtest@gmail.com', 'admin@admin.com', 'Test', '<p>tfh fthf</p>', '1', '2020-11-30 08:44:12', NULL),
(539, 'COM2850881', 1, 39, 'lendatest@gmail.com', 'admin@admin.com', 'Test', '<p>tfh fthf</p>', '1', '2020-11-30 08:44:12', NULL),
(540, 'COM2850881', 1, 40, 'erinstest@gmail.com', 'admin@admin.com', 'Test', '<p>tfh fthf</p>', '1', '2020-11-30 08:44:12', NULL),
(541, 'COM2850881', 1, 41, 'hilltest@gmail.com', 'admin@admin.com', 'Test', '<p>tfh fthf</p>', '1', '2020-11-30 08:44:12', NULL),
(542, 'COM2850881', 1, 42, 'expresscaretest@gmail.com', 'admin@admin.com', 'Test', '<p>tfh fthf</p>', '1', '2020-11-30 08:44:12', NULL),
(543, 'COM2850881', 1, 43, 'carewelltest@gmail.com', 'admin@admin.com', 'Test', '<p>tfh fthf</p>', '1', '2020-11-30 08:44:12', NULL),
(544, 'COM2850881', 1, 44, 'gouthamsambaraju4a7@gmail.com', 'admin@admin.com', 'Test', '<p>tfh fthf</p>', '1', '2020-11-30 08:44:12', NULL),
(545, 'COM2850881', 1, 0, '', 'admin@admin.com', 'Test', '<p>tfh fthf</p>', '1', '2020-11-30 08:44:12', NULL),
(546, 'COM2850881', 1, 30, 'raghuvarma.testmail@gmail.com', 'admin@admin.com', 'Test', '<p>tfh fthf</p>', '1', '2020-11-30 08:44:12', NULL),
(547, 'COM2850881', 1, 31, 'branchbrooktest@gmail.com', 'admin@admin.com', 'Test', '<p>tfh fthf</p>', '1', '2020-11-30 08:44:12', NULL),
(548, 'COM2850881', 1, 32, 'masontest@gmail.com', 'admin@admin.com', 'Test', '<p>tfh fthf</p>', '1', '2020-11-30 08:44:12', NULL),
(549, 'COM2850881', 1, 33, 'heiditest@gmail.com', 'admin@admin.com', 'Test', '<p>tfh fthf</p>', '1', '2020-11-30 08:44:12', NULL),
(550, 'COM2850881', 1, 34, 'vimtest@gmail.com', 'admin@admin.com', 'Test', '<p>tfh fthf</p>', '1', '2020-11-30 08:44:12', NULL),
(551, 'COM2850881', 1, 35, 'mergewelltest@gmail.com', 'admin@admin.com', 'Test', '<p>tfh fthf</p>', '1', '2020-11-30 08:44:12', NULL),
(552, 'COM2850881', 1, 36, 'nostrandtest@gmail.com', 'admin@admin.com', 'Test', '<p>tfh fthf</p>', '1', '2020-11-30 08:44:12', NULL),
(553, 'COM2850881', 1, 37, 'elmhurstest@gmail.com', 'admin@admin.com', 'Test', '<p>tfh fthf</p>', '1', '2020-11-30 08:44:12', NULL),
(554, 'COM2850881', 1, 38, 'freedomtest@gmail.com', 'admin@admin.com', 'Test', '<p>tfh fthf</p>', '1', '2020-11-30 08:44:13', NULL),
(555, 'COM2850881', 1, 39, 'lendatest@gmail.com', 'admin@admin.com', 'Test', '<p>tfh fthf</p>', '1', '2020-11-30 08:44:13', NULL),
(556, 'COM2850881', 1, 40, 'erinstest@gmail.com', 'admin@admin.com', 'Test', '<p>tfh fthf</p>', '1', '2020-11-30 08:44:13', NULL),
(557, 'COM2850881', 1, 41, 'hilltest@gmail.com', 'admin@admin.com', 'Test', '<p>tfh fthf</p>', '1', '2020-11-30 08:44:13', NULL),
(558, 'COM2850881', 1, 42, 'expresscaretest@gmail.com', 'admin@admin.com', 'Test', '<p>tfh fthf</p>', '1', '2020-11-30 08:44:13', NULL),
(559, 'COM2850881', 1, 43, 'carewelltest@gmail.com', 'admin@admin.com', 'Test', '<p>tfh fthf</p>', '1', '2020-11-30 08:44:13', NULL),
(560, 'COM2850881', 1, 44, 'gouthamsambaraju4a7@gmail.com', 'admin@admin.com', 'Test', '<p>tfh fthf</p>', '1', '2020-11-30 08:44:13', NULL),
(561, 'COM2850881', 1, 0, '', 'admin@admin.com', 'Test', '<p>tfh fthf</p>', '1', '2020-11-30 08:44:13', NULL),
(562, 'COM2850881', 1, 30, 'raghuvarma.testmail@gmail.com', 'admin@admin.com', 'Test', '<p>tfh fthf</p>', '1', '2020-11-30 08:44:13', NULL),
(563, 'COM2850881', 1, 31, 'branchbrooktest@gmail.com', 'admin@admin.com', 'Test', '<p>tfh fthf</p>', '1', '2020-11-30 08:44:13', NULL),
(564, 'COM2850881', 1, 32, 'masontest@gmail.com', 'admin@admin.com', 'Test', '<p>tfh fthf</p>', '1', '2020-11-30 08:44:13', NULL),
(565, 'COM2850881', 1, 33, 'heiditest@gmail.com', 'admin@admin.com', 'Test', '<p>tfh fthf</p>', '1', '2020-11-30 08:44:13', NULL),
(566, 'COM2850881', 1, 34, 'vimtest@gmail.com', 'admin@admin.com', 'Test', '<p>tfh fthf</p>', '1', '2020-11-30 08:44:13', NULL),
(567, 'COM2850881', 1, 35, 'mergewelltest@gmail.com', 'admin@admin.com', 'Test', '<p>tfh fthf</p>', '1', '2020-11-30 08:44:13', NULL),
(568, 'COM2850881', 1, 36, 'nostrandtest@gmail.com', 'admin@admin.com', 'Test', '<p>tfh fthf</p>', '1', '2020-11-30 08:44:13', NULL),
(569, 'COM2850881', 1, 37, 'elmhurstest@gmail.com', 'admin@admin.com', 'Test', '<p>tfh fthf</p>', '1', '2020-11-30 08:44:13', NULL),
(570, 'COM2850881', 1, 38, 'freedomtest@gmail.com', 'admin@admin.com', 'Test', '<p>tfh fthf</p>', '1', '2020-11-30 08:44:13', NULL),
(571, 'COM2850881', 1, 39, 'lendatest@gmail.com', 'admin@admin.com', 'Test', '<p>tfh fthf</p>', '1', '2020-11-30 08:44:13', NULL),
(572, 'COM2850881', 1, 40, 'erinstest@gmail.com', 'admin@admin.com', 'Test', '<p>tfh fthf</p>', '1', '2020-11-30 08:44:13', NULL),
(573, 'COM2850881', 1, 41, 'hilltest@gmail.com', 'admin@admin.com', 'Test', '<p>tfh fthf</p>', '1', '2020-11-30 08:44:13', NULL),
(574, 'COM2850881', 1, 42, 'expresscaretest@gmail.com', 'admin@admin.com', 'Test', '<p>tfh fthf</p>', '1', '2020-11-30 08:44:13', NULL),
(575, 'COM2850881', 1, 43, 'carewelltest@gmail.com', 'admin@admin.com', 'Test', '<p>tfh fthf</p>', '1', '2020-11-30 08:44:13', NULL),
(576, 'COM2850881', 1, 44, 'gouthamsambaraju4a7@gmail.com', 'admin@admin.com', 'Test', '<p>tfh fthf</p>', '1', '2020-11-30 08:44:13', NULL),
(577, 'COM2850881', 1, 0, '', 'admin@admin.com', 'Test', '<p>tfh fthf</p>', '1', '2020-11-30 08:44:13', NULL),
(578, 'COM2850881', 1, 30, 'raghuvarma.testmail@gmail.com', 'admin@admin.com', 'Test', '<p>tfh fthf</p>', '1', '2020-11-30 08:44:14', NULL),
(579, 'COM2850881', 1, 31, 'branchbrooktest@gmail.com', 'admin@admin.com', 'Test', '<p>tfh fthf</p>', '1', '2020-11-30 08:44:14', NULL),
(580, 'COM2850881', 1, 32, 'masontest@gmail.com', 'admin@admin.com', 'Test', '<p>tfh fthf</p>', '1', '2020-11-30 08:44:14', NULL),
(581, 'COM2850881', 1, 33, 'heiditest@gmail.com', 'admin@admin.com', 'Test', '<p>tfh fthf</p>', '1', '2020-11-30 08:44:14', NULL),
(582, 'COM2850881', 1, 34, 'vimtest@gmail.com', 'admin@admin.com', 'Test', '<p>tfh fthf</p>', '1', '2020-11-30 08:44:14', NULL),
(583, 'COM2850881', 1, 35, 'mergewelltest@gmail.com', 'admin@admin.com', 'Test', '<p>tfh fthf</p>', '1', '2020-11-30 08:44:14', NULL),
(584, 'COM2850881', 1, 36, 'nostrandtest@gmail.com', 'admin@admin.com', 'Test', '<p>tfh fthf</p>', '1', '2020-11-30 08:44:14', NULL),
(585, 'COM2850881', 1, 37, 'elmhurstest@gmail.com', 'admin@admin.com', 'Test', '<p>tfh fthf</p>', '1', '2020-11-30 08:44:14', NULL),
(586, 'COM2850881', 1, 38, 'freedomtest@gmail.com', 'admin@admin.com', 'Test', '<p>tfh fthf</p>', '1', '2020-11-30 08:44:14', NULL),
(587, 'COM2850881', 1, 39, 'lendatest@gmail.com', 'admin@admin.com', 'Test', '<p>tfh fthf</p>', '1', '2020-11-30 08:44:14', NULL),
(588, 'COM2850881', 1, 40, 'erinstest@gmail.com', 'admin@admin.com', 'Test', '<p>tfh fthf</p>', '1', '2020-11-30 08:44:14', NULL),
(589, 'COM2850881', 1, 41, 'hilltest@gmail.com', 'admin@admin.com', 'Test', '<p>tfh fthf</p>', '1', '2020-11-30 08:44:14', NULL),
(590, 'COM2850881', 1, 42, 'expresscaretest@gmail.com', 'admin@admin.com', 'Test', '<p>tfh fthf</p>', '1', '2020-11-30 08:44:14', NULL),
(591, 'COM2850881', 1, 43, 'carewelltest@gmail.com', 'admin@admin.com', 'Test', '<p>tfh fthf</p>', '1', '2020-11-30 08:44:14', NULL),
(592, 'COM2850881', 1, 44, 'gouthamsambaraju4a7@gmail.com', 'admin@admin.com', 'Test', '<p>tfh fthf</p>', '1', '2020-11-30 08:44:14', NULL),
(593, 'COM2850881', 1, 0, '', 'admin@admin.com', 'Test', '<p>tfh fthf</p>', '1', '2020-11-30 08:44:14', NULL),
(594, 'COM2850881', 1, 30, 'raghuvarma.testmail@gmail.com', 'admin@admin.com', 'Test', '<p>tfh fthf</p>', '1', '2020-11-30 08:44:14', NULL),
(595, 'COM2850881', 1, 31, 'branchbrooktest@gmail.com', 'admin@admin.com', 'Test', '<p>tfh fthf</p>', '1', '2020-11-30 08:44:14', NULL),
(596, 'COM2850881', 1, 32, 'masontest@gmail.com', 'admin@admin.com', 'Test', '<p>tfh fthf</p>', '1', '2020-11-30 08:44:14', NULL),
(597, 'COM2850881', 1, 33, 'heiditest@gmail.com', 'admin@admin.com', 'Test', '<p>tfh fthf</p>', '1', '2020-11-30 08:44:14', NULL),
(598, 'COM2850881', 1, 34, 'vimtest@gmail.com', 'admin@admin.com', 'Test', '<p>tfh fthf</p>', '1', '2020-11-30 08:44:14', NULL),
(599, 'COM2850881', 1, 35, 'mergewelltest@gmail.com', 'admin@admin.com', 'Test', '<p>tfh fthf</p>', '1', '2020-11-30 08:44:14', NULL),
(600, 'COM2850881', 1, 36, 'nostrandtest@gmail.com', 'admin@admin.com', 'Test', '<p>tfh fthf</p>', '1', '2020-11-30 08:44:14', NULL),
(601, 'COM2850881', 1, 37, 'elmhurstest@gmail.com', 'admin@admin.com', 'Test', '<p>tfh fthf</p>', '1', '2020-11-30 08:44:14', NULL),
(602, 'COM2850881', 1, 38, 'freedomtest@gmail.com', 'admin@admin.com', 'Test', '<p>tfh fthf</p>', '1', '2020-11-30 08:44:15', NULL),
(603, 'COM2850881', 1, 39, 'lendatest@gmail.com', 'admin@admin.com', 'Test', '<p>tfh fthf</p>', '1', '2020-11-30 08:44:15', NULL),
(604, 'COM2850881', 1, 40, 'erinstest@gmail.com', 'admin@admin.com', 'Test', '<p>tfh fthf</p>', '1', '2020-11-30 08:44:15', NULL),
(605, 'COM2850881', 1, 41, 'hilltest@gmail.com', 'admin@admin.com', 'Test', '<p>tfh fthf</p>', '1', '2020-11-30 08:44:15', NULL),
(606, 'COM2850881', 1, 42, 'expresscaretest@gmail.com', 'admin@admin.com', 'Test', '<p>tfh fthf</p>', '1', '2020-11-30 08:44:15', NULL),
(607, 'COM2850881', 1, 43, 'carewelltest@gmail.com', 'admin@admin.com', 'Test', '<p>tfh fthf</p>', '1', '2020-11-30 08:44:15', NULL),
(608, 'COM2850881', 1, 44, 'gouthamsambaraju4a7@gmail.com', 'admin@admin.com', 'Test', '<p>tfh fthf</p>', '1', '2020-11-30 08:44:15', NULL),
(609, 'COM2850881', 1, 0, '', 'admin@admin.com', 'Test', '<p>tfh fthf</p>', '1', '2020-11-30 08:44:15', NULL),
(610, 'COM2850881', 1, 30, 'raghuvarma.testmail@gmail.com', 'admin@admin.com', 'Test', '<p>tfh fthf</p>', '1', '2020-11-30 08:44:15', NULL),
(611, 'COM2850881', 1, 31, 'branchbrooktest@gmail.com', 'admin@admin.com', 'Test', '<p>tfh fthf</p>', '1', '2020-11-30 08:44:15', NULL),
(612, 'COM2850881', 1, 32, 'masontest@gmail.com', 'admin@admin.com', 'Test', '<p>tfh fthf</p>', '1', '2020-11-30 08:44:15', NULL),
(613, 'COM2850881', 1, 33, 'heiditest@gmail.com', 'admin@admin.com', 'Test', '<p>tfh fthf</p>', '1', '2020-11-30 08:44:15', NULL),
(614, 'COM2850881', 1, 34, 'vimtest@gmail.com', 'admin@admin.com', 'Test', '<p>tfh fthf</p>', '1', '2020-11-30 08:44:15', NULL),
(615, 'COM2850881', 1, 35, 'mergewelltest@gmail.com', 'admin@admin.com', 'Test', '<p>tfh fthf</p>', '1', '2020-11-30 08:44:15', NULL),
(616, 'COM2850881', 1, 36, 'nostrandtest@gmail.com', 'admin@admin.com', 'Test', '<p>tfh fthf</p>', '1', '2020-11-30 08:44:15', NULL),
(617, 'COM2850881', 1, 37, 'elmhurstest@gmail.com', 'admin@admin.com', 'Test', '<p>tfh fthf</p>', '1', '2020-11-30 08:44:15', NULL),
(618, 'COM2850881', 1, 38, 'freedomtest@gmail.com', 'admin@admin.com', 'Test', '<p>tfh fthf</p>', '1', '2020-11-30 08:44:15', NULL),
(619, 'COM2850881', 1, 39, 'lendatest@gmail.com', 'admin@admin.com', 'Test', '<p>tfh fthf</p>', '1', '2020-11-30 08:44:15', NULL),
(620, 'COM2850881', 1, 40, 'erinstest@gmail.com', 'admin@admin.com', 'Test', '<p>tfh fthf</p>', '1', '2020-11-30 08:44:15', NULL),
(621, 'COM2850881', 1, 41, 'hilltest@gmail.com', 'admin@admin.com', 'Test', '<p>tfh fthf</p>', '1', '2020-11-30 08:44:15', NULL),
(622, 'COM2850881', 1, 42, 'expresscaretest@gmail.com', 'admin@admin.com', 'Test', '<p>tfh fthf</p>', '1', '2020-11-30 08:44:15', NULL),
(623, 'COM2850881', 1, 43, 'carewelltest@gmail.com', 'admin@admin.com', 'Test', '<p>tfh fthf</p>', '1', '2020-11-30 08:44:15', NULL),
(624, 'COM2850881', 1, 44, 'gouthamsambaraju4a7@gmail.com', 'admin@admin.com', 'Test', '<p>tfh fthf</p>', '1', '2020-11-30 08:44:15', NULL),
(625, 'COM2850881', 1, 0, '', 'admin@admin.com', 'Test', '<p>tfh fthf</p>', '1', '2020-11-30 08:44:16', NULL),
(626, 'COM2850881', 1, 30, 'raghuvarma.testmail@gmail.com', 'admin@admin.com', 'Test', '<p>tfh fthf</p>', '1', '2020-11-30 08:44:16', NULL),
(627, 'COM2850881', 1, 31, 'branchbrooktest@gmail.com', 'admin@admin.com', 'Test', '<p>tfh fthf</p>', '1', '2020-11-30 08:44:16', NULL),
(628, 'COM2850881', 1, 32, 'masontest@gmail.com', 'admin@admin.com', 'Test', '<p>tfh fthf</p>', '1', '2020-11-30 08:44:16', NULL),
(629, 'COM2850881', 1, 33, 'heiditest@gmail.com', 'admin@admin.com', 'Test', '<p>tfh fthf</p>', '1', '2020-11-30 08:44:16', NULL),
(630, 'COM2850881', 1, 34, 'vimtest@gmail.com', 'admin@admin.com', 'Test', '<p>tfh fthf</p>', '1', '2020-11-30 08:44:16', NULL),
(631, 'COM2850881', 1, 35, 'mergewelltest@gmail.com', 'admin@admin.com', 'Test', '<p>tfh fthf</p>', '1', '2020-11-30 08:44:16', NULL),
(632, 'COM2850881', 1, 36, 'nostrandtest@gmail.com', 'admin@admin.com', 'Test', '<p>tfh fthf</p>', '1', '2020-11-30 08:44:16', NULL),
(633, 'COM2850881', 1, 37, 'elmhurstest@gmail.com', 'admin@admin.com', 'Test', '<p>tfh fthf</p>', '1', '2020-11-30 08:44:16', NULL),
(634, 'COM2850881', 1, 38, 'freedomtest@gmail.com', 'admin@admin.com', 'Test', '<p>tfh fthf</p>', '1', '2020-11-30 08:44:16', NULL),
(635, 'COM2850881', 1, 39, 'lendatest@gmail.com', 'admin@admin.com', 'Test', '<p>tfh fthf</p>', '1', '2020-11-30 08:44:16', NULL),
(636, 'COM2850881', 1, 40, 'erinstest@gmail.com', 'admin@admin.com', 'Test', '<p>tfh fthf</p>', '1', '2020-11-30 08:44:16', NULL),
(637, 'COM2850881', 1, 41, 'hilltest@gmail.com', 'admin@admin.com', 'Test', '<p>tfh fthf</p>', '1', '2020-11-30 08:44:16', NULL),
(638, 'COM2850881', 1, 42, 'expresscaretest@gmail.com', 'admin@admin.com', 'Test', '<p>tfh fthf</p>', '1', '2020-11-30 08:44:16', NULL),
(639, 'COM2850881', 1, 43, 'carewelltest@gmail.com', 'admin@admin.com', 'Test', '<p>tfh fthf</p>', '1', '2020-11-30 08:44:16', NULL),
(640, 'COM2850881', 1, 44, 'gouthamsambaraju4a7@gmail.com', 'admin@admin.com', 'Test', '<p>tfh fthf</p>', '1', '2020-11-30 08:44:16', NULL),
(641, 'COM2850881', 1, 0, '', 'admin@admin.com', 'Test', '<p>tfh fthf</p>', '1', '2020-11-30 08:44:16', NULL),
(642, 'COM2850881', 1, 30, 'raghuvarma.testmail@gmail.com', 'admin@admin.com', 'Test', '<p>tfh fthf</p>', '1', '2020-11-30 08:44:16', NULL),
(643, 'COM2850881', 1, 31, 'branchbrooktest@gmail.com', 'admin@admin.com', 'Test', '<p>tfh fthf</p>', '1', '2020-11-30 08:44:16', NULL),
(644, 'COM2850881', 1, 32, 'masontest@gmail.com', 'admin@admin.com', 'Test', '<p>tfh fthf</p>', '1', '2020-11-30 08:44:16', NULL),
(645, 'COM2850881', 1, 33, 'heiditest@gmail.com', 'admin@admin.com', 'Test', '<p>tfh fthf</p>', '1', '2020-11-30 08:44:16', NULL),
(646, 'COM2850881', 1, 34, 'vimtest@gmail.com', 'admin@admin.com', 'Test', '<p>tfh fthf</p>', '1', '2020-11-30 08:44:16', NULL),
(647, 'COM2850881', 1, 35, 'mergewelltest@gmail.com', 'admin@admin.com', 'Test', '<p>tfh fthf</p>', '1', '2020-11-30 08:44:16', NULL),
(648, 'COM2850881', 1, 36, 'nostrandtest@gmail.com', 'admin@admin.com', 'Test', '<p>tfh fthf</p>', '1', '2020-11-30 08:44:16', NULL),
(649, 'COM2850881', 1, 37, 'elmhurstest@gmail.com', 'admin@admin.com', 'Test', '<p>tfh fthf</p>', '1', '2020-11-30 08:44:17', NULL),
(650, 'COM2850881', 1, 38, 'freedomtest@gmail.com', 'admin@admin.com', 'Test', '<p>tfh fthf</p>', '1', '2020-11-30 08:44:17', NULL),
(651, 'COM2850881', 1, 39, 'lendatest@gmail.com', 'admin@admin.com', 'Test', '<p>tfh fthf</p>', '1', '2020-11-30 08:44:17', NULL),
(652, 'COM2850881', 1, 40, 'erinstest@gmail.com', 'admin@admin.com', 'Test', '<p>tfh fthf</p>', '1', '2020-11-30 08:44:17', NULL),
(653, 'COM2850881', 1, 41, 'hilltest@gmail.com', 'admin@admin.com', 'Test', '<p>tfh fthf</p>', '1', '2020-11-30 08:44:17', NULL),
(654, 'COM2850881', 1, 42, 'expresscaretest@gmail.com', 'admin@admin.com', 'Test', '<p>tfh fthf</p>', '1', '2020-11-30 08:44:17', NULL),
(655, 'COM2850881', 1, 43, 'carewelltest@gmail.com', 'admin@admin.com', 'Test', '<p>tfh fthf</p>', '1', '2020-11-30 08:44:17', NULL),
(656, 'COM2850881', 1, 44, 'gouthamsambaraju4a7@gmail.com', 'admin@admin.com', 'Test', '<p>tfh fthf</p>', '1', '2020-11-30 08:44:17', NULL),
(657, 'COM2850881', 1, 0, '', 'admin@admin.com', 'Test', '<p>tfh fthf</p>', '1', '2020-11-30 08:44:17', NULL),
(658, 'COM2850881', 1, 30, 'raghuvarma.testmail@gmail.com', 'admin@admin.com', 'Test', '<p>tfh fthf</p>', '1', '2020-11-30 08:44:17', NULL),
(659, 'COM2850881', 1, 31, 'branchbrooktest@gmail.com', 'admin@admin.com', 'Test', '<p>tfh fthf</p>', '1', '2020-11-30 08:44:17', NULL),
(660, 'COM2850881', 1, 32, 'masontest@gmail.com', 'admin@admin.com', 'Test', '<p>tfh fthf</p>', '1', '2020-11-30 08:44:17', NULL),
(661, 'COM2850881', 1, 33, 'heiditest@gmail.com', 'admin@admin.com', 'Test', '<p>tfh fthf</p>', '1', '2020-11-30 08:44:17', NULL),
(662, 'COM2850881', 1, 34, 'vimtest@gmail.com', 'admin@admin.com', 'Test', '<p>tfh fthf</p>', '1', '2020-11-30 08:44:17', NULL),
(663, 'COM2850881', 1, 35, 'mergewelltest@gmail.com', 'admin@admin.com', 'Test', '<p>tfh fthf</p>', '1', '2020-11-30 08:44:17', NULL),
(664, 'COM2850881', 1, 36, 'nostrandtest@gmail.com', 'admin@admin.com', 'Test', '<p>tfh fthf</p>', '1', '2020-11-30 08:44:17', NULL),
(665, 'COM2850881', 1, 37, 'elmhurstest@gmail.com', 'admin@admin.com', 'Test', '<p>tfh fthf</p>', '1', '2020-11-30 08:44:17', NULL),
(666, 'COM2850881', 1, 38, 'freedomtest@gmail.com', 'admin@admin.com', 'Test', '<p>tfh fthf</p>', '1', '2020-11-30 08:44:17', NULL),
(667, 'COM2850881', 1, 39, 'lendatest@gmail.com', 'admin@admin.com', 'Test', '<p>tfh fthf</p>', '1', '2020-11-30 08:44:18', NULL),
(668, 'COM2850881', 1, 40, 'erinstest@gmail.com', 'admin@admin.com', 'Test', '<p>tfh fthf</p>', '1', '2020-11-30 08:44:18', NULL),
(669, 'COM2850881', 1, 41, 'hilltest@gmail.com', 'admin@admin.com', 'Test', '<p>tfh fthf</p>', '1', '2020-11-30 08:44:18', NULL),
(670, 'COM2850881', 1, 42, 'expresscaretest@gmail.com', 'admin@admin.com', 'Test', '<p>tfh fthf</p>', '1', '2020-11-30 08:44:18', NULL),
(671, 'COM2850881', 1, 43, 'carewelltest@gmail.com', 'admin@admin.com', 'Test', '<p>tfh fthf</p>', '1', '2020-11-30 08:44:18', NULL),
(672, 'COM2850881', 1, 44, 'gouthamsambaraju4a7@gmail.com', 'admin@admin.com', 'Test', '<p>tfh fthf</p>', '1', '2020-11-30 08:44:18', NULL),
(673, 'COM2850881', 1, 0, '', 'admin@admin.com', 'Test', '<p>tfh fthf</p>', '1', '2020-11-30 08:44:18', NULL),
(674, 'COM2850881', 1, 30, 'raghuvarma.testmail@gmail.com', 'admin@admin.com', 'Test', '<p>tfh fthf</p>', '1', '2020-11-30 08:44:18', NULL),
(675, 'COM2850881', 1, 31, 'branchbrooktest@gmail.com', 'admin@admin.com', 'Test', '<p>tfh fthf</p>', '1', '2020-11-30 08:44:18', NULL),
(676, 'COM2850881', 1, 32, 'masontest@gmail.com', 'admin@admin.com', 'Test', '<p>tfh fthf</p>', '1', '2020-11-30 08:44:18', NULL),
(677, 'COM2850881', 1, 33, 'heiditest@gmail.com', 'admin@admin.com', 'Test', '<p>tfh fthf</p>', '1', '2020-11-30 08:44:18', NULL),
(678, 'COM2850881', 1, 34, 'vimtest@gmail.com', 'admin@admin.com', 'Test', '<p>tfh fthf</p>', '1', '2020-11-30 08:44:18', NULL),
(679, 'COM2850881', 1, 35, 'mergewelltest@gmail.com', 'admin@admin.com', 'Test', '<p>tfh fthf</p>', '1', '2020-11-30 08:44:18', NULL),
(680, 'COM2850881', 1, 36, 'nostrandtest@gmail.com', 'admin@admin.com', 'Test', '<p>tfh fthf</p>', '1', '2020-11-30 08:44:18', NULL),
(681, 'COM2850881', 1, 37, 'elmhurstest@gmail.com', 'admin@admin.com', 'Test', '<p>tfh fthf</p>', '1', '2020-11-30 08:44:18', NULL),
(682, 'COM2850881', 1, 38, 'freedomtest@gmail.com', 'admin@admin.com', 'Test', '<p>tfh fthf</p>', '1', '2020-11-30 08:44:18', NULL),
(683, 'COM2850881', 1, 39, 'lendatest@gmail.com', 'admin@admin.com', 'Test', '<p>tfh fthf</p>', '1', '2020-11-30 08:44:18', NULL),
(684, 'COM2850881', 1, 40, 'erinstest@gmail.com', 'admin@admin.com', 'Test', '<p>tfh fthf</p>', '1', '2020-11-30 08:44:18', NULL),
(685, 'COM2850881', 1, 41, 'hilltest@gmail.com', 'admin@admin.com', 'Test', '<p>tfh fthf</p>', '1', '2020-11-30 08:44:19', NULL),
(686, 'COM2850881', 1, 42, 'expresscaretest@gmail.com', 'admin@admin.com', 'Test', '<p>tfh fthf</p>', '1', '2020-11-30 08:44:19', NULL),
(687, 'COM2850881', 1, 43, 'carewelltest@gmail.com', 'admin@admin.com', 'Test', '<p>tfh fthf</p>', '1', '2020-11-30 08:44:19', NULL),
(688, 'COM2850881', 1, 44, 'gouthamsambaraju4a7@gmail.com', 'admin@admin.com', 'Test', '<p>tfh fthf</p>', '1', '2020-11-30 08:44:19', NULL),
(689, 'COM2850881', 1, 0, '', 'admin@admin.com', 'Test', '<p>tfh fthf</p>', '1', '2020-11-30 08:44:19', NULL),
(690, 'COM2850881', 1, 30, 'raghuvarma.testmail@gmail.com', 'admin@admin.com', 'Test', '<p>tfh fthf</p>', '1', '2020-11-30 08:44:19', NULL),
(691, 'COM2850881', 1, 31, 'branchbrooktest@gmail.com', 'admin@admin.com', 'Test', '<p>tfh fthf</p>', '1', '2020-11-30 08:44:19', NULL),
(692, 'COM2850881', 1, 32, 'masontest@gmail.com', 'admin@admin.com', 'Test', '<p>tfh fthf</p>', '1', '2020-11-30 08:44:19', NULL),
(693, 'COM2850881', 1, 33, 'heiditest@gmail.com', 'admin@admin.com', 'Test', '<p>tfh fthf</p>', '1', '2020-11-30 08:44:19', NULL),
(694, 'COM2850881', 1, 34, 'vimtest@gmail.com', 'admin@admin.com', 'Test', '<p>tfh fthf</p>', '1', '2020-11-30 08:44:19', NULL),
(695, 'COM2850881', 1, 35, 'mergewelltest@gmail.com', 'admin@admin.com', 'Test', '<p>tfh fthf</p>', '1', '2020-11-30 08:44:19', NULL),
(696, 'COM2850881', 1, 36, 'nostrandtest@gmail.com', 'admin@admin.com', 'Test', '<p>tfh fthf</p>', '1', '2020-11-30 08:44:19', NULL),
(697, 'COM2850881', 1, 37, 'elmhurstest@gmail.com', 'admin@admin.com', 'Test', '<p>tfh fthf</p>', '1', '2020-11-30 08:44:19', NULL),
(698, 'COM2850881', 1, 38, 'freedomtest@gmail.com', 'admin@admin.com', 'Test', '<p>tfh fthf</p>', '1', '2020-11-30 08:44:19', NULL),
(699, 'COM2850881', 1, 39, 'lendatest@gmail.com', 'admin@admin.com', 'Test', '<p>tfh fthf</p>', '1', '2020-11-30 08:44:19', NULL),
(700, 'COM2850881', 1, 40, 'erinstest@gmail.com', 'admin@admin.com', 'Test', '<p>tfh fthf</p>', '1', '2020-11-30 08:44:19', NULL),
(701, 'COM2850881', 1, 41, 'hilltest@gmail.com', 'admin@admin.com', 'Test', '<p>tfh fthf</p>', '1', '2020-11-30 08:44:19', NULL),
(702, 'COM2850881', 1, 42, 'expresscaretest@gmail.com', 'admin@admin.com', 'Test', '<p>tfh fthf</p>', '1', '2020-11-30 08:44:19', NULL),
(703, 'COM2850881', 1, 43, 'carewelltest@gmail.com', 'admin@admin.com', 'Test', '<p>tfh fthf</p>', '1', '2020-11-30 08:44:19', NULL),
(704, 'COM2850881', 1, 44, 'gouthamsambaraju4a7@gmail.com', 'admin@admin.com', 'Test', '<p>tfh fthf</p>', '1', '2020-11-30 08:44:19', NULL),
(705, 'COM2850881', 1, 0, '', 'admin@admin.com', 'Test', '<p>tfh fthf</p>', '1', '2020-11-30 08:44:20', NULL),
(706, 'COM2850881', 1, 30, 'raghuvarma.testmail@gmail.com', 'admin@admin.com', 'Test', '<p>tfh fthf</p>', '1', '2020-11-30 08:44:20', NULL),
(707, 'COM2850881', 1, 31, 'branchbrooktest@gmail.com', 'admin@admin.com', 'Test', '<p>tfh fthf</p>', '1', '2020-11-30 08:44:20', NULL),
(708, 'COM2850881', 1, 32, 'masontest@gmail.com', 'admin@admin.com', 'Test', '<p>tfh fthf</p>', '1', '2020-11-30 08:44:20', NULL),
(709, 'COM2850881', 1, 33, 'heiditest@gmail.com', 'admin@admin.com', 'Test', '<p>tfh fthf</p>', '1', '2020-11-30 08:44:20', NULL),
(710, 'COM2850881', 1, 34, 'vimtest@gmail.com', 'admin@admin.com', 'Test', '<p>tfh fthf</p>', '1', '2020-11-30 08:44:20', NULL),
(711, 'COM2850881', 1, 35, 'mergewelltest@gmail.com', 'admin@admin.com', 'Test', '<p>tfh fthf</p>', '1', '2020-11-30 08:44:20', NULL),
(712, 'COM2850881', 1, 36, 'nostrandtest@gmail.com', 'admin@admin.com', 'Test', '<p>tfh fthf</p>', '1', '2020-11-30 08:44:20', NULL),
(713, 'COM2850881', 1, 37, 'elmhurstest@gmail.com', 'admin@admin.com', 'Test', '<p>tfh fthf</p>', '1', '2020-11-30 08:44:20', NULL),
(714, 'COM2850881', 1, 38, 'freedomtest@gmail.com', 'admin@admin.com', 'Test', '<p>tfh fthf</p>', '1', '2020-11-30 08:44:20', NULL),
(715, 'COM2850881', 1, 39, 'lendatest@gmail.com', 'admin@admin.com', 'Test', '<p>tfh fthf</p>', '1', '2020-11-30 08:44:20', NULL),
(716, 'COM2850881', 1, 40, 'erinstest@gmail.com', 'admin@admin.com', 'Test', '<p>tfh fthf</p>', '1', '2020-11-30 08:44:20', NULL),
(717, 'COM2850881', 1, 41, 'hilltest@gmail.com', 'admin@admin.com', 'Test', '<p>tfh fthf</p>', '1', '2020-11-30 08:44:20', NULL),
(718, 'COM2850881', 1, 42, 'expresscaretest@gmail.com', 'admin@admin.com', 'Test', '<p>tfh fthf</p>', '1', '2020-11-30 08:44:20', NULL),
(719, 'COM2850881', 1, 43, 'carewelltest@gmail.com', 'admin@admin.com', 'Test', '<p>tfh fthf</p>', '1', '2020-11-30 08:44:20', NULL),
(720, 'COM2850881', 1, 44, 'gouthamsambaraju4a7@gmail.com', 'admin@admin.com', 'Test', '<p>tfh fthf</p>', '1', '2020-11-30 08:44:20', NULL),
(721, 'COM2850881', 1, 0, '', 'admin@admin.com', 'Test', '<p>tfh fthf</p>', '1', '2020-11-30 08:44:20', NULL),
(722, 'COM2850881', 1, 30, 'raghuvarma.testmail@gmail.com', 'admin@admin.com', 'Test', '<p>tfh fthf</p>', '1', '2020-11-30 08:44:20', NULL),
(723, 'COM2850881', 1, 31, 'branchbrooktest@gmail.com', 'admin@admin.com', 'Test', '<p>tfh fthf</p>', '1', '2020-11-30 08:44:20', NULL),
(724, 'COM2850881', 1, 32, 'masontest@gmail.com', 'admin@admin.com', 'Test', '<p>tfh fthf</p>', '1', '2020-11-30 08:44:21', NULL),
(725, 'COM2850881', 1, 33, 'heiditest@gmail.com', 'admin@admin.com', 'Test', '<p>tfh fthf</p>', '1', '2020-11-30 08:44:21', NULL),
(726, 'COM2850881', 1, 34, 'vimtest@gmail.com', 'admin@admin.com', 'Test', '<p>tfh fthf</p>', '1', '2020-11-30 08:44:21', NULL),
(727, 'COM2850881', 1, 35, 'mergewelltest@gmail.com', 'admin@admin.com', 'Test', '<p>tfh fthf</p>', '1', '2020-11-30 08:44:21', NULL),
(728, 'COM2850881', 1, 36, 'nostrandtest@gmail.com', 'admin@admin.com', 'Test', '<p>tfh fthf</p>', '1', '2020-11-30 08:44:21', NULL),
(729, 'COM2850881', 1, 37, 'elmhurstest@gmail.com', 'admin@admin.com', 'Test', '<p>tfh fthf</p>', '1', '2020-11-30 08:44:21', NULL),
(730, 'COM2850881', 1, 38, 'freedomtest@gmail.com', 'admin@admin.com', 'Test', '<p>tfh fthf</p>', '1', '2020-11-30 08:44:21', NULL),
(731, 'COM2850881', 1, 39, 'lendatest@gmail.com', 'admin@admin.com', 'Test', '<p>tfh fthf</p>', '1', '2020-11-30 08:44:21', NULL),
(732, 'COM2850881', 1, 40, 'erinstest@gmail.com', 'admin@admin.com', 'Test', '<p>tfh fthf</p>', '1', '2020-11-30 08:44:21', NULL),
(733, 'COM2850881', 1, 41, 'hilltest@gmail.com', 'admin@admin.com', 'Test', '<p>tfh fthf</p>', '1', '2020-11-30 08:44:21', NULL),
(734, 'COM2850881', 1, 42, 'expresscaretest@gmail.com', 'admin@admin.com', 'Test', '<p>tfh fthf</p>', '1', '2020-11-30 08:44:21', NULL),
(735, 'COM2850881', 1, 43, 'carewelltest@gmail.com', 'admin@admin.com', 'Test', '<p>tfh fthf</p>', '1', '2020-11-30 08:44:21', NULL),
(736, 'COM2850881', 1, 44, 'gouthamsambaraju4a7@gmail.com', 'admin@admin.com', 'Test', '<p>tfh fthf</p>', '1', '2020-11-30 08:44:21', NULL),
(737, 'COM2850881', 1, 0, '', 'admin@admin.com', 'Test', '<p>tfh fthf</p>', '1', '2020-11-30 08:44:21', NULL),
(738, 'COM2850881', 1, 30, 'raghuvarma.testmail@gmail.com', 'admin@admin.com', 'Test', '<p>tfh fthf</p>', '1', '2020-11-30 08:44:21', NULL),
(739, 'COM2850881', 1, 31, 'branchbrooktest@gmail.com', 'admin@admin.com', 'Test', '<p>tfh fthf</p>', '1', '2020-11-30 08:44:21', NULL),
(740, 'COM2850881', 1, 32, 'masontest@gmail.com', 'admin@admin.com', 'Test', '<p>tfh fthf</p>', '1', '2020-11-30 08:44:21', NULL),
(741, 'COM2850881', 1, 33, 'heiditest@gmail.com', 'admin@admin.com', 'Test', '<p>tfh fthf</p>', '1', '2020-11-30 08:44:21', NULL),
(742, 'COM2850881', 1, 34, 'vimtest@gmail.com', 'admin@admin.com', 'Test', '<p>tfh fthf</p>', '1', '2020-11-30 08:44:21', NULL),
(743, 'COM2850881', 1, 35, 'mergewelltest@gmail.com', 'admin@admin.com', 'Test', '<p>tfh fthf</p>', '1', '2020-11-30 08:44:21', NULL),
(744, 'COM2850881', 1, 36, 'nostrandtest@gmail.com', 'admin@admin.com', 'Test', '<p>tfh fthf</p>', '1', '2020-11-30 08:44:21', NULL),
(745, 'COM2850881', 1, 37, 'elmhurstest@gmail.com', 'admin@admin.com', 'Test', '<p>tfh fthf</p>', '1', '2020-11-30 08:44:21', NULL),
(746, 'COM2850881', 1, 38, 'freedomtest@gmail.com', 'admin@admin.com', 'Test', '<p>tfh fthf</p>', '1', '2020-11-30 08:44:22', NULL),
(747, 'COM2850881', 1, 39, 'lendatest@gmail.com', 'admin@admin.com', 'Test', '<p>tfh fthf</p>', '1', '2020-11-30 08:44:22', NULL),
(748, 'COM2850881', 1, 40, 'erinstest@gmail.com', 'admin@admin.com', 'Test', '<p>tfh fthf</p>', '1', '2020-11-30 08:44:22', NULL),
(749, 'COM2850881', 1, 41, 'hilltest@gmail.com', 'admin@admin.com', 'Test', '<p>tfh fthf</p>', '1', '2020-11-30 08:44:22', NULL),
(750, 'COM2850881', 1, 42, 'expresscaretest@gmail.com', 'admin@admin.com', 'Test', '<p>tfh fthf</p>', '1', '2020-11-30 08:44:22', NULL),
(751, 'COM2850881', 1, 43, 'carewelltest@gmail.com', 'admin@admin.com', 'Test', '<p>tfh fthf</p>', '1', '2020-11-30 08:44:22', NULL),
(752, 'COM2850881', 1, 44, 'gouthamsambaraju4a7@gmail.com', 'admin@admin.com', 'Test', '<p>tfh fthf</p>', '1', '2020-11-30 08:44:22', NULL),
(753, 'COM2850881', 1, 0, '', 'admin@admin.com', 'Test', '<p>tfh fthf</p>', '0', '2020-12-17 10:29:08', '2020-12-17 10:29:08'),
(754, 'COM2850881', 1, 30, 'raghuvarma.testmail@gmail.com', 'admin@admin.com', 'Test', '<p>tfh fthf</p>', '1', '2020-11-30 08:44:22', NULL),
(755, 'COM2850881', 1, 31, 'branchbrooktest@gmail.com', 'admin@admin.com', 'Test', '<p>tfh fthf</p>', '1', '2020-11-30 08:44:22', NULL),
(756, 'COM2850881', 1, 32, 'masontest@gmail.com', 'admin@admin.com', 'Test', '<p>tfh fthf</p>', '1', '2020-11-30 08:44:22', NULL),
(757, 'COM2850881', 1, 33, 'heiditest@gmail.com', 'admin@admin.com', 'Test', '<p>tfh fthf</p>', '1', '2020-11-30 08:44:22', NULL),
(758, 'COM2850881', 1, 34, 'vimtest@gmail.com', 'admin@admin.com', 'Test', '<p>tfh fthf</p>', '1', '2020-11-30 08:44:22', NULL),
(759, 'COM2850881', 1, 35, 'mergewelltest@gmail.com', 'admin@admin.com', 'Test', '<p>tfh fthf</p>', '1', '2020-11-30 08:44:22', NULL),
(760, 'COM2850881', 1, 36, 'nostrandtest@gmail.com', 'admin@admin.com', 'Test', '<p>tfh fthf</p>', '1', '2020-11-30 08:44:22', NULL),
(761, 'COM2850881', 1, 37, 'elmhurstest@gmail.com', 'admin@admin.com', 'Test', '<p>tfh fthf</p>', '1', '2020-11-30 08:44:22', NULL),
(762, 'COM2850881', 1, 38, 'freedomtest@gmail.com', 'admin@admin.com', 'Test', '<p>tfh fthf</p>', '1', '2020-11-30 08:44:22', NULL),
(763, 'COM2850881', 1, 39, 'lendatest@gmail.com', 'admin@admin.com', 'Test', '<p>tfh fthf</p>', '1', '2020-11-30 08:44:22', NULL),
(764, 'COM2850881', 1, 40, 'erinstest@gmail.com', 'admin@admin.com', 'Test', '<p>tfh fthf</p>', '1', '2020-11-30 08:44:22', NULL),
(765, 'COM2850881', 1, 41, 'hilltest@gmail.com', 'admin@admin.com', 'Test', '<p>tfh fthf</p>', '1', '2020-11-30 08:44:22', NULL),
(766, 'COM2850881', 1, 42, 'expresscaretest@gmail.com', 'admin@admin.com', 'Test', '<p>tfh fthf</p>', '1', '2020-11-30 08:44:23', NULL),
(767, 'COM2850881', 1, 43, 'carewelltest@gmail.com', 'admin@admin.com', 'Test', '<p>tfh fthf</p>', '1', '2020-11-30 08:44:23', NULL),
(768, 'COM2850881', 1, 44, 'gouthamsambaraju4a7@gmail.com', 'admin@admin.com', 'Test', '<p>tfh fthf</p>', '1', '2020-11-30 08:44:23', NULL),
(769, 'COM3336113', 1, 30, 'raghuvarma.testmail@gmail.com', 'admin@admin.com', 'Test', '<p>ertretert</p>', '1', '2020-11-30 09:09:26', NULL),
(770, 'COM3336113', 1, 31, 'branchbrooktest@gmail.com', 'admin@admin.com', 'Test', '<p>ertretert</p>', '1', '2020-11-30 09:09:26', NULL),
(771, 'COM3336113', 1, 32, 'masontest@gmail.com', 'admin@admin.com', 'Test', '<p>ertretert</p>', '1', '2020-11-30 09:09:26', NULL);
INSERT INTO `communications` (`id`, `communication_id`, `from_user_id`, `to_user_id`, `mail_to`, `mail_from`, `mail_subject`, `mail_message`, `read_status`, `created_date`, `updated_date`) VALUES
(772, 'COM3336113', 1, 33, 'heiditest@gmail.com', 'admin@admin.com', 'Test', '<p>ertretert</p>', '1', '2020-11-30 09:09:26', NULL),
(773, 'COM3336113', 1, 34, 'vimtest@gmail.com', 'admin@admin.com', 'Test', '<p>ertretert</p>', '1', '2020-11-30 09:09:26', NULL),
(774, 'COM3336113', 1, 35, 'mergewelltest@gmail.com', 'admin@admin.com', 'Test', '<p>ertretert</p>', '1', '2020-11-30 09:09:26', NULL),
(775, 'COM3336113', 1, 36, 'nostrandtest@gmail.com', 'admin@admin.com', 'Test', '<p>ertretert</p>', '1', '2020-11-30 09:09:26', NULL),
(776, 'COM3336113', 1, 37, 'elmhurstest@gmail.com', 'admin@admin.com', 'Test', '<p>ertretert</p>', '1', '2020-11-30 09:09:26', NULL),
(777, 'COM3336113', 1, 38, 'freedomtest@gmail.com', 'admin@admin.com', 'Test', '<p>ertretert</p>', '1', '2020-11-30 09:09:26', NULL),
(778, 'COM3336113', 1, 39, 'lendatest@gmail.com', 'admin@admin.com', 'Test', '<p>ertretert</p>', '1', '2020-11-30 09:09:26', NULL),
(779, 'COM3336113', 1, 40, 'erinstest@gmail.com', 'admin@admin.com', 'Test', '<p>ertretert</p>', '1', '2020-11-30 09:09:27', NULL),
(780, 'COM3336113', 1, 41, 'hilltest@gmail.com', 'admin@admin.com', 'Test', '<p>ertretert</p>', '1', '2020-11-30 09:09:27', NULL),
(781, 'COM3336113', 1, 42, 'expresscaretest@gmail.com', 'admin@admin.com', 'Test', '<p>ertretert</p>', '1', '2020-11-30 09:09:27', NULL),
(782, 'COM3336113', 1, 43, 'carewelltest@gmail.com', 'admin@admin.com', 'Test', '<p>ertretert</p>', '1', '2020-11-30 09:09:27', NULL),
(783, 'COM3336113', 1, 44, 'gouthamsambaraju4a7@gmail.com', 'admin@admin.com', 'Test', '<p>ertretert</p>', '1', '2020-11-30 09:09:27', NULL),
(784, 'COM3336113', 1, 30, 'raghuvarma.testmail@gmail.com', 'admin@admin.com', 'Test', '<p>ertretert</p>', '1', '2020-11-30 09:09:27', NULL),
(785, 'COM3336113', 1, 31, 'branchbrooktest@gmail.com', 'admin@admin.com', 'Test', '<p>ertretert</p>', '1', '2020-11-30 09:09:27', NULL),
(786, 'COM3336113', 1, 32, 'masontest@gmail.com', 'admin@admin.com', 'Test', '<p>ertretert</p>', '1', '2020-11-30 09:09:27', NULL),
(787, 'COM3336113', 1, 33, 'heiditest@gmail.com', 'admin@admin.com', 'Test', '<p>ertretert</p>', '1', '2020-11-30 09:09:27', NULL),
(788, 'COM3336113', 1, 34, 'vimtest@gmail.com', 'admin@admin.com', 'Test', '<p>ertretert</p>', '1', '2020-11-30 09:09:27', NULL),
(789, 'COM3336113', 1, 35, 'mergewelltest@gmail.com', 'admin@admin.com', 'Test', '<p>ertretert</p>', '1', '2020-11-30 09:09:27', NULL),
(790, 'COM3336113', 1, 36, 'nostrandtest@gmail.com', 'admin@admin.com', 'Test', '<p>ertretert</p>', '1', '2020-11-30 09:09:27', NULL),
(791, 'COM3336113', 1, 37, 'elmhurstest@gmail.com', 'admin@admin.com', 'Test', '<p>ertretert</p>', '1', '2020-11-30 09:09:27', NULL),
(792, 'COM3336113', 1, 38, 'freedomtest@gmail.com', 'admin@admin.com', 'Test', '<p>ertretert</p>', '1', '2020-11-30 09:09:28', NULL),
(793, 'COM3336113', 1, 39, 'lendatest@gmail.com', 'admin@admin.com', 'Test', '<p>ertretert</p>', '1', '2020-11-30 09:09:28', NULL),
(794, 'COM3336113', 1, 40, 'erinstest@gmail.com', 'admin@admin.com', 'Test', '<p>ertretert</p>', '1', '2020-11-30 09:09:28', NULL),
(795, 'COM3336113', 1, 41, 'hilltest@gmail.com', 'admin@admin.com', 'Test', '<p>ertretert</p>', '1', '2020-11-30 09:09:28', NULL),
(796, 'COM3336113', 1, 42, 'expresscaretest@gmail.com', 'admin@admin.com', 'Test', '<p>ertretert</p>', '1', '2020-11-30 09:09:28', NULL),
(797, 'COM3336113', 1, 43, 'carewelltest@gmail.com', 'admin@admin.com', 'Test', '<p>ertretert</p>', '1', '2020-11-30 09:09:28', NULL),
(798, 'COM3336113', 1, 44, 'gouthamsambaraju4a7@gmail.com', 'admin@admin.com', 'Test', '<p>ertretert</p>', '1', '2020-11-30 09:09:28', NULL),
(799, 'COM3336113', 1, 30, 'raghuvarma.testmail@gmail.com', 'admin@admin.com', 'Test', '<p>ertretert</p>', '1', '2020-11-30 09:09:28', NULL),
(800, 'COM3336113', 1, 31, 'branchbrooktest@gmail.com', 'admin@admin.com', 'Test', '<p>ertretert</p>', '1', '2020-11-30 09:09:28', NULL),
(801, 'COM3336113', 1, 32, 'masontest@gmail.com', 'admin@admin.com', 'Test', '<p>ertretert</p>', '1', '2020-11-30 09:09:28', NULL),
(802, 'COM3336113', 1, 33, 'heiditest@gmail.com', 'admin@admin.com', 'Test', '<p>ertretert</p>', '1', '2020-11-30 09:09:29', NULL),
(803, 'COM3336113', 1, 34, 'vimtest@gmail.com', 'admin@admin.com', 'Test', '<p>ertretert</p>', '1', '2020-11-30 09:09:29', NULL),
(804, 'COM3336113', 1, 35, 'mergewelltest@gmail.com', 'admin@admin.com', 'Test', '<p>ertretert</p>', '1', '2020-11-30 09:09:29', NULL),
(805, 'COM3336113', 1, 36, 'nostrandtest@gmail.com', 'admin@admin.com', 'Test', '<p>ertretert</p>', '1', '2020-11-30 09:09:29', NULL),
(806, 'COM3336113', 1, 37, 'elmhurstest@gmail.com', 'admin@admin.com', 'Test', '<p>ertretert</p>', '1', '2020-11-30 09:09:29', NULL),
(807, 'COM3336113', 1, 38, 'freedomtest@gmail.com', 'admin@admin.com', 'Test', '<p>ertretert</p>', '1', '2020-11-30 09:09:29', NULL),
(808, 'COM3336113', 1, 39, 'lendatest@gmail.com', 'admin@admin.com', 'Test', '<p>ertretert</p>', '1', '2020-11-30 09:09:29', NULL),
(809, 'COM3336113', 1, 40, 'erinstest@gmail.com', 'admin@admin.com', 'Test', '<p>ertretert</p>', '1', '2020-11-30 09:09:29', NULL),
(810, 'COM3336113', 1, 41, 'hilltest@gmail.com', 'admin@admin.com', 'Test', '<p>ertretert</p>', '1', '2020-11-30 09:09:29', NULL),
(811, 'COM3336113', 1, 42, 'expresscaretest@gmail.com', 'admin@admin.com', 'Test', '<p>ertretert</p>', '1', '2020-11-30 09:09:29', NULL),
(812, 'COM3336113', 1, 43, 'carewelltest@gmail.com', 'admin@admin.com', 'Test', '<p>ertretert</p>', '1', '2020-11-30 09:09:29', NULL),
(813, 'COM3336113', 1, 44, 'gouthamsambaraju4a7@gmail.com', 'admin@admin.com', 'Test', '<p>ertretert</p>', '1', '2020-11-30 09:09:29', NULL),
(814, 'COM3336113', 1, 30, 'raghuvarma.testmail@gmail.com', 'admin@admin.com', 'Test', '<p>ertretert</p>', '1', '2020-11-30 09:09:29', NULL),
(815, 'COM3336113', 1, 31, 'branchbrooktest@gmail.com', 'admin@admin.com', 'Test', '<p>ertretert</p>', '1', '2020-11-30 09:09:29', NULL),
(816, 'COM3336113', 1, 32, 'masontest@gmail.com', 'admin@admin.com', 'Test', '<p>ertretert</p>', '1', '2020-11-30 09:09:30', NULL),
(817, 'COM3336113', 1, 33, 'heiditest@gmail.com', 'admin@admin.com', 'Test', '<p>ertretert</p>', '1', '2020-11-30 09:09:30', NULL),
(818, 'COM3336113', 1, 34, 'vimtest@gmail.com', 'admin@admin.com', 'Test', '<p>ertretert</p>', '1', '2020-11-30 09:09:30', NULL),
(819, 'COM3336113', 1, 35, 'mergewelltest@gmail.com', 'admin@admin.com', 'Test', '<p>ertretert</p>', '1', '2020-11-30 09:09:30', NULL),
(820, 'COM3336113', 1, 36, 'nostrandtest@gmail.com', 'admin@admin.com', 'Test', '<p>ertretert</p>', '1', '2020-11-30 09:09:30', NULL),
(821, 'COM3336113', 1, 37, 'elmhurstest@gmail.com', 'admin@admin.com', 'Test', '<p>ertretert</p>', '1', '2020-11-30 09:09:30', NULL),
(822, 'COM3336113', 1, 38, 'freedomtest@gmail.com', 'admin@admin.com', 'Test', '<p>ertretert</p>', '1', '2020-11-30 09:09:30', NULL),
(823, 'COM3336113', 1, 39, 'lendatest@gmail.com', 'admin@admin.com', 'Test', '<p>ertretert</p>', '1', '2020-11-30 09:09:30', NULL),
(824, 'COM3336113', 1, 40, 'erinstest@gmail.com', 'admin@admin.com', 'Test', '<p>ertretert</p>', '1', '2020-11-30 09:09:30', NULL),
(825, 'COM3336113', 1, 41, 'hilltest@gmail.com', 'admin@admin.com', 'Test', '<p>ertretert</p>', '1', '2020-11-30 09:09:30', NULL),
(826, 'COM3336113', 1, 42, 'expresscaretest@gmail.com', 'admin@admin.com', 'Test', '<p>ertretert</p>', '1', '2020-11-30 09:09:30', NULL),
(827, 'COM3336113', 1, 43, 'carewelltest@gmail.com', 'admin@admin.com', 'Test', '<p>ertretert</p>', '1', '2020-11-30 09:09:30', NULL),
(828, 'COM3336113', 1, 44, 'gouthamsambaraju4a7@gmail.com', 'admin@admin.com', 'Test', '<p>ertretert</p>', '1', '2020-11-30 09:09:30', NULL),
(829, 'COM3336113', 1, 30, 'raghuvarma.testmail@gmail.com', 'admin@admin.com', 'Test', '<p>ertretert</p>', '1', '2020-11-30 09:09:30', NULL),
(830, 'COM3336113', 1, 31, 'branchbrooktest@gmail.com', 'admin@admin.com', 'Test', '<p>ertretert</p>', '1', '2020-11-30 09:09:31', NULL),
(831, 'COM3336113', 1, 32, 'masontest@gmail.com', 'admin@admin.com', 'Test', '<p>ertretert</p>', '1', '2020-11-30 09:09:31', NULL),
(832, 'COM3336113', 1, 33, 'heiditest@gmail.com', 'admin@admin.com', 'Test', '<p>ertretert</p>', '1', '2020-11-30 09:09:31', NULL),
(833, 'COM3336113', 1, 34, 'vimtest@gmail.com', 'admin@admin.com', 'Test', '<p>ertretert</p>', '1', '2020-11-30 09:09:31', NULL),
(834, 'COM3336113', 1, 35, 'mergewelltest@gmail.com', 'admin@admin.com', 'Test', '<p>ertretert</p>', '1', '2020-11-30 09:09:31', NULL),
(835, 'COM3336113', 1, 36, 'nostrandtest@gmail.com', 'admin@admin.com', 'Test', '<p>ertretert</p>', '1', '2020-11-30 09:09:31', NULL),
(836, 'COM3336113', 1, 37, 'elmhurstest@gmail.com', 'admin@admin.com', 'Test', '<p>ertretert</p>', '1', '2020-11-30 09:09:31', NULL),
(837, 'COM3336113', 1, 38, 'freedomtest@gmail.com', 'admin@admin.com', 'Test', '<p>ertretert</p>', '1', '2020-11-30 09:09:31', NULL),
(838, 'COM3336113', 1, 39, 'lendatest@gmail.com', 'admin@admin.com', 'Test', '<p>ertretert</p>', '1', '2020-11-30 09:09:31', NULL),
(839, 'COM3336113', 1, 40, 'erinstest@gmail.com', 'admin@admin.com', 'Test', '<p>ertretert</p>', '1', '2020-11-30 09:09:31', NULL),
(840, 'COM3336113', 1, 41, 'hilltest@gmail.com', 'admin@admin.com', 'Test', '<p>ertretert</p>', '1', '2020-11-30 09:09:31', NULL),
(841, 'COM3336113', 1, 42, 'expresscaretest@gmail.com', 'admin@admin.com', 'Test', '<p>ertretert</p>', '1', '2020-11-30 09:09:31', NULL),
(842, 'COM3336113', 1, 43, 'carewelltest@gmail.com', 'admin@admin.com', 'Test', '<p>ertretert</p>', '1', '2020-11-30 09:09:31', NULL),
(843, 'COM3336113', 1, 44, 'gouthamsambaraju4a7@gmail.com', 'admin@admin.com', 'Test', '<p>ertretert</p>', '1', '2020-11-30 09:09:31', NULL),
(844, 'COM3336113', 1, 30, 'raghuvarma.testmail@gmail.com', 'admin@admin.com', 'Test', '<p>ertretert</p>', '1', '2020-11-30 09:09:31', NULL),
(845, 'COM3336113', 1, 31, 'branchbrooktest@gmail.com', 'admin@admin.com', 'Test', '<p>ertretert</p>', '1', '2020-11-30 09:09:32', NULL),
(846, 'COM3336113', 1, 32, 'masontest@gmail.com', 'admin@admin.com', 'Test', '<p>ertretert</p>', '1', '2020-11-30 09:09:32', NULL),
(847, 'COM3336113', 1, 33, 'heiditest@gmail.com', 'admin@admin.com', 'Test', '<p>ertretert</p>', '1', '2020-11-30 09:09:32', NULL),
(848, 'COM3336113', 1, 34, 'vimtest@gmail.com', 'admin@admin.com', 'Test', '<p>ertretert</p>', '1', '2020-11-30 09:09:32', NULL),
(849, 'COM3336113', 1, 35, 'mergewelltest@gmail.com', 'admin@admin.com', 'Test', '<p>ertretert</p>', '1', '2020-11-30 09:09:32', NULL),
(850, 'COM3336113', 1, 36, 'nostrandtest@gmail.com', 'admin@admin.com', 'Test', '<p>ertretert</p>', '1', '2020-11-30 09:09:32', NULL),
(851, 'COM3336113', 1, 37, 'elmhurstest@gmail.com', 'admin@admin.com', 'Test', '<p>ertretert</p>', '1', '2020-11-30 09:09:32', NULL),
(852, 'COM3336113', 1, 38, 'freedomtest@gmail.com', 'admin@admin.com', 'Test', '<p>ertretert</p>', '1', '2020-11-30 09:09:32', NULL),
(853, 'COM3336113', 1, 39, 'lendatest@gmail.com', 'admin@admin.com', 'Test', '<p>ertretert</p>', '1', '2020-11-30 09:09:32', NULL),
(854, 'COM3336113', 1, 40, 'erinstest@gmail.com', 'admin@admin.com', 'Test', '<p>ertretert</p>', '1', '2020-11-30 09:09:32', NULL),
(855, 'COM3336113', 1, 41, 'hilltest@gmail.com', 'admin@admin.com', 'Test', '<p>ertretert</p>', '1', '2020-11-30 09:09:32', NULL),
(856, 'COM3336113', 1, 42, 'expresscaretest@gmail.com', 'admin@admin.com', 'Test', '<p>ertretert</p>', '1', '2020-11-30 09:09:32', NULL),
(857, 'COM3336113', 1, 43, 'carewelltest@gmail.com', 'admin@admin.com', 'Test', '<p>ertretert</p>', '1', '2020-11-30 09:09:32', NULL),
(858, 'COM3336113', 1, 44, 'gouthamsambaraju4a7@gmail.com', 'admin@admin.com', 'Test', '<p>ertretert</p>', '1', '2020-11-30 09:09:32', NULL),
(859, 'COM3336113', 1, 30, 'raghuvarma.testmail@gmail.com', 'admin@admin.com', 'Test', '<p>ertretert</p>', '1', '2020-11-30 09:09:33', NULL),
(860, 'COM3336113', 1, 31, 'branchbrooktest@gmail.com', 'admin@admin.com', 'Test', '<p>ertretert</p>', '1', '2020-11-30 09:09:33', NULL),
(861, 'COM3336113', 1, 32, 'masontest@gmail.com', 'admin@admin.com', 'Test', '<p>ertretert</p>', '1', '2020-11-30 09:09:33', NULL),
(862, 'COM3336113', 1, 33, 'heiditest@gmail.com', 'admin@admin.com', 'Test', '<p>ertretert</p>', '1', '2020-11-30 09:09:33', NULL),
(863, 'COM3336113', 1, 34, 'vimtest@gmail.com', 'admin@admin.com', 'Test', '<p>ertretert</p>', '1', '2020-11-30 09:09:33', NULL),
(864, 'COM3336113', 1, 35, 'mergewelltest@gmail.com', 'admin@admin.com', 'Test', '<p>ertretert</p>', '1', '2020-11-30 09:09:33', NULL),
(865, 'COM3336113', 1, 36, 'nostrandtest@gmail.com', 'admin@admin.com', 'Test', '<p>ertretert</p>', '1', '2020-11-30 09:09:33', NULL),
(866, 'COM3336113', 1, 37, 'elmhurstest@gmail.com', 'admin@admin.com', 'Test', '<p>ertretert</p>', '1', '2020-11-30 09:09:33', NULL),
(867, 'COM3336113', 1, 38, 'freedomtest@gmail.com', 'admin@admin.com', 'Test', '<p>ertretert</p>', '1', '2020-11-30 09:09:33', NULL),
(868, 'COM3336113', 1, 39, 'lendatest@gmail.com', 'admin@admin.com', 'Test', '<p>ertretert</p>', '1', '2020-11-30 09:09:33', NULL),
(869, 'COM3336113', 1, 40, 'erinstest@gmail.com', 'admin@admin.com', 'Test', '<p>ertretert</p>', '1', '2020-11-30 09:09:33', NULL),
(870, 'COM3336113', 1, 41, 'hilltest@gmail.com', 'admin@admin.com', 'Test', '<p>ertretert</p>', '1', '2020-11-30 09:09:33', NULL),
(871, 'COM3336113', 1, 42, 'expresscaretest@gmail.com', 'admin@admin.com', 'Test', '<p>ertretert</p>', '1', '2020-11-30 09:09:33', NULL),
(872, 'COM3336113', 1, 43, 'carewelltest@gmail.com', 'admin@admin.com', 'Test', '<p>ertretert</p>', '1', '2020-11-30 09:09:34', NULL),
(873, 'COM3336113', 1, 44, 'gouthamsambaraju4a7@gmail.com', 'admin@admin.com', 'Test', '<p>ertretert</p>', '1', '2020-11-30 09:09:34', NULL),
(874, 'COM3336113', 1, 30, 'raghuvarma.testmail@gmail.com', 'admin@admin.com', 'Test', '<p>ertretert</p>', '1', '2020-11-30 09:09:34', NULL),
(875, 'COM3336113', 1, 31, 'branchbrooktest@gmail.com', 'admin@admin.com', 'Test', '<p>ertretert</p>', '1', '2020-11-30 09:09:34', NULL),
(876, 'COM3336113', 1, 32, 'masontest@gmail.com', 'admin@admin.com', 'Test', '<p>ertretert</p>', '1', '2020-11-30 09:09:34', NULL),
(877, 'COM3336113', 1, 33, 'heiditest@gmail.com', 'admin@admin.com', 'Test', '<p>ertretert</p>', '1', '2020-11-30 09:09:34', NULL),
(878, 'COM3336113', 1, 34, 'vimtest@gmail.com', 'admin@admin.com', 'Test', '<p>ertretert</p>', '1', '2020-11-30 09:09:34', NULL),
(879, 'COM3336113', 1, 35, 'mergewelltest@gmail.com', 'admin@admin.com', 'Test', '<p>ertretert</p>', '1', '2020-11-30 09:09:34', NULL),
(880, 'COM3336113', 1, 36, 'nostrandtest@gmail.com', 'admin@admin.com', 'Test', '<p>ertretert</p>', '1', '2020-11-30 09:09:34', NULL),
(881, 'COM3336113', 1, 37, 'elmhurstest@gmail.com', 'admin@admin.com', 'Test', '<p>ertretert</p>', '1', '2020-11-30 09:09:34', NULL),
(882, 'COM3336113', 1, 38, 'freedomtest@gmail.com', 'admin@admin.com', 'Test', '<p>ertretert</p>', '1', '2020-11-30 09:09:34', NULL),
(883, 'COM3336113', 1, 39, 'lendatest@gmail.com', 'admin@admin.com', 'Test', '<p>ertretert</p>', '1', '2020-11-30 09:09:34', NULL),
(884, 'COM3336113', 1, 40, 'erinstest@gmail.com', 'admin@admin.com', 'Test', '<p>ertretert</p>', '1', '2020-11-30 09:09:34', NULL),
(885, 'COM3336113', 1, 41, 'hilltest@gmail.com', 'admin@admin.com', 'Test', '<p>ertretert</p>', '1', '2020-11-30 09:09:34', NULL),
(886, 'COM3336113', 1, 42, 'expresscaretest@gmail.com', 'admin@admin.com', 'Test', '<p>ertretert</p>', '1', '2020-11-30 09:09:35', NULL),
(887, 'COM3336113', 1, 43, 'carewelltest@gmail.com', 'admin@admin.com', 'Test', '<p>ertretert</p>', '1', '2020-11-30 09:09:35', NULL),
(888, 'COM3336113', 1, 44, 'gouthamsambaraju4a7@gmail.com', 'admin@admin.com', 'Test', '<p>ertretert</p>', '1', '2020-11-30 09:09:35', NULL),
(889, 'COM3336113', 1, 30, 'raghuvarma.testmail@gmail.com', 'admin@admin.com', 'Test', '<p>ertretert</p>', '1', '2020-11-30 09:09:35', NULL),
(890, 'COM3336113', 1, 31, 'branchbrooktest@gmail.com', 'admin@admin.com', 'Test', '<p>ertretert</p>', '1', '2020-11-30 09:09:35', NULL),
(891, 'COM3336113', 1, 32, 'masontest@gmail.com', 'admin@admin.com', 'Test', '<p>ertretert</p>', '1', '2020-11-30 09:09:35', NULL),
(892, 'COM3336113', 1, 33, 'heiditest@gmail.com', 'admin@admin.com', 'Test', '<p>ertretert</p>', '1', '2020-11-30 09:09:35', NULL),
(893, 'COM3336113', 1, 34, 'vimtest@gmail.com', 'admin@admin.com', 'Test', '<p>ertretert</p>', '1', '2020-11-30 09:09:35', NULL),
(894, 'COM3336113', 1, 35, 'mergewelltest@gmail.com', 'admin@admin.com', 'Test', '<p>ertretert</p>', '1', '2020-11-30 09:09:35', NULL),
(895, 'COM3336113', 1, 36, 'nostrandtest@gmail.com', 'admin@admin.com', 'Test', '<p>ertretert</p>', '1', '2020-11-30 09:09:35', NULL),
(896, 'COM3336113', 1, 37, 'elmhurstest@gmail.com', 'admin@admin.com', 'Test', '<p>ertretert</p>', '1', '2020-11-30 09:09:35', NULL),
(897, 'COM3336113', 1, 38, 'freedomtest@gmail.com', 'admin@admin.com', 'Test', '<p>ertretert</p>', '1', '2020-11-30 09:09:35', NULL),
(898, 'COM3336113', 1, 39, 'lendatest@gmail.com', 'admin@admin.com', 'Test', '<p>ertretert</p>', '1', '2020-11-30 09:09:36', NULL),
(899, 'COM3336113', 1, 40, 'erinstest@gmail.com', 'admin@admin.com', 'Test', '<p>ertretert</p>', '1', '2020-11-30 09:09:36', NULL),
(900, 'COM3336113', 1, 41, 'hilltest@gmail.com', 'admin@admin.com', 'Test', '<p>ertretert</p>', '1', '2020-11-30 09:09:36', NULL),
(901, 'COM3336113', 1, 42, 'expresscaretest@gmail.com', 'admin@admin.com', 'Test', '<p>ertretert</p>', '1', '2020-11-30 09:09:36', NULL),
(902, 'COM3336113', 1, 43, 'carewelltest@gmail.com', 'admin@admin.com', 'Test', '<p>ertretert</p>', '1', '2020-11-30 09:09:36', NULL),
(903, 'COM3336113', 1, 44, 'gouthamsambaraju4a7@gmail.com', 'admin@admin.com', 'Test', '<p>ertretert</p>', '1', '2020-11-30 09:09:36', NULL),
(904, 'COM3336113', 1, 30, 'raghuvarma.testmail@gmail.com', 'admin@admin.com', 'Test', '<p>ertretert</p>', '1', '2020-11-30 09:09:36', NULL),
(905, 'COM3336113', 1, 31, 'branchbrooktest@gmail.com', 'admin@admin.com', 'Test', '<p>ertretert</p>', '1', '2020-11-30 09:09:36', NULL),
(906, 'COM3336113', 1, 32, 'masontest@gmail.com', 'admin@admin.com', 'Test', '<p>ertretert</p>', '1', '2020-11-30 09:09:36', NULL),
(907, 'COM3336113', 1, 33, 'heiditest@gmail.com', 'admin@admin.com', 'Test', '<p>ertretert</p>', '1', '2020-11-30 09:09:36', NULL),
(908, 'COM3336113', 1, 34, 'vimtest@gmail.com', 'admin@admin.com', 'Test', '<p>ertretert</p>', '1', '2020-11-30 09:09:36', NULL),
(909, 'COM3336113', 1, 35, 'mergewelltest@gmail.com', 'admin@admin.com', 'Test', '<p>ertretert</p>', '1', '2020-11-30 09:09:36', NULL),
(910, 'COM3336113', 1, 36, 'nostrandtest@gmail.com', 'admin@admin.com', 'Test', '<p>ertretert</p>', '1', '2020-11-30 09:09:36', NULL),
(911, 'COM3336113', 1, 37, 'elmhurstest@gmail.com', 'admin@admin.com', 'Test', '<p>ertretert</p>', '1', '2020-11-30 09:09:36', NULL),
(912, 'COM3336113', 1, 38, 'freedomtest@gmail.com', 'admin@admin.com', 'Test', '<p>ertretert</p>', '1', '2020-11-30 09:09:37', NULL),
(913, 'COM3336113', 1, 39, 'lendatest@gmail.com', 'admin@admin.com', 'Test', '<p>ertretert</p>', '1', '2020-11-30 09:09:37', NULL),
(914, 'COM3336113', 1, 40, 'erinstest@gmail.com', 'admin@admin.com', 'Test', '<p>ertretert</p>', '1', '2020-11-30 09:09:37', NULL),
(915, 'COM3336113', 1, 41, 'hilltest@gmail.com', 'admin@admin.com', 'Test', '<p>ertretert</p>', '1', '2020-11-30 09:09:37', NULL),
(916, 'COM3336113', 1, 42, 'expresscaretest@gmail.com', 'admin@admin.com', 'Test', '<p>ertretert</p>', '1', '2020-11-30 09:09:37', NULL),
(917, 'COM3336113', 1, 43, 'carewelltest@gmail.com', 'admin@admin.com', 'Test', '<p>ertretert</p>', '1', '2020-11-30 09:09:37', NULL),
(918, 'COM3336113', 1, 44, 'gouthamsambaraju4a7@gmail.com', 'admin@admin.com', 'Test', '<p>ertretert</p>', '1', '2020-11-30 09:09:37', NULL),
(919, 'COM3336113', 1, 30, 'raghuvarma.testmail@gmail.com', 'admin@admin.com', 'Test', '<p>ertretert</p>', '1', '2020-11-30 09:09:37', NULL),
(920, 'COM3336113', 1, 31, 'branchbrooktest@gmail.com', 'admin@admin.com', 'Test', '<p>ertretert</p>', '1', '2020-11-30 09:09:37', NULL),
(921, 'COM3336113', 1, 32, 'masontest@gmail.com', 'admin@admin.com', 'Test', '<p>ertretert</p>', '1', '2020-11-30 09:09:37', NULL),
(922, 'COM3336113', 1, 33, 'heiditest@gmail.com', 'admin@admin.com', 'Test', '<p>ertretert</p>', '1', '2020-11-30 09:09:37', NULL),
(923, 'COM3336113', 1, 34, 'vimtest@gmail.com', 'admin@admin.com', 'Test', '<p>ertretert</p>', '1', '2020-11-30 09:09:37', NULL),
(924, 'COM3336113', 1, 35, 'mergewelltest@gmail.com', 'admin@admin.com', 'Test', '<p>ertretert</p>', '1', '2020-11-30 09:09:38', NULL),
(925, 'COM3336113', 1, 36, 'nostrandtest@gmail.com', 'admin@admin.com', 'Test', '<p>ertretert</p>', '1', '2020-11-30 09:09:38', NULL),
(926, 'COM3336113', 1, 37, 'elmhurstest@gmail.com', 'admin@admin.com', 'Test', '<p>ertretert</p>', '1', '2020-11-30 09:09:38', NULL),
(927, 'COM3336113', 1, 38, 'freedomtest@gmail.com', 'admin@admin.com', 'Test', '<p>ertretert</p>', '1', '2020-11-30 09:09:38', NULL),
(928, 'COM3336113', 1, 39, 'lendatest@gmail.com', 'admin@admin.com', 'Test', '<p>ertretert</p>', '1', '2020-11-30 09:09:38', NULL),
(929, 'COM3336113', 1, 40, 'erinstest@gmail.com', 'admin@admin.com', 'Test', '<p>ertretert</p>', '1', '2020-11-30 09:09:38', NULL),
(930, 'COM3336113', 1, 41, 'hilltest@gmail.com', 'admin@admin.com', 'Test', '<p>ertretert</p>', '1', '2020-11-30 09:09:38', NULL),
(931, 'COM3336113', 1, 42, 'expresscaretest@gmail.com', 'admin@admin.com', 'Test', '<p>ertretert</p>', '1', '2020-11-30 09:09:38', NULL),
(932, 'COM3336113', 1, 43, 'carewelltest@gmail.com', 'admin@admin.com', 'Test', '<p>ertretert</p>', '1', '2020-11-30 09:09:38', NULL),
(933, 'COM3336113', 1, 44, 'gouthamsambaraju4a7@gmail.com', 'admin@admin.com', 'Test', '<p>ertretert</p>', '1', '2020-11-30 09:09:38', NULL),
(934, 'COM3336113', 1, 30, 'raghuvarma.testmail@gmail.com', 'admin@admin.com', 'Test', '<p>ertretert</p>', '1', '2020-11-30 09:09:38', NULL),
(935, 'COM3336113', 1, 31, 'branchbrooktest@gmail.com', 'admin@admin.com', 'Test', '<p>ertretert</p>', '1', '2020-11-30 09:09:38', NULL),
(936, 'COM3336113', 1, 32, 'masontest@gmail.com', 'admin@admin.com', 'Test', '<p>ertretert</p>', '1', '2020-11-30 09:09:38', NULL),
(937, 'COM3336113', 1, 33, 'heiditest@gmail.com', 'admin@admin.com', 'Test', '<p>ertretert</p>', '1', '2020-11-30 09:09:38', NULL),
(938, 'COM3336113', 1, 34, 'vimtest@gmail.com', 'admin@admin.com', 'Test', '<p>ertretert</p>', '1', '2020-11-30 09:09:38', NULL),
(939, 'COM3336113', 1, 35, 'mergewelltest@gmail.com', 'admin@admin.com', 'Test', '<p>ertretert</p>', '1', '2020-11-30 09:09:39', NULL),
(940, 'COM3336113', 1, 36, 'nostrandtest@gmail.com', 'admin@admin.com', 'Test', '<p>ertretert</p>', '1', '2020-11-30 09:09:39', NULL),
(941, 'COM3336113', 1, 37, 'elmhurstest@gmail.com', 'admin@admin.com', 'Test', '<p>ertretert</p>', '1', '2020-11-30 09:09:39', NULL),
(942, 'COM3336113', 1, 38, 'freedomtest@gmail.com', 'admin@admin.com', 'Test', '<p>ertretert</p>', '1', '2020-11-30 09:09:39', NULL),
(943, 'COM3336113', 1, 39, 'lendatest@gmail.com', 'admin@admin.com', 'Test', '<p>ertretert</p>', '1', '2020-11-30 09:09:39', NULL),
(944, 'COM3336113', 1, 40, 'erinstest@gmail.com', 'admin@admin.com', 'Test', '<p>ertretert</p>', '1', '2020-11-30 09:09:39', NULL),
(945, 'COM3336113', 1, 41, 'hilltest@gmail.com', 'admin@admin.com', 'Test', '<p>ertretert</p>', '1', '2020-11-30 09:09:39', NULL),
(946, 'COM3336113', 1, 42, 'expresscaretest@gmail.com', 'admin@admin.com', 'Test', '<p>ertretert</p>', '1', '2020-11-30 09:09:39', NULL),
(947, 'COM3336113', 1, 43, 'carewelltest@gmail.com', 'admin@admin.com', 'Test', '<p>ertretert</p>', '1', '2020-11-30 09:09:39', NULL),
(948, 'COM3336113', 1, 44, 'gouthamsambaraju4a7@gmail.com', 'admin@admin.com', 'Test', '<p>ertretert</p>', '1', '2020-11-30 09:09:39', NULL),
(949, 'COM3336113', 1, 30, 'raghuvarma.testmail@gmail.com', 'admin@admin.com', 'Test', '<p>ertretert</p>', '1', '2020-11-30 09:09:39', NULL),
(950, 'COM3336113', 1, 31, 'branchbrooktest@gmail.com', 'admin@admin.com', 'Test', '<p>ertretert</p>', '1', '2020-11-30 09:09:39', NULL),
(951, 'COM3336113', 1, 32, 'masontest@gmail.com', 'admin@admin.com', 'Test', '<p>ertretert</p>', '1', '2020-11-30 09:09:39', NULL),
(952, 'COM3336113', 1, 33, 'heiditest@gmail.com', 'admin@admin.com', 'Test', '<p>ertretert</p>', '1', '2020-11-30 09:09:39', NULL),
(953, 'COM3336113', 1, 34, 'vimtest@gmail.com', 'admin@admin.com', 'Test', '<p>ertretert</p>', '1', '2020-11-30 09:09:39', NULL),
(954, 'COM3336113', 1, 35, 'mergewelltest@gmail.com', 'admin@admin.com', 'Test', '<p>ertretert</p>', '1', '2020-11-30 09:09:40', NULL),
(955, 'COM3336113', 1, 36, 'nostrandtest@gmail.com', 'admin@admin.com', 'Test', '<p>ertretert</p>', '1', '2020-11-30 09:09:40', NULL),
(956, 'COM3336113', 1, 37, 'elmhurstest@gmail.com', 'admin@admin.com', 'Test', '<p>ertretert</p>', '1', '2020-11-30 09:09:40', NULL),
(957, 'COM3336113', 1, 38, 'freedomtest@gmail.com', 'admin@admin.com', 'Test', '<p>ertretert</p>', '1', '2020-11-30 09:09:40', NULL),
(958, 'COM3336113', 1, 39, 'lendatest@gmail.com', 'admin@admin.com', 'Test', '<p>ertretert</p>', '1', '2020-11-30 09:09:40', NULL),
(959, 'COM3336113', 1, 40, 'erinstest@gmail.com', 'admin@admin.com', 'Test', '<p>ertretert</p>', '1', '2020-11-30 09:09:40', NULL),
(960, 'COM3336113', 1, 41, 'hilltest@gmail.com', 'admin@admin.com', 'Test', '<p>ertretert</p>', '1', '2020-11-30 09:09:40', NULL),
(961, 'COM3336113', 1, 42, 'expresscaretest@gmail.com', 'admin@admin.com', 'Test', '<p>ertretert</p>', '1', '2020-11-30 09:09:40', NULL),
(962, 'COM3336113', 1, 43, 'carewelltest@gmail.com', 'admin@admin.com', 'Test', '<p>ertretert</p>', '1', '2020-11-30 09:09:40', NULL),
(963, 'COM3336113', 1, 44, 'gouthamsambaraju4a7@gmail.com', 'admin@admin.com', 'Test', '<p>ertretert</p>', '1', '2020-11-30 09:09:40', NULL),
(964, 'COM3336113', 1, 30, 'raghuvarma.testmail@gmail.com', 'admin@admin.com', 'Test', '<p>ertretert</p>', '1', '2020-11-30 09:09:40', NULL),
(965, 'COM3336113', 1, 31, 'branchbrooktest@gmail.com', 'admin@admin.com', 'Test', '<p>ertretert</p>', '1', '2020-11-30 09:09:40', NULL),
(966, 'COM3336113', 1, 32, 'masontest@gmail.com', 'admin@admin.com', 'Test', '<p>ertretert</p>', '1', '2020-11-30 09:09:40', NULL),
(967, 'COM3336113', 1, 33, 'heiditest@gmail.com', 'admin@admin.com', 'Test', '<p>ertretert</p>', '1', '2020-11-30 09:09:41', NULL),
(968, 'COM3336113', 1, 34, 'vimtest@gmail.com', 'admin@admin.com', 'Test', '<p>ertretert</p>', '1', '2020-11-30 09:09:41', NULL),
(969, 'COM3336113', 1, 35, 'mergewelltest@gmail.com', 'admin@admin.com', 'Test', '<p>ertretert</p>', '1', '2020-11-30 09:09:41', NULL),
(970, 'COM3336113', 1, 36, 'nostrandtest@gmail.com', 'admin@admin.com', 'Test', '<p>ertretert</p>', '1', '2020-11-30 09:09:41', NULL),
(971, 'COM3336113', 1, 37, 'elmhurstest@gmail.com', 'admin@admin.com', 'Test', '<p>ertretert</p>', '1', '2020-11-30 09:09:41', NULL),
(972, 'COM3336113', 1, 38, 'freedomtest@gmail.com', 'admin@admin.com', 'Test', '<p>ertretert</p>', '1', '2020-11-30 09:09:41', NULL),
(973, 'COM3336113', 1, 39, 'lendatest@gmail.com', 'admin@admin.com', 'Test', '<p>ertretert</p>', '1', '2020-11-30 09:09:41', NULL),
(974, 'COM3336113', 1, 40, 'erinstest@gmail.com', 'admin@admin.com', 'Test', '<p>ertretert</p>', '1', '2020-11-30 09:09:41', NULL),
(975, 'COM3336113', 1, 41, 'hilltest@gmail.com', 'admin@admin.com', 'Test', '<p>ertretert</p>', '1', '2020-11-30 09:09:41', NULL),
(976, 'COM3336113', 1, 42, 'expresscaretest@gmail.com', 'admin@admin.com', 'Test', '<p>ertretert</p>', '1', '2020-11-30 09:09:41', NULL),
(977, 'COM3336113', 1, 43, 'carewelltest@gmail.com', 'admin@admin.com', 'Test', '<p>ertretert</p>', '1', '2020-11-30 09:09:41', NULL),
(978, 'COM3336113', 1, 44, 'gouthamsambaraju4a7@gmail.com', 'admin@admin.com', 'Test', '<p>ertretert</p>', '1', '2020-11-30 09:09:41', NULL),
(979, 'COM3336113', 1, 30, 'raghuvarma.testmail@gmail.com', 'admin@admin.com', 'Test', '<p>ertretert</p>', '1', '2020-11-30 09:09:41', NULL),
(980, 'COM3336113', 1, 31, 'branchbrooktest@gmail.com', 'admin@admin.com', 'Test', '<p>ertretert</p>', '1', '2020-11-30 09:09:41', NULL),
(981, 'COM3336113', 1, 32, 'masontest@gmail.com', 'admin@admin.com', 'Test', '<p>ertretert</p>', '1', '2020-11-30 09:09:41', NULL),
(982, 'COM3336113', 1, 33, 'heiditest@gmail.com', 'admin@admin.com', 'Test', '<p>ertretert</p>', '1', '2020-11-30 09:09:41', NULL),
(983, 'COM3336113', 1, 34, 'vimtest@gmail.com', 'admin@admin.com', 'Test', '<p>ertretert</p>', '1', '2020-11-30 09:09:41', NULL),
(984, 'COM3336113', 1, 35, 'mergewelltest@gmail.com', 'admin@admin.com', 'Test', '<p>ertretert</p>', '1', '2020-11-30 09:09:41', NULL),
(985, 'COM3336113', 1, 36, 'nostrandtest@gmail.com', 'admin@admin.com', 'Test', '<p>ertretert</p>', '1', '2020-11-30 09:09:42', NULL),
(986, 'COM3336113', 1, 37, 'elmhurstest@gmail.com', 'admin@admin.com', 'Test', '<p>ertretert</p>', '1', '2020-11-30 09:09:42', NULL),
(987, 'COM3336113', 1, 38, 'freedomtest@gmail.com', 'admin@admin.com', 'Test', '<p>ertretert</p>', '1', '2020-11-30 09:09:42', NULL),
(988, 'COM3336113', 1, 39, 'lendatest@gmail.com', 'admin@admin.com', 'Test', '<p>ertretert</p>', '1', '2020-11-30 09:09:42', NULL),
(989, 'COM3336113', 1, 40, 'erinstest@gmail.com', 'admin@admin.com', 'Test', '<p>ertretert</p>', '1', '2020-11-30 09:09:42', NULL),
(990, 'COM3336113', 1, 41, 'hilltest@gmail.com', 'admin@admin.com', 'Test', '<p>ertretert</p>', '1', '2020-11-30 09:09:42', NULL),
(991, 'COM3336113', 1, 42, 'expresscaretest@gmail.com', 'admin@admin.com', 'Test', '<p>ertretert</p>', '1', '2020-11-30 09:09:42', NULL),
(992, 'COM3336113', 1, 43, 'carewelltest@gmail.com', 'admin@admin.com', 'Test', '<p>ertretert</p>', '1', '2020-11-30 09:09:42', NULL),
(993, 'COM3336113', 1, 44, 'gouthamsambaraju4a7@gmail.com', 'admin@admin.com', 'Test', '<p>ertretert</p>', '1', '2020-11-30 09:09:42', NULL);

-- --------------------------------------------------------

--
-- Table structure for table `communications_files`
--

CREATE TABLE `communications_files` (
  `id` int(10) NOT NULL,
  `communication_id` varchar(255) NOT NULL,
  `file_name` varchar(255) NOT NULL,
  `upload_time` timestamp NOT NULL DEFAULT CURRENT_TIMESTAMP
) ENGINE=InnoDB DEFAULT CHARSET=utf8;

-- --------------------------------------------------------

--
-- Table structure for table `communications_replies`
--

CREATE TABLE `communications_replies` (
  `id` int(10) NOT NULL,
  `reply_id` varchar(25) NOT NULL,
  `communication_id` int(10) NOT NULL,
  `email_id` int(10) NOT NULL,
  `user_id` int(10) NOT NULL,
  `reply_to` varchar(255) NOT NULL,
  `reply_from` varchar(255) NOT NULL,
  `reply_message` text NOT NULL,
  `read_status` enum('1','0') NOT NULL,
  `reply_date` timestamp NOT NULL DEFAULT CURRENT_TIMESTAMP ON UPDATE CURRENT_TIMESTAMP,
  `updated_date` timestamp NULL DEFAULT NULL ON UPDATE CURRENT_TIMESTAMP
) ENGINE=InnoDB DEFAULT CHARSET=utf8;

-- --------------------------------------------------------

--
-- Table structure for table `contact`
--

CREATE TABLE `contact` (
  `id` int(11) NOT NULL,
  `address1` text NOT NULL,
  `title` varchar(255) NOT NULL,
  `description` text NOT NULL,
  `address2` text NOT NULL,
  `city` varchar(50) NOT NULL,
  `country` varchar(250) NOT NULL,
  `state` varchar(100) NOT NULL,
  `zip` varchar(20) NOT NULL,
  `status` int(5) NOT NULL,
  `email` varchar(200) NOT NULL,
  `phone` varchar(18) NOT NULL,
  `contact` varchar(18) NOT NULL,
  `map` text NOT NULL,
  `fax_number` varchar(200) NOT NULL,
  `day_one` varchar(50) NOT NULL,
  `day_two` varchar(50) NOT NULL,
  `day_three` varchar(50) NOT NULL,
  `start_time` varchar(250) NOT NULL DEFAULT 'AM',
  `end_time` varchar(250) NOT NULL DEFAULT 'PM',
  `start_hour` varchar(250) NOT NULL DEFAULT 'AM',
  `end_hour` varchar(250) NOT NULL DEFAULT 'PM',
  `hours` varchar(250) NOT NULL DEFAULT '00:00:00',
  `facebook` longtext NOT NULL,
  `twitter` longtext NOT NULL,
  `linkedin` text NOT NULL,
  `pinterest` text NOT NULL,
  `youtube` text NOT NULL,
  `instagram` varchar(200) NOT NULL,
  `create_date` date NOT NULL,
  `update_date` date NOT NULL
) ENGINE=InnoDB DEFAULT CHARSET=latin1;

--
-- Dumping data for table `contact`
--

INSERT INTO `contact` (`id`, `address1`, `title`, `description`, `address2`, `city`, `country`, `state`, `zip`, `status`, `email`, `phone`, `contact`, `map`, `fax_number`, `day_one`, `day_two`, `day_three`, `start_time`, `end_time`, `start_hour`, `end_hour`, `hours`, `facebook`, `twitter`, `linkedin`, `pinterest`, `youtube`, `instagram`, `create_date`, `update_date`) VALUES
(1, '917 Franklin Avenue', 'Contact Us', 'test', '', 'Newark', 'US', 'NJ', '07107-2809', 1, 'info@billing.com', '+1 (645) 645-5465', ' ', 'https://goo.gl/maps/q7weS', '+1 (973) 412 7303', '', '', '', '', '', '', '', '00:00:00', 'https://www.facebook.com/', 'https://twitter.com', 'https://www.linkedin.com/              ', 'https://www.pinterest.com/', 'https://www.youtube.com/', 'https://www.instagram.com/', '2019-03-21', '2020-02-23');

-- --------------------------------------------------------

--
-- Table structure for table `contactus_replies`
--

CREATE TABLE `contactus_replies` (
  `id` int(11) NOT NULL,
  `message_id` int(11) NOT NULL,
  `reply_message` text NOT NULL,
  `replier_id` varchar(20) NOT NULL,
  `replier_name` varchar(255) NOT NULL,
  `read_status` int(20) NOT NULL DEFAULT '0',
  `reply_date` timestamp NOT NULL DEFAULT CURRENT_TIMESTAMP
) ENGINE=MyISAM DEFAULT CHARSET=latin1;

-- --------------------------------------------------------

--
-- Table structure for table `enquiries`
--

CREATE TABLE `enquiries` (
  `id` int(11) NOT NULL,
  `pharmacy_name` varchar(255) NOT NULL,
  `contact_name` varchar(255) NOT NULL,
  `email_address` varchar(255) NOT NULL,
  `phone_number` varchar(30) NOT NULL,
  `notes` text NOT NULL,
  `create_date` timestamp NOT NULL DEFAULT CURRENT_TIMESTAMP
) ENGINE=InnoDB DEFAULT CHARSET=utf8;

--
-- Dumping data for table `enquiries`
--

INSERT INTO `enquiries` (`id`, `pharmacy_name`, `contact_name`, `email_address`, `phone_number`, `notes`, `create_date`) VALUES
(1, 'dfhdfh', 'fhg dfhdfgh', 'raghuvarma.chintu@gmail.com', '', 'gdf dfgfdgdfgfd', '2020-11-23 06:43:12'),
(2, 'er tvreterter', 're ter tert', 'raghuvarma.testmail@gmail.com', '+1 (918) 686-8657', 'er treter ter tretre', '2020-11-23 06:46:07'),
(3, 'drghdfh', 'gfhfghfgh', 'raghuvarma.chintu@gmail.com', '', 'gyj fthfthfghfgh', '2020-11-23 06:54:30'),
(4, 'tyujygjgyj', 'gyuityuityi', 'raghuvarma.chintu@gmail.com', '+1 (445) 354-3413', 'tyity nrtfhftghnfgh', '2020-11-23 06:58:50'),
(5, 'fgh fghfgh', 'fgh fgh fghf', 'raghuvarma.testmail@gmail.com', '+1 (918) 686-8657', 'fgh fgh fgh fgh', '2020-11-23 06:59:24'),
(6, 'kjbkbkjb', 'hgjhvjhy', 'raghuvarma.testmail@gmail.com', '+1 (987) 456-3210', 'ygfuyuy', '2020-11-23 07:00:53'),
(7, 'dghdfghdf', 'fghgh', 'raghuv@ennobletechnologies.com', '+1 (898) 987-9879', 'fghfgh fghgf', '2020-11-23 07:06:28'),
(8, 'sdfdf sd', ' sdfsdf', 'raghuv@ennobletechnologies.com', '+1 (987) 654-3210', 'sdf sdfdsfsdf', '2020-11-23 07:07:20'),
(9, 'dsgsg', 'dfgfdgdfg', 'raghuvarma.testmail@gmail.com', '+1 (918) 686-8657', 'dfg dfgdfgfd', '2020-11-23 07:08:11'),
(10, 'ertyret', 'ertertert', 'raghuvarma.chintu@gmail.com', '+1 (678) 867-4853', 'ret ertretert', '2020-11-23 07:09:42'),
(11, 'BestHealth', 'Sushma', 'sushmah@ennoblegrp.com', '+1 (481) 818-2020', 'I would like to discuss and register ', '2020-11-26 13:52:08'),
(12, 'Test Pharmacy', 'Anil', 'anila@ennobletechnologies.com', '+1 (944) 017-2243', 'Test Notes', '2020-12-23 12:35:43');

-- --------------------------------------------------------

--
-- Table structure for table `features`
--

CREATE TABLE `features` (
  `id` int(5) NOT NULL,
  `feature_id` varchar(50) NOT NULL,
  `title` varchar(50) NOT NULL,
  `description` text NOT NULL,
  `image` text NOT NULL,
  `status` int(5) NOT NULL,
  `create_date` timestamp NOT NULL DEFAULT CURRENT_TIMESTAMP ON UPDATE CURRENT_TIMESTAMP,
  `update_date` timestamp NULL DEFAULT NULL
) ENGINE=InnoDB DEFAULT CHARSET=latin1;

--
-- Dumping data for table `features`
--

INSERT INTO `features` (`id`, `feature_id`, `title`, `description`, `image`, `status`, `create_date`, `update_date`) VALUES
(1, 'FEA7082958', 'Automated Refill Management System', '<ul class=\"list-style\" xss=removed>\r\n<li xss=removed>Fill electronic prescriptions by reviewing existing patient, prescriber and drug inventory data</li>\r\n<li xss=removed>“At a glance,” visibility of all refill management processes through a Refill Compliance Dashboard. The dashboard can be customized to include preferred metrics, including scheduled refills, missed refills, expired refills, and Med Sync Rx.</li>\r\n<li xss=removed>Automatically queues each day’s scheduled refills</li>\r\n<li xss=removed>RxSync - Sync all refills to a particular date</li>\r\n<li xss=removed>Return to Stock Queue - Prescriptions not picked up by patients will be flagged, with the system easily updated to reflect missed pickups, and drugs added back</li>\r\n</ul>', '8f0ae190c1e124c55bd3baafeae2d0b6.png', 1, '2020-10-22 12:58:57', '2020-10-22 03:40:14'),
(4, 'FEA4059235', 'Customized Workflow Management and Reports', '<ul class=\"list-style\">\r\n<li>Inventory management</li>\r\n<li>Reconciliation process ensures you will never miss a payment</li>\r\n<li>Bin management feature facilitates prescription pickup process</li>\r\n<li>Seamless management of incoming prescriptions</li>\r\n<li>Generate electronic orders with wholesalers based on your customized drug ordering parameters</li>\r\n<li>Ability to show cost comparisons between wholesalers</li>\r\n<li>Automatically update true cost from EDI files received from a wholesaler(s)</li>\r\n<li>Ensure compliance with all state and federal regulatory agencies</li>\r\n<li>Automatic backups of all data; Remote server access in case of emergency</li>\r\n</ul>', '94ac640051a3823130630b451e817c3b.png', 1, '2020-10-22 13:01:09', '2020-10-22 06:40:39'),
(5, 'FEA0320767', 'Pharmacy Communication', '<ul class=\"list-style\" xss=removed>\r\n<li xss=removed>Outbound calls, text/SMS messaging</li>\r\n<li xss=removed>Inbound communication allows patients to respond via prompts</li>\r\n<li xss=removed>Emails to communicate information related to refilling schedules dosage alerts, and pickup availability.</li>\r\n<li xss=removed>Birthday greetings and other personalized messages sent via email or text/SMS message</li>\r\n</ul>', '2a2a80a67ee71c8c417b868eec47d7e3.png', 1, '2020-10-21 19:40:11', '2020-10-21 19:40:11'),
(6, 'FEA2267615', 'Report Generation', '<ul>\r\n<li>Customized reports to support the pharmacy’s unique needs</li>\r\n<li>The daily log provides a comprehensive report of each day’s activities</li>\r\n<li>Customized business analytics</li>\r\n<li>Identify key metrics and receive regular reports relevant to that data</li>\r\n<li>Business intelligence reports built into the system - why pay extra to third-party vendors?</li>\r\n</ul>', '467d1dc879a388c655b72582f7a80059.png', 1, '2020-11-04 12:57:05', '2020-10-26 23:40:57');

-- --------------------------------------------------------

--
-- Table structure for table `forgetpasswordtoken`
--

CREATE TABLE `forgetpasswordtoken` (
  `id` int(5) NOT NULL,
  `UserID` int(25) NOT NULL,
  `TokenNumber` varchar(255) NOT NULL,
  `UserEmail` varchar(255) NOT NULL,
  `TokenTime` time NOT NULL
) ENGINE=InnoDB DEFAULT CHARSET=utf8;

-- --------------------------------------------------------

--
-- Table structure for table `forms`
--

CREATE TABLE `forms` (
  `id` int(10) NOT NULL,
  `file_source` varchar(255) NOT NULL,
  `form_id` varchar(255) NOT NULL,
  `form_name` varchar(255) NOT NULL,
  `form_description` text NOT NULL,
  `file` text NOT NULL,
  `status` int(5) NOT NULL,
  `created_date` timestamp NOT NULL DEFAULT CURRENT_TIMESTAMP ON UPDATE CURRENT_TIMESTAMP,
  `updated_date` timestamp NULL DEFAULT NULL ON UPDATE CURRENT_TIMESTAMP
) ENGINE=InnoDB DEFAULT CHARSET=utf8;

--
-- Dumping data for table `forms`
--

INSERT INTO `forms` (`id`, `file_source`, `form_id`, `form_name`, `form_description`, `file`, `status`, `created_date`, `updated_date`) VALUES
(27, '', 'FRM4742552', 'CMS1500', '', 'af83a03dfd0113ffe8959f04ac3b5613.pdf', 1, '2020-10-31 07:10:44', '2020-10-31 07:10:44');

-- --------------------------------------------------------

--
-- Table structure for table `generated_claims`
--

CREATE TABLE `generated_claims` (
  `id` int(5) NOT NULL,
  `claim_id` int(5) NOT NULL,
  `file_name` varchar(255) NOT NULL,
  `status` int(5) NOT NULL,
  `create_date` timestamp NOT NULL DEFAULT CURRENT_TIMESTAMP
) ENGINE=InnoDB DEFAULT CHARSET=utf8;

--
-- Dumping data for table `generated_claims`
--

INSERT INTO `generated_claims` (`id`, `claim_id`, `file_name`, `status`, `create_date`) VALUES
(1, 2, 'CLA2911650_11-20-2020_220615.pdf', 1, '2020-11-20 14:06:15'),
(2, 1, 'CLA4475968_11-20-2020_234234.pdf', 0, '2020-11-20 15:42:34'),
(3, 1, 'CLA4475968_11-20-2020_234311.pdf', 0, '2020-11-20 15:43:11'),
(4, 1, 'CLA4475968_11-20-2020_234423.pdf', 0, '2020-11-20 15:44:23'),
(5, 1, 'CLA4475968_11-20-2020_234427.pdf', 0, '2020-11-20 15:44:28'),
(6, 1, 'CLA4475968_11-20-2020_234458.pdf', 1, '2020-11-20 15:44:58'),
(7, 32, 'CLA0215878_11-23-2020_125211.pdf', 1, '2020-11-23 04:52:11'),
(8, 31, 'CLA6364448_11-23-2020_125345.pdf', 1, '2020-11-23 04:53:45'),
(9, 30, 'CLA7937686_11-23-2020_125358.pdf', 1, '2020-11-23 04:53:58'),
(10, 22, 'CLA8243023_11-23-2020_125437.pdf', 1, '2020-11-23 04:54:37'),
(11, 21, 'CLA1848880_11-23-2020_125603.pdf', 1, '2020-11-23 04:56:03'),
(12, 20, 'CLA7824138_11-23-2020_125833.pdf', 1, '2020-11-23 04:58:33'),
(13, 19, 'CLA1493931_11-23-2020_125902.pdf', 1, '2020-11-23 04:59:03'),
(14, 18, 'CLA4880670_11-23-2020_125957.pdf', 1, '2020-11-23 04:59:57'),
(15, 17, 'CLA6164200_11-23-2020_130139.pdf', 1, '2020-11-23 05:01:39'),
(16, 16, 'CLA7469465_11-23-2020_130212.pdf', 1, '2020-11-23 05:02:12'),
(17, 15, 'CLA8463214_11-23-2020_130218.pdf', 1, '2020-11-23 05:02:18'),
(18, 14, 'CLA3100795_11-23-2020_130246.pdf', 1, '2020-11-23 05:02:46'),
(19, 33, 'CLA3016726_11-23-2020_202337.pdf', 1, '2020-11-23 12:23:37'),
(20, 34, 'CLA8587267_11-23-2020_202648.pdf', 1, '2020-11-23 12:26:48'),
(21, 35, 'CLA3147164_11-23-2020_202836.pdf', 1, '2020-11-23 12:28:37'),
(22, 36, 'CLA6384250_11-23-2020_203000.pdf', 1, '2020-11-23 12:30:00'),
(23, 37, 'CLA7683052_11-23-2020_203609.pdf', 1, '2020-11-23 12:36:09'),
(24, 38, 'CLA0096037_11-23-2020_204142.pdf', 1, '2020-11-23 12:41:43'),
(25, 39, 'CLA4252863_11-23-2020_204439.pdf', 1, '2020-11-23 12:44:40'),
(26, 40, 'CLA0648285_11-23-2020_204719.pdf', 1, '2020-11-23 12:47:19'),
(27, 43, 'CLA4017181_11-23-2020_205410.pdf', 0, '2020-11-23 12:54:10'),
(28, 43, 'CLA4017181_11-23-2020_205434.pdf', 1, '2020-11-23 12:54:34'),
(29, 44, 'CLA3764864_11-23-2020_205537.pdf', 1, '2020-11-23 12:55:38'),
(30, 45, 'CLA0590057_11-23-2020_205716.pdf', 1, '2020-11-23 12:57:16'),
(31, 46, 'CLA9279476_11-23-2020_205924.pdf', 1, '2020-11-23 12:59:24'),
(32, 48, 'CLA6837114_11-23-2020_210804.pdf', 1, '2020-11-23 13:08:04'),
(33, 66, 'CLA2243581_11-24-2020_073513.pdf', 1, '2020-11-23 23:35:13'),
(34, 65, 'CLA4318564_11-24-2020_073520.pdf', 1, '2020-11-23 23:35:20'),
(35, 64, 'CLA9068558_11-24-2020_073526.pdf', 1, '2020-11-23 23:35:26'),
(36, 62, 'CLA8088430_11-24-2020_073539.pdf', 0, '2020-11-23 23:35:39'),
(37, 13, 'CLA5553449_11-24-2020_073823.pdf', 1, '2020-11-23 23:38:23'),
(38, 62, 'CLA8088430_11-24-2020_073828.pdf', 1, '2020-11-23 23:38:28'),
(39, 61, 'CLA4521685_11-24-2020_073839.pdf', 1, '2020-11-23 23:38:39'),
(40, 60, 'CLA0105799_11-24-2020_073845.pdf', 1, '2020-11-23 23:38:45'),
(41, 59, 'CLA9682908_11-24-2020_073854.pdf', 1, '2020-11-23 23:38:54'),
(42, 58, 'CLA2149366_11-24-2020_073900.pdf', 1, '2020-11-23 23:39:00'),
(43, 57, 'CLA5836557_11-24-2020_073906.pdf', 1, '2020-11-23 23:39:06'),
(44, 12, 'CLA7934562_11-24-2020_073922.pdf', 1, '2020-11-23 23:39:22'),
(45, 11, 'CLA3233432_11-24-2020_073929.pdf', 1, '2020-11-23 23:39:29'),
(46, 10, 'CLA6077432_11-24-2020_073937.pdf', 0, '2020-11-23 23:39:38'),
(47, 56, 'CLA7914692_11-24-2020_073945.pdf', 1, '2020-11-23 23:39:45'),
(48, 53, 'CLA1370936_11-24-2020_073954.pdf', 1, '2020-11-23 23:39:54'),
(49, 10, 'CLA6077432_11-24-2020_074102.pdf', 1, '2020-11-23 23:41:02'),
(50, 9, 'CLA2686728_11-24-2020_074327.pdf', 1, '2020-11-23 23:43:28'),
(51, 50, 'CLA5727422_11-24-2020_140652.pdf', 1, '2020-11-24 06:06:52'),
(52, 51, 'CLA2507217_11-24-2020_145440.pdf', 1, '2020-11-24 06:54:40'),
(53, 52, 'CLA4543048_11-24-2020_150836.pdf', 1, '2020-11-24 07:08:36'),
(54, 54, 'CLA7835936_11-24-2020_161041.pdf', 1, '2020-11-24 08:10:41'),
(55, 55, 'CLA4630066_11-24-2020_162629.pdf', 1, '2020-11-24 08:26:29'),
(56, 67, 'CLA6239772_11-24-2020_180403.pdf', 1, '2020-11-24 10:04:03'),
(57, 68, 'CLA5274392_11-24-2020_181133.pdf', 1, '2020-11-24 10:11:33'),
(58, 69, 'CLA9522444_11-24-2020_181916.pdf', 1, '2020-11-24 10:19:17'),
(59, 70, 'CLA3499087_11-24-2020_182713.pdf', 1, '2020-11-24 10:27:13'),
(60, 71, 'CLA1442779_11-24-2020_183933.pdf', 1, '2020-11-24 10:39:33'),
(61, 72, 'CLA6577968_11-24-2020_185535.pdf', 1, '2020-11-24 10:55:35'),
(62, 73, 'CLA9852628_11-24-2020_192950.pdf', 1, '2020-11-24 11:29:50'),
(63, 74, 'CLA9400722_11-24-2020_193106.pdf', 1, '2020-11-24 11:31:06'),
(64, 80, 'CLA1161469_11-27-2020_032649.pdf', 0, '2020-11-26 19:26:49'),
(65, 80, 'CLA1161469_11-27-2020_085603.pdf', 0, '2020-11-27 08:56:03'),
(66, 80, 'CLA1161469_11-27-2020_090114.pdf', 0, '2020-11-27 09:01:14'),
(67, 80, 'CLA1161469_11-27-2020_090118.pdf', 0, '2020-11-27 09:01:19'),
(68, 80, 'CLA1161469_11-27-2020_090144.pdf', 0, '2020-11-27 09:01:44'),
(69, 80, 'CLA1161469_11-27-2020_090246.pdf', 0, '2020-11-27 09:02:46'),
(70, 80, 'CLA1161469_11-27-2020_090926.pdf', 0, '2020-11-27 09:09:26'),
(71, 80, 'CLA1161469_11-27-2020_091538.pdf', 0, '2020-11-27 09:15:38'),
(72, 80, 'CLA1161469_11-27-2020_092019.pdf', 0, '2020-11-27 09:20:20'),
(73, 80, 'CLA1161469_11-27-2020_092127.pdf', 0, '2020-11-27 09:21:27'),
(74, 80, 'CLA1161469_11-27-2020_092235.pdf', 0, '2020-11-27 09:22:35'),
(75, 80, 'CLA1161469_11-27-2020_092459.pdf', 0, '2020-11-27 09:24:59'),
(76, 80, 'CLA1161469_11-27-2020_092642.pdf', 0, '2020-11-27 09:26:42'),
(77, 80, 'CLA1161469_11-27-2020_092722.pdf', 0, '2020-11-27 09:27:23'),
(78, 80, 'CLA1161469_11-27-2020_092754.pdf', 0, '2020-11-27 09:27:55'),
(79, 80, 'CLA1161469_11-27-2020_092841.pdf', 0, '2020-11-27 09:28:41'),
(80, 80, 'CLA1161469_11-27-2020_093828.pdf', 0, '2020-11-27 09:38:28'),
(81, 80, 'CLA1161469_11-27-2020_130127.pdf', 0, '2020-11-27 13:01:27'),
(82, 80, 'CLA1161469_11-28-2020_044923.pdf', 0, '2020-11-28 04:49:24'),
(83, 80, 'CLA1161469_11-28-2020_050920.pdf', 0, '2020-11-28 05:09:21'),
(84, 80, 'CLA1161469_11-28-2020_052010.pdf', 0, '2020-11-28 05:20:10'),
(85, 80, 'CLA1161469_11-28-2020_052014.pdf', 1, '2020-11-28 05:20:14'),
(86, 83, 'CLA4540174_12-10-2020_132312.pdf', 1, '2020-12-10 13:23:12'),
(87, 7, 'CLA5200018_12-10-2020_132331.pdf', 1, '2020-12-10 13:23:31');

-- --------------------------------------------------------

--
-- Table structure for table `homeaboutus`
--

CREATE TABLE `homeaboutus` (
  `id` int(5) NOT NULL,
  `title` varchar(50) NOT NULL,
  `description` text NOT NULL,
  `image` text NOT NULL,
  `status` int(5) NOT NULL,
  `create_date` timestamp NOT NULL DEFAULT CURRENT_TIMESTAMP ON UPDATE CURRENT_TIMESTAMP,
  `update_date` timestamp NOT NULL DEFAULT '0000-00-00 00:00:00'
) ENGINE=InnoDB DEFAULT CHARSET=latin1;

--
-- Dumping data for table `homeaboutus`
--

INSERT INTO `homeaboutus` (`id`, `title`, `description`, `image`, `status`, `create_date`, `update_date`) VALUES
(11, 'Streamline Manual Billing', '<p>You might already offer clinical services which allow you to practice at the top of your license and provide convenient, needed services to your patients.</p>\r\n<p>But two problems persist. First, it’s often hard to know which patients are eligible for medical benefits. And second, submitting claims from pharmacy for medical plan reimbursements has been inefficient—until now.</p>\r\n<p>With Medical Billing, medical billing within workflow can be just a few clicks away. You can now check medical eligibility in real time. You can also bill for clinical services using x12 reimbursement transaction technology. This is the same billing pathway that physicians and hospitals use to request medical service reimbursements.</p>\r\n<p><a class=\"button small animate\" href=\"#\" data-animation=\"bounceIn\" data-delay=\"100\">Purchase Now </a></p>', '', 1, '2020-10-13 05:45:49', '2020-06-16 12:40:49');

-- --------------------------------------------------------

--
-- Table structure for table `homeservices`
--

CREATE TABLE `homeservices` (
  `id` int(5) NOT NULL,
  `title` varchar(50) NOT NULL,
  `description` text NOT NULL,
  `image` text NOT NULL,
  `status` int(5) NOT NULL,
  `create_date` timestamp NOT NULL DEFAULT CURRENT_TIMESTAMP ON UPDATE CURRENT_TIMESTAMP,
  `update_date` timestamp NOT NULL DEFAULT '0000-00-00 00:00:00'
) ENGINE=InnoDB DEFAULT CHARSET=latin1;

--
-- Dumping data for table `homeservices`
--

INSERT INTO `homeservices` (`id`, `title`, `description`, `image`, `status`, `create_date`, `update_date`) VALUES
(9, 'Claims Processing Service ', '<p>Billing System is as intricate as any other medical discipline with perpetual reimbursement concerns. Users are required to keep track of their patients, medicines, equipment, and other possible ambiguities. Managing the community pharmacy’s patient claims can be a complex and time-consuming process.</p>\r\n<p>Billing System services aid in implementing all the pharmacy claims and billing challenges by providing essential connectivity between pharmacies and insurance companies. Data can be integrated into the system and transferred to insurance companies making the claims processing tasks more efficient and accurate.</p>', 'c942bdc1a8866d59ef360dee98865c51.jpg', 1, '2020-11-05 05:22:12', '2020-10-22 00:40:01');

-- --------------------------------------------------------

--
-- Table structure for table `insurance_additional_information`
--

CREATE TABLE `insurance_additional_information` (
  `id` int(10) NOT NULL,
  `claim_id` int(10) NOT NULL,
  `insured_checks` varchar(255) NOT NULL
) ENGINE=InnoDB DEFAULT CHARSET=utf8;

-- --------------------------------------------------------

--
-- Table structure for table `insurance_companies`
--

CREATE TABLE `insurance_companies` (
  `id` int(10) NOT NULL,
  `insurance_company_id` varchar(255) NOT NULL,
  `insurance_company_name` varchar(30) NOT NULL,
  `ein_number` varchar(25) NOT NULL,
  `naic_number` varchar(25) NOT NULL,
  `naic_group_code` varchar(25) NOT NULL,
  `state_of_domicile` varchar(25) NOT NULL,
  `company_type` varchar(25) NOT NULL,
  `company_status` varchar(25) NOT NULL,
  `address1` text NOT NULL,
  `address2` text,
  `city` varchar(20) NOT NULL,
  `state` varchar(20) NOT NULL,
  `zip_code` varchar(10) NOT NULL,
  `phone_number` varchar(20) NOT NULL,
  `email_address` varchar(50) DEFAULT NULL,
  `status` int(5) NOT NULL,
  `created_date` timestamp NOT NULL DEFAULT CURRENT_TIMESTAMP ON UPDATE CURRENT_TIMESTAMP,
  `updated_date` timestamp NULL DEFAULT NULL ON UPDATE CURRENT_TIMESTAMP
) ENGINE=InnoDB DEFAULT CHARSET=utf8;

--
-- Dumping data for table `insurance_companies`
--

INSERT INTO `insurance_companies` (`id`, `insurance_company_id`, `insurance_company_name`, `ein_number`, `naic_number`, `naic_group_code`, `state_of_domicile`, `company_type`, `company_status`, `address1`, `address2`, `city`, `state`, `zip_code`, `phone_number`, `email_address`, `status`, `created_date`, `updated_date`) VALUES
(1, 'INS7379672', 'Blue cross blue shield of NJ', '', '', '', '', '', '', '141 Mountainview Blvd', '', 'The Bronx', 'NJ', '57676-5767', '+1 (918) 686-8657', 'raghuvarma.testmail@gmail.com', 1, '2020-11-21 02:26:45', '2020-11-21 02:26:45'),
(2, 'INS9516486', 'UnitedHealthcare of GA', '', '', '', '', '', '', 'P.O. Box 740800', '', 'Atlanta', 'GA', '30374-0800', '+1 (888) 835-9637', 'info@unitedhealthcare.com', 1, '2020-11-21 02:25:12', '2020-11-21 02:25:12'),
(3, 'INS1013709', 'Kaiser Permanente', '', '', '', '', '', '', 'NCAL PO Box 12923', '', 'Oakland', 'CA', '94604-2923', '+1 (888) 901-4636', 'info@kaiser.com', 1, '2020-11-11 17:11:05', '2020-11-11 17:11:05'),
(4, 'INS4597390', 'Anthem Blue Cross Blue Shield', '', '', '', '', '', '', 'PO Box 105557', '', 'Atlanta', 'GA', '30348', '+1 (984) 229-9397', 'info@anthem.com', 1, '2020-11-11 17:11:06', '2020-11-11 17:11:06'),
(5, 'INS2362628', 'Aetna NC', '', '', '', '', '', '', '5000 Centregreen Way Suite 350', '', 'Cary', 'NC', '27513', '+1 (919) 337-1800', 'info@aetna.com', 1, '2020-11-21 02:30:11', '2020-11-21 02:30:11'),
(6, 'INS4216152', 'Blue Shield of California', '', '', '', '', '', '', 'P.O. Box 1505', '', 'Red Bluff', 'CA', '96080-1505', '+1 (800) 622-0632', 'info@blueshieldca.com', 1, '2020-11-16 06:01:15', '2020-11-16 06:01:15'),
(7, 'INS9999214', 'CIGNA HLTHCARE OF NJ INC', '', '', '', '', '', '', '499 WASHINGTON BOULEVARD', '5th Floor', 'Jersey City', 'NJ', '07310-1608', '+1 (201) 533-5001', 'mail@cignanj.com', 1, '2020-11-21 14:11:09', '2020-11-21 14:11:09'),
(8, 'INS3990307', 'HEALTH NET OF NJ INC NJ', '', '', '', '', '', '', '48 MONROE TURNPIKE', '', 'Trumbull', 'CT', '06611', '+1 (203) 459-6000', 'mail@healthnetnj.com', 1, '2020-11-21 14:11:25', '2020-11-21 14:11:25'),
(9, 'INS9851082', 'OPTIMA HLTH PLAN VA', '', '', '', '', '', '', '4417 CORPORATION LANE ', '', 'Virginia Beach', 'VA', '23462', '+1 (757) 552-7401', 'mail@optimava.com', 1, '2020-11-21 15:11:10', '2020-11-21 15:11:10'),
(10, 'INS2090119', 'WELLCARE OF FL INC FL', '', '', '', '', '', '', '8735 HENDERSON ROAD ', '', 'Tampa', 'FL', '33634', '+1 (813) 290-6200', 'mail@wellcarefl.com', 1, '2020-11-21 15:11:43', '2020-11-21 15:11:43'),
(11, 'INS4381570', 'WINDSOR HLTH PLAN INC TN', '', '', '', '', '', '', '7100 COMMERCE WAY', 'Suite 285', 'Brentwood', 'TN', '37037', '+1 (360) 647-9080', 'mail@windsortn.com', 1, '2020-11-21 15:11:36', '2020-11-21 15:11:36'),
(12, 'INS4518685', 'New Health Care', '4456345', '89543', '5486', 'CT', 'health', 'active', 'Unit No: 101, Sunset Villa, Berger Road,', '', 'Midrand', 'CA', '23423-4234', '+1 (324) 234 2342', 'test@123.com', 1, '2020-11-26 14:11:41', '2020-11-26 14:11:41');

-- --------------------------------------------------------

--
-- Table structure for table `insurance_forms`
--

CREATE TABLE `insurance_forms` (
  `id` int(5) NOT NULL,
  `insurance_company_id` int(5) NOT NULL,
  `form_id` int(5) NOT NULL,
  `status` int(5) NOT NULL
) ENGINE=InnoDB DEFAULT CHARSET=utf8;

--
-- Dumping data for table `insurance_forms`
--

INSERT INTO `insurance_forms` (`id`, `insurance_company_id`, `form_id`, `status`) VALUES
(22, 4, 27, 1),
(23, 5, 27, 1),
(24, 6, 27, 1),
(29, 1, 27, 1),
(30, 2, 27, 1),
(31, 3, 27, 1),
(32, 7, 27, 1),
(33, 8, 27, 1),
(34, 9, 27, 1),
(35, 10, 27, 1),
(36, 11, 27, 1);

-- --------------------------------------------------------

--
-- Table structure for table `insurance_information`
--

CREATE TABLE `insurance_information` (
  `id` int(10) NOT NULL,
  `claim_id` int(10) NOT NULL,
  `insured_check` varchar(50) NOT NULL,
  `insured_id_number` varchar(255) NOT NULL,
  `insured_last_name` varchar(255) NOT NULL,
  `insured_first_name` varchar(255) NOT NULL,
  `insured_middle_name` varchar(255) NOT NULL,
  `insured_phone_number` varchar(20) NOT NULL,
  `insured_address1` varchar(255) NOT NULL,
  `insured_address2` varchar(255) NOT NULL,
  `insured_city` varchar(255) NOT NULL,
  `insured_state` varchar(255) NOT NULL,
  `insured_zip_code` varchar(255) NOT NULL,
  `other_insured_last_name` varchar(255) NOT NULL,
  `other_insured_first_name` varchar(255) NOT NULL,
  `other_insured_middle_name` varchar(255) NOT NULL,
  `insured_group_number` varchar(255) NOT NULL,
  `other_group_number` varchar(255) NOT NULL,
  `insurance_plan_name` varchar(255) NOT NULL,
  `other_insurance_plan_name` varchar(255) NOT NULL,
  `insured_dob` date NOT NULL,
  `insured_gender` varchar(255) NOT NULL,
  `iclaim_id` varchar(255) NOT NULL,
  `other_benefit_plan` varchar(255) NOT NULL
) ENGINE=InnoDB DEFAULT CHARSET=utf8;

--
-- Dumping data for table `insurance_information`
--

INSERT INTO `insurance_information` (`id`, `claim_id`, `insured_check`, `insured_id_number`, `insured_last_name`, `insured_first_name`, `insured_middle_name`, `insured_phone_number`, `insured_address1`, `insured_address2`, `insured_city`, `insured_state`, `insured_zip_code`, `other_insured_last_name`, `other_insured_first_name`, `other_insured_middle_name`, `insured_group_number`, `other_group_number`, `insurance_plan_name`, `other_insurance_plan_name`, `insured_dob`, `insured_gender`, `iclaim_id`, `other_benefit_plan`) VALUES
(1, 1, 'MEDICARE', '', 'Raghuvarma', 'Rudroju', 'Test2', '+1 (987) 654-3210', '141 Mountainview Blvd', '', 'Wayne', 'NJ', '74702', '', '', '', 'wettwet', '', 'wwetf', '', '1970-01-01', 'male', '3ey64e', 'no'),
(2, 2, 'MEDICARE', '', 'Raghuvarma', 'Rudroju', 'Test2', '+1 (987) 654-3210', '141 Mountainview Blvd', '', 'Wayne', 'NJ', '74702', '', '', '', 'rtyrty ty', '', 'wwet2', '', '1970-01-01', 'male', '7554745745', 'no'),
(3, 3, 'MEDICARE', '', 'Raghuvarma', 'Rudroju', '', '+1 (987) 654-3210', '141 Mountainview Blvd', '', 'Wayne', 'NJ', '74702', '', '', '', '', '', '', '', '1970-01-01', 'male', '', 'yes'),
(4, 4, 'Other', 'A489428083', 'Smith', 'James', '', '', '88 Fairway Lane', '', 'Dyersburg', 'TN', '47891-7479', '', '', '', 'A84989', '', 'PPO', '', '1970-01-01', 'male', 'T74839', 'no'),
(5, 5, 'MEDICARE', 'X0123456789', 'Smith', 'Michael', '', '+1 (892) 589-9084', 'fajkfjkajklgj', '', 'Cary', 'AK', '91582-9838', '', '', '', 'c9849108582', '', 'PPO', '', '1970-01-01', 'male', 'G194088', 'no'),
(6, 6, 'Other', '', 'Brown', 'William', '', '+1 (098) 878-6757', 'kjfakajkjg', '', 'Morrisville', 'VA', '90876-5079', '', '', '', 'G09290', '', 'HPO', '', '1970-01-01', 'male', 'T74839', 'no'),
(7, 7, 'Other', '85785895', 'Brown', 'Henry', '', '+1 (958) 989-8396', 'kjkjgajgkj', '', 'fjjgkaj', 'AK', '09876-7867', '', '', '', 'A948982989', '', 'Aetna', '', '1970-01-01', 'male', 'jakjfiafj', 'no'),
(8, 8, 'Other', '', 'Davis', 'George', '', '+1 (828) 829-8590', 'jjkafjklgjk', '', 'jfkajfk', 'CO', '19589-2849', '', '', '', '62828888', '', 'jfkja', '', '1970-01-01', 'other', 'fjajfjkagjaj', 'no'),
(9, 9, 'Other', '', 'Brook', 'Thomas', '', '+1 (472) 477-8277', 'fjajgja', '', 'itutioquio', 'AZ', '85858-8585', 'miller', 'James', '', 'jfajjafk', '2582929', 'fjajfajljfl', 'jkfjakjfk', '1970-01-01', 'male', '2582795', 'yes'),
(10, 10, 'Other', '', 'Clark', 'Henry', '', '+1 (995) 995-9599', 'jajgaljgjakl', '', 'jfajgkj', 'GA', '09807-9686', '', '', '', 'kfajkjakgj', '', 'jfj', '', '1970-01-01', 'male', 'ajkjakgjka', 'no'),
(11, 11, 'MEDICARE', 'y175878759', 'Taylor', 'Samuel', '', '+1 (259) 829-0890', 'akjklgjakljg', '', 'jkjgakga', 'IN', '17857-1797', '', '', '', 'fjakjfkaj', '', 'jfakjglka', '', '1970-01-01', 'male', 'jfjajfal', 'no'),
(12, 12, 'Other', 'ka159081580', 'Miller', 'Joseph', '', '+1 (875) 979-1579', 'akgjaljglj', '', 'jfjakgj', 'IL', '76463', '', '', '', 'afhjajhakj', '', 'hgjahgkhak', '', '1970-01-01', 'male', '1588508', 'no'),
(13, 13, 'MEDICARE', 'X0123456789', 'Drew', 'Nancy', '', '+1 (875) 792-5792', 'gagkajgj', 'gjaljgl', 'agjla', 'AK', '15892-7957', '', '', '', 'akjkgjal', '', 'akjfklajlgjal', '', '1970-01-01', 'male', 'fjajfjkagjaj', 'no'),
(14, 14, 'Other', 'G728592', 'Davis', 'William', '', '+1 (980) 981-0680', 'kgjajgla', 'gaglajglk', 'jkgajgkl', 'AL', '75757', '', '', '', 'kajlkjalgj', '', 'kajgjal', '', '1970-01-01', 'male', '2582795', 'no'),
(15, 15, 'Other', 'G8297952', 'Biden', 'Joe', '', '+1 (879) 571-9857', 'gajlgkjaljl', '', 'jkajgklajl', 'IA', '77842', '', '', '', 'ajfajlgj', '', 'gjakjkal', '', '1970-01-01', 'male', 'G2789799', 'no'),
(16, 16, 'Other', 'ajgjalkjl', 'Coelho', 'Paulo', '', '+1 (858) 980-2908', 'gjajlj', '', 'kgjalal', 'IL', '14189-1918', '', '', '', 'gjgjal', '', 'iauioruo', '', '1970-01-01', 'male', 'gjalal11313', 'no'),
(17, 17, 'Other', 'jgkajkgajl11', 'Rowling', 'Katy', '', '+1 (414) 154-1414', 'ajgalgj', '', 'kajgajl', 'NV', '74843', '', '', '', 'jgagkalg', '', 'akjgkjalk', '', '1970-01-01', 'female', 'jkajkjaklgj', 'no'),
(18, 18, 'Other', '48482081', 'Brown', 'Dan', '', '+1 (432) 534-6454', 'gajgal', 'jakjla', 'kajgkjal', 'CT', '43433', '', '', '', 'jgkjagalk', '', 'kgjkagal', '', '1970-01-01', 'male', 'G428002', 'no'),
(19, 19, 'Other', 'g89810801', 'Kinney', 'Jeff', '', '+1 (481) 840-9815', 'jgakjgal', 'jgajlagl', 'agkgjgla', 'ME', '44242', '', '', '', 'jgkajgla', '', 'jgkjaglkjalkg', '', '1970-01-01', 'male', 'G8810804', 'no'),
(20, 20, 'Other', '', 'Pilkey', 'Dav', '', '+1 (847) 147-1979', 'jjltjlq', '', 'gjajgla', 'CA', '27572-9759', '', '', '', 'Gh8809580', '', 'gh859801', '', '1970-01-01', 'male', 'Y285808025', 'no'),
(21, 21, 'Other', '', 'Osborne', 'Mary Pope', '', '+1 (582) 820-5082', 'jgjajl', '', 'gjall', 'FL', '42424', '', '', '', 'T4819', '', 'jgjalgajlgj', '', '1970-01-01', 'female', 'E7194149', 'no'),
(22, 22, 'Other', 'YtH875279522', 'Perry', 'Katy', '', '+1 (558) 019-8598', 'ajgalklaj', 'gkajja', 'jkgjlag', 'GA', '64631', '', '', '', 'HGS58850', '', 'jgkajgla', '', '1970-01-01', 'female', 'T58908', 'no'),
(23, 23, 'MEDICARE', '', '', '', '', '', '', '', '', '', '', '', '', '', '', '', '', '', '1970-01-01', 'male', '', 'yes'),
(24, 24, 'MEDICARE', '', '', '', '', '', '', '', '', '', '', '', '', '', '', '', '', '', '1970-01-01', 'male', '', 'yes'),
(25, 25, 'MEDICARE', '', '', '', '', '', '', '', '', '', '', '', '', '', '', '', '', '', '1970-01-01', 'male', '', 'yes'),
(26, 26, 'MEDICARE', '', '', '', '', '', '', '', '', '', '', '', '', '', '', '', '', '', '1970-01-01', 'male', '', 'yes'),
(27, 27, 'MEDICARE', '', '', '', '', '', '', '', '', '', '', '', '', '', '', '', '', '', '1970-01-01', 'male', '', 'yes'),
(28, 28, 'MEDICARE', '', '', '', '', '', '', '', '', '', '', '', '', '', '', '', '', '', '1970-01-01', 'male', '', 'yes'),
(29, 29, 'MEDICARE', '', '', '', '', '', '', '', '', '', '', '', '', '', '', '', '', '', '1970-01-01', 'male', '', 'yes'),
(30, 30, 'Other', 'Y8579279', 'Grisham', 'John', '', '+1 (589) 508-2098', 'gajgag', '', 'igaiugia', 'MI', '49985-9188', '', '', '', 'jkjgakjgal', '', 'jkajgklajl', '', '1970-01-01', 'male', 'Takjgkajk', 'no'),
(31, 31, 'Other', '', 'Danielle', 'Steel', '', '+1 (989) 898-5980', 'jagkjajg', 'gjkjga', 'gkjagjal', 'AR', '44243', '', '', '', 'T2928508', '', 'jagjajgl', '', '1970-01-01', 'female', 'Q898501', 'no'),
(32, 32, 'Other', 'Y2785285', 'Twain', 'Mark', '', '+1 (885) 908-0982', 'agkjalj', 'jgkajka', 'ajgaj', 'AL', '25235-2355', '', '', '', 'V528092805', '', 'ajigaotiopi', '', '1970-01-01', 'male', 'Y286908390', 'no'),
(33, 33, 'MEDICARE', '23115532235', 'Smith', 'James', '', '+1 (457) 632-2368', 'Unit No:66, Sunset View', '', 'Midrand', 'CT', '32423-4234', '', '', '', 'YTU48593995959', '', 'MEDCARE', '', '1970-01-01', 'male', 'DEFF34234', 'no'),
(34, 34, 'MEDICARE', 'YTY98482904', 'Johnson', 'John', '', '+1 (257) 743-4568', 'Unit No:222, Rosewood', '', 'San Jose', 'CA', '23434-2567', '', '', '', 'HKFK49592005', '', 'MEDCARE', '', '1970-01-01', 'male', 'YIJH8473299', 'no'),
(35, 35, 'MEDICARE', 'POP9390111', 'Williams', 'Robert', '', '+1 (348) 999-2292', 'Unit No: 889, Sandalwood', '', 'Fort Worth', 'TX', '45345-4353', '', '', '', 'LLOK29204883', '', 'MEDCARE', '', '1970-01-01', 'male', 'KKJ9277482', 'no'),
(36, 36, 'MEDICARE', '1736472847', 'Brown', 'Micheal', '', '+1 (786) 766-8776', 'Unit No: 77, Rosewood', '', 'Columbus', 'OH', '78856-4545', '', '', '', 'JGJ949392', '', 'MEDCARE', '', '1970-01-01', 'male', 'MMN837482', 'no'),
(37, 37, 'MEDICARE', '274837283482734', 'Jones', 'William', '', '+1 (223) 111-4355', 'Unit No,111, Sunset View', '', 'Columbus', 'OH', '39482-3948', '', '', '', 'JJD2342342', '', 'MEDCARE', '', '1970-01-01', 'male', 'BV934842', 'no'),
(38, 38, 'MEDICARE', '274834895574333', 'Miller', 'David', '', '+1 (788) 867-6886', 'Unit No: 123, Rosewood', '', 'Austin', 'TX', '32948-9230', '', '', '', 'HDKSW3049230', '', 'MEDCARE', '', '1970-01-01', 'male', 'TYHh3040204', 'no'),
(39, 39, 'MEDICARE', '7899889909', 'Patrica', 'Johnson', '', '+1 (234) 567-8797', 'Unit No: 898, ', '', 'Washington', 'DC', '78328-4798', '', '', '', 'NNN9384839', '', 'MEDCARE', '', '1970-01-01', 'male', 'MM83284923', 'no'),
(40, 40, 'MEDICARE', '6712123421', 'Linda', 'Micheal', '', '+1 (345) 678-6787', 'unit No:219, Lake View', '', 'Fort Worth', 'TX', '89234-0809', '', '', '', 'NJDJ94955', '', 'MEDCARE', '', '1970-01-01', 'male', 'FFGD6464664', 'no'),
(41, 41, 'MEDICARE', '4839472834', 'Smith', 'Barbara', '', '+1 (442) 342-3423', 'Unit No: 112, Rosewood', '', 'Charlotte', 'NC', '01234-2342', '', '', '', 'JH768HJJk', '', 'MEDCARE', '', '1970-01-01', 'male', 'UII887678', 'no'),
(42, 42, 'MEDICARE', '8912326777', 'Smith', 'Jennifer', '', '+1 (324) 324-2342', 'Unit No: 909. Sunset Valley', '', 'San Jose', 'CA', '23434-2342', 'Smith', 'Jennifer', '', 'GHK76478489', '2342342423', 'MEDCARE', 'NEW CARE', '1970-01-01', 'male', 'JK8839390', 'yes'),
(43, 43, 'MEDICARE', '', 'Susan', 'Brown', '', '+1 (324) 454-6545', 'Unit No: 210, Pabelo', '', 'seattle', 'WA', '42342-3423', '', '', '', 'UHJ9494904', '', 'MEDCARE', '', '1970-01-01', 'male', 'UJI838383', 'no'),
(44, 44, 'MEDICARE', '6372834571', 'Robert', 'Nancy', '', '+1 (324) 234-2342', 'Unit No: 222, Sunset View', '', 'Denver', 'CO', '45435-3453', '', '', '', 'KDSHFB32453', '', 'MEDCARE', '', '1970-01-01', 'female', 'YBSJ342345', 'no'),
(45, 45, 'MEDICARE', '9826347849', 'Davis', 'Richard', '', '+1 (435) 345-3453', 'Unit No: 77, Sunset valley', '', 'Dallas', 'TX', '45453-4534', '', '', '', 'YJF38489592', '', 'MEDCARE', '', '1970-01-01', 'male', 'HKSK839492', 'no'),
(46, 46, 'MEDICARE', '', 'Garcia', 'Charles', '', '+1 (453) 453-4543', 'Unit No: Rosewood', '', 'Dallas', 'TX', '34253-4645', '', '', '', 'kd7246kHS', '', 'MEDCARE', '', '1970-01-01', 'male', 'KJDJf485873458', 'no'),
(47, 47, 'MEDICARE', '3425789765', 'Rodriguez', 'Joseph', '', '+1 (656) 576-8567', 'Unit No: 89, Sunset Valley', '', 'San Jose', 'CA', '23545-3453', '', '', '', 'kLHFl2345H', '', 'MEDCARE', '', '1970-01-01', 'male', 'JKDHS345784735', 'no'),
(48, 48, 'MEDICARE', '748292948582', 'Wilson', 'Thomas', '', '', 'Unit No:  901, Rosewood', '', 'Columbus', 'OH', '45345-3455', '', '', '', 'HSKf3438020', '', 'MEDCARE', '', '1970-01-01', 'male', 'HFSk3438829', 'no'),
(49, 49, 'MEDICARE', '345235643', 'Smith', 'Robert', '', '+1 (453) 453-4554', 'Unit No: 12, Kasabella ', '', 'New York', 'NY', '32452-3423', 'Smith', 'Linda', '', 'JH48578345', 'KGH84753', 'MEDCARE', 'New Test', '1970-01-01', 'male', 'SYDFY46576348', 'no'),
(50, 50, 'MEDICARE', '3748990981', 'Hernandez', 'Maria', '', '+1 (453) 646-4564', 'Unit No:229. Castel hood', '', 'New York', 'NY', '45435-3453', '', '', '', 'KI84579745', '', 'MEDCARE', '', '1970-01-01', 'male', 'JKHJ4875934785', 'no'),
(51, 51, 'Medicaid', '234222378', 'Loez', 'Jacoz', '', '+1 (232) 131-2312', 'Unit No: 123. Woodlands', '', 'Austin', 'TX', '45343-4534', '', '', '', 'NN348028040', '', 'MEDICAID', '', '1970-01-01', 'male', 'HJK3884930', 'no'),
(52, 52, 'MEDICARE', '3278492747', 'Jones', 'Mike', '', '+1 (452) 342-3423', 'Unit No: 11, New Castle', '', 'San Fransisco', 'CA', '53453-4534', '', '', '', 'LLj3899302', '', 'MEDCARE', '', '1970-01-01', 'male', 'HJS84849', 'no'),
(53, 53, 'MEDICARE', '897239984', 'Johnson', 'James', '', '+1 (435) 353-4534', 'Unit No: 112, Woodlands', '', 'New York', 'NY', '23423-4234', '', '', '', 'HGS4344', '', 'MEDCARE', '', '1970-01-01', 'male', 'HHS384793', 'no'),
(54, 54, 'MEDICARE', '3231115465', 'Lopez', 'Benjamin', '', '+1 (452) 342-3423', 'Unit No: 77, casabella', '', 'San Jose ', 'CA', '43534-5345', '', '', '', 'BBV8484844', '', 'MEDCARE', '', '1970-01-01', 'male', 'LL378489998', 'no'),
(55, 55, 'MEDICARE', '2233312234', 'Smith', 'Sarah', '', '+1 (423) 423-4234', 'Unit No: 234, Sunset View', '', 'seattle', 'WA', '24234-2343', '', '', '', 'JJK455532', '', 'MEDCARE', '', '1970-01-01', 'male', 'HJ342423', 'no'),
(56, 56, 'MEDICARE', '121167657', 'Thomas', 'David', '', '+1 (423) 423-4242', 'Unit No: 929, Roeswood', '', 'San Fransisco', 'CA', '32432-4234', '', '', '', 'LL87345834758', '', 'MEDCARE', '', '1970-01-01', 'male', 'FB376632486', 'no'),
(57, 57, 'MEDICARE', '78889010102', 'Wilson', 'Lucas', '', '+1 (435) 345-3453', '212, New Yest', '', 'Houston', 'TX', '23423-4234', '', '', '', 'Sk485734895', '', 'MEDCARE', '', '1970-01-01', 'male', 'JKDS942850495', 'no'),
(58, 58, 'MEDICARE', '772892929', 'Anderson', 'Logan', '', '+1 (231) 231-2312', 'Unit No: 9, Sunset View', '', 'Austin', 'TX', '23432-4234', '', '', '', 'KLS00020234', '', 'MEDCARE', '', '1970-01-01', 'male', 'JSK393090', 'no'),
(59, 59, 'MEDICARE', '234237642348', 'Moore', 'Jacob', '', '+1 (324) 324-3242', 'Test New 117', '', 'Austin', 'TX', '23423-4324', '', '', '', 'KK78437838', '', 'MEDCARE', '', '1970-01-01', 'male', 'LL99393', 'no'),
(60, 60, 'MEDICARE', '990008812', 'Taylor', 'Danil', '', '+1 (312) 897-8994', 'Unit No: 112, Rosewood', '', 'Dallas', 'TX', '34423-7987', '', '', '', 'MMM4775684375', '', 'MEDCARE', '', '1970-01-01', 'male', 'KK63472348', 'no'),
(61, 61, 'MEDICARE', '2389990001', 'Martin', 'Henry', '', '+1 (312) 123-1231', '118, New York Plaza', '', 'New York', 'NY', '23423-4523', '', '', '', 'BBN7326492', '', 'MEDCARE', '', '1970-01-01', 'male', 'KMB73468234', 'no'),
(62, 62, 'MEDICARE', '091000994', 'Clark', 'Micheal', '', '+1 (342) 342-3423', 'Unit No: 124, New Castel', '', 'Houston', 'TX', '23423-4556', '', '', '', 'VBN238747469', '', 'MEDCARE', '', '1970-01-01', 'male', 'NM72376476', 'no'),
(63, 63, 'Other', 'GHI18985', 'Curry', 'Stephen', '', '+1 (491) 850-9802', 'ajajjaglk', '', 'ijajkg', 'CA', '75833', '', '', '', 'ADN748275', '', 'ppo', '', '1970-01-01', 'male', 'M8419800', 'no'),
(64, 64, 'Other', 'I95898509', 'Davis', 'Anthony', '', '+1 (728) 592-5982', 'jajajgl', '', 'gjajgjlkg', 'ID', '42212', '', '', '', 'U892850', '', 'HPO', '', '1970-01-01', 'male', 'fjajfjkagjaj', 'no'),
(65, 65, 'Other', 'H7285929', 'James', 'Lebron', '', '+1 (485) 209-8390', 'jkajkjal', '', 'fkjkjag', 'DE', '89921', '', '', '', 'Y4891840', '', 'jfkjlfal', '', '1970-01-01', 'male', 'K1818481', 'no'),
(66, 66, 'Other', 'H48592', 'Lebron', 'James', '', '+1 (841) 098-5908', 'kjfajfjal', '', 'fjfkjlg', 'CA', '42982', '', '', '', 'U49599259', '', 'HMO', '', '1970-01-01', 'male', 'jakjfiafj', 'no'),
(67, 67, 'MEDICARE', '768238999', 'Gomez', 'Micheal', '', '+1 (324) 342-3523', 'Unit No: 222, Sunset Valle', '', 'Fort Worth', 'TX', '34250-4705', '', '', '', 'lUYHH475973459', '', 'MEDCARE', '', '1970-01-01', 'male', 'JJJN673476', 'no'),
(68, 68, 'MEDICARE', '099003451', 'Philips', 'Sebastian', '', '+1 (234) 234-2342', '123, Test Address', '', 'Charlotte', 'NC', '92348-5903', '', '', '', 'JV834759345', '', 'MEDCARE', '', '1970-01-01', 'male', 'HJHHD83759349', 'no'),
(69, 69, 'MEDICARE', 'BB93849999', 'Nelson', 'Jack', '', '+1 (346) 456-4354', 'Test New 114, New Road', '', 'San Jose', 'CA', '45353-4634', '', '', '', 'KBDUH83479573045', '', 'MEDCARE', '', '1970-01-01', 'male', 'GHND94580', 'no'),
(70, 70, 'MEDICARE', '7778920030', 'Parker', 'Jayden', '', '+1 (345) 354-6436', 'Unit No:22, Sunset Valley', '', 'New York', 'NY', '45353-4543', '', '', '', 'KGID9808502', '', 'MEDCARE', '', '1970-01-01', 'male', 'HJN72364868', 'no'),
(71, 71, 'MEDICARE', '0098996789', 'Cruz', 'Dylan', '', '+1 (564) 432-2339', '117, New Test', '', 'San Francisco', 'CA', '45534-5678', '', '', '', 'KI786757536', '', 'MEDCARE', '', '1970-01-01', 'male', 'GD6646656768', 'no'),
(72, 72, 'MEDICARE', '778865556544', 'Baker', 'Owen', '', '+1 (434) 547-6889', 'Unit No: 667, Sunset View', '', 'Boston', 'MA', '64646-5464', '', '', '', 'DFF5356866', '', 'MEDCARE', '', '1970-01-01', 'male', 'FDDF55866464', 'no'),
(73, 73, 'MEDICARE', '00977890', 'Edwards', 'Isaac', '', '+1 (456) 768-8645', 'Unit No:1 Sunset View', '', 'Dallas', 'TX', '45478-9432', 'Edwards', 'New', '', 'DF76565347', 'JNF045908', 'MEDCARE', 'New Test', '1970-01-01', 'male', 'FDFDT654775', 'yes'),
(74, 74, 'MEDICARE', '758457349', 'Carter', 'Aiden', '', '+1 (435) 644-2435', 'Unit No:90, Rosewood', '', 'Las Vegas', 'NV', '76238-7468', '', '', '', 'LJKS9058603470', '', 'MEDCARE', '', '1970-01-01', 'male', 'HJ47356659', 'no'),
(75, 78, 'MEDICARE', '', '', '', '', '', '', '', '', '', '', '', '', '', '', '', '', '', '1970-01-01', 'male', '', 'yes'),
(76, 79, 'MEDICARE', '', '', '', '', '', '', '', '', '', '', '', '', '', '', '', '', '', '1970-01-01', 'male', '', 'yes'),
(77, 80, '', 'A489428083', 'Salemy', 'Cheryl', 'A', '+1 (877) 355-4141', '500 West Summit Hill Drive', '', 'Knoxville', 'TN', '37902', 'Salemy', 'Susan', 'J', 'Policy123456678', 'OtherPolicy12345678', 'PlanA', 'Other Insurance', '1970-01-01', 'female', 'TN7414981', 'yes'),
(78, 81, 'Group Health Plan', 'A489428083', 'Cronnin', 'David', '', '+1 (898) 129-4890', '561 Warlick Green', '', 'Greensboro', 'NC', '27101-9091', '', '', '', 'N1898958', '', 'Plan A', '', '1970-01-01', 'male', 'T819898250', 'no'),
(79, 82, 'Group Health Plan', 'T8198198', 'Smith', 'Johnson', '', '+1 (758) 275-2809', 'jaffjal', '', 'fjalj', 'GA', '80918-5982', '', '', '', 'A84989', '', 'PPO', '', '1970-01-01', 'male', 'G4981981', 'no'),
(80, 83, 'MEDICARE', '', 'Curie', 'Marie', '', '+1 (849) 859-8091', 'kfjajaflkja', '', 'fkakfjkaj', 'GA', '62282', '', '', '', 'G09290', '', 'PPO', '', '1970-01-01', 'male', '2582795', 'no'),
(81, 84, 'MEDICARE', '', '', '', '', '', '', '', '', '', '', '', '', '', '', '', '', '', '1970-01-01', 'male', '', 'yes'),
(82, 85, 'MEDICARE', '', '', '', '', '', '', '', '', '', '', '', '', '', '', '', '', '', '1970-01-01', 'male', '', 'yes');

-- --------------------------------------------------------

--
-- Table structure for table `menus`
--

CREATE TABLE `menus` (
  `id` int(5) NOT NULL,
  `pharmacy_id` int(5) NOT NULL,
  `name` varchar(255) CHARACTER SET latin1 NOT NULL,
  `status` int(5) NOT NULL,
  `created_date` timestamp NOT NULL DEFAULT CURRENT_TIMESTAMP
) ENGINE=InnoDB DEFAULT CHARSET=utf8mb4;

--
-- Dumping data for table `menus`
--

INSERT INTO `menus` (`id`, `pharmacy_id`, `name`, `status`, `created_date`) VALUES
(1, 1, 'System Users', 1, '2020-09-24 19:27:27'),
(2, 1, 'System Roles', 1, '2020-09-24 19:27:27'),
(3, 1, 'Communications', 1, '2020-09-24 23:16:42'),
(4, 0, 'Services', 1, '2020-09-24 23:16:42'),
(5, 0, 'Insurance Companies', 1, '2020-09-24 23:17:16'),
(6, 0, 'Forms', 1, '2020-09-24 23:17:16'),
(7, 0, 'Insurance Forms', 1, '2020-09-24 23:17:16'),
(8, 0, 'Pharmacies', 1, '2020-09-24 23:17:16'),
(9, 0, 'Pharmacy Services', 1, '2020-09-24 23:17:16'),
(10, 1, 'Claims', 1, '2020-09-24 23:17:16'),
(11, 0, 'Reports', 1, '2020-09-24 23:18:36'),
(12, 0, 'Submissions', 1, '2020-09-24 23:18:36'),
(13, 0, 'Sliders', 1, '2020-09-24 23:18:36'),
(14, 0, 'About Us', 1, '2020-09-24 23:18:36'),
(15, 0, 'Home Services', 1, '2020-09-24 23:19:23'),
(16, 0, 'Features', 1, '2020-09-24 23:19:23'),
(17, 0, 'Testimonials', 1, '2020-09-24 23:19:23'),
(18, 0, 'All Contact Messages', 1, '2020-09-24 23:19:23'),
(19, 0, 'Contact Info', 1, '2020-09-24 23:19:23');

-- --------------------------------------------------------

--
-- Table structure for table `menus_permissions`
--

CREATE TABLE `menus_permissions` (
  `id` int(5) NOT NULL,
  `menu_id` int(5) NOT NULL,
  `permission_id` int(5) NOT NULL
) ENGINE=InnoDB DEFAULT CHARSET=utf8;

--
-- Dumping data for table `menus_permissions`
--

INSERT INTO `menus_permissions` (`id`, `menu_id`, `permission_id`) VALUES
(8, 2, 1),
(9, 2, 2),
(10, 2, 3),
(11, 2, 4),
(12, 8, 1),
(13, 8, 2),
(14, 8, 3),
(15, 8, 4),
(16, 18, 1),
(17, 18, 2),
(18, 18, 3),
(19, 18, 4),
(20, 3, 1),
(21, 3, 2),
(22, 1, 1),
(23, 1, 2),
(24, 1, 3),
(25, 1, 4),
(26, 5, 1),
(27, 5, 2),
(28, 5, 3),
(29, 5, 4),
(30, 10, 1),
(31, 10, 2),
(32, 10, 3),
(33, 10, 7);

-- --------------------------------------------------------

--
-- Table structure for table `messages`
--

CREATE TABLE `messages` (
  `message_id` int(11) NOT NULL,
  `user_id` int(11) NOT NULL,
  `last_name` varchar(50) NOT NULL,
  `first_name` varchar(255) NOT NULL,
  `email` varchar(100) NOT NULL,
  `phone` varchar(20) NOT NULL,
  `date` varchar(255) NOT NULL,
  `timings` varchar(255) NOT NULL,
  `subject_type` varchar(20) NOT NULL,
  `subject` varchar(500) NOT NULL,
  `rating` int(5) NOT NULL,
  `message` text NOT NULL,
  `source` varchar(50) NOT NULL,
  `reply_status` int(5) NOT NULL DEFAULT '0',
  `review_status` int(11) NOT NULL DEFAULT '0',
  `create_date` timestamp NULL DEFAULT CURRENT_TIMESTAMP,
  `update_date` timestamp NULL DEFAULT NULL
) ENGINE=InnoDB DEFAULT CHARSET=latin1;

--
-- Dumping data for table `messages`
--

INSERT INTO `messages` (`message_id`, `user_id`, `last_name`, `first_name`, `email`, `phone`, `date`, `timings`, `subject_type`, `subject`, `rating`, `message`, `source`, `reply_status`, `review_status`, `create_date`, `update_date`) VALUES
(1, 0, 'Anil', 'Kumar', 'anila@ennobletechnologies.com', '+1 (944) 017-2243', '', '', 'General/Other', 'Test Subject', 0, 'Test Message', '', 0, 0, '2020-12-23 12:40:40', NULL);

-- --------------------------------------------------------

--
-- Table structure for table `passwordreset`
--

CREATE TABLE `passwordreset` (
  `resetid` int(11) NOT NULL,
  `email` varchar(150) NOT NULL,
  `ipaddress` varchar(25) NOT NULL,
  `token` varchar(512) NOT NULL,
  `status` int(5) NOT NULL DEFAULT '0'
) ENGINE=InnoDB DEFAULT CHARSET=utf8;

--
-- Dumping data for table `passwordreset`
--

INSERT INTO `passwordreset` (`resetid`, `email`, `ipaddress`, `token`, `status`) VALUES
(1, 'gouthamsambaraju4a7@gmail.com', '106.208.76.94', '3gByVlonijZkOWYpr84as5IdevJATDtNq2L6U7xbSzHQRuCGhP', 1),
(2, 'gouthamsambaraju4a7@gmail.com', '106.208.76.94', 'dD9I1YSNmokMuiG8H6yw2zsUBWa45hJQOEVegp7F0Pb3tCfLlT', 0);

-- --------------------------------------------------------

--
-- Table structure for table `patient_insured_information`
--

CREATE TABLE `patient_insured_information` (
  `id` int(10) NOT NULL,
  `claim_id` int(10) NOT NULL,
  `last_name` varchar(255) NOT NULL,
  `first_name` varchar(255) NOT NULL,
  `middle_name` varchar(255) NOT NULL,
  `patient_dob` varchar(255) DEFAULT NULL,
  `phone_number` varchar(20) NOT NULL,
  `gender` varchar(255) NOT NULL,
  `address1` varchar(255) NOT NULL,
  `address2` varchar(255) DEFAULT NULL,
  `city` varchar(255) NOT NULL,
  `state` varchar(255) NOT NULL,
  `zip_code` varchar(255) NOT NULL,
  `account_number` varchar(255) NOT NULL,
  `relation` varchar(255) NOT NULL,
  `patient_signature` varchar(255) NOT NULL,
  `insured_signature` varchar(255) NOT NULL,
  `created_date` timestamp NOT NULL DEFAULT CURRENT_TIMESTAMP,
  `updated_date` timestamp NULL DEFAULT NULL ON UPDATE CURRENT_TIMESTAMP
) ENGINE=InnoDB DEFAULT CHARSET=utf8;

--
-- Dumping data for table `patient_insured_information`
--

INSERT INTO `patient_insured_information` (`id`, `claim_id`, `last_name`, `first_name`, `middle_name`, `patient_dob`, `phone_number`, `gender`, `address1`, `address2`, `city`, `state`, `zip_code`, `account_number`, `relation`, `patient_signature`, `insured_signature`, `created_date`, `updated_date`) VALUES
(1, 1, 'Raghuvarma', 'Rudroju', 'Test2', '1970-01-12', '+1 (987) 654-3210', 'male', '141 Mountainview Blvd', '', 'Wayne', 'NJ', '74702', '12345678998745', 'self', '', '', '2020-11-20 13:33:19', '2020-11-20 13:45:56'),
(2, 2, 'Raghuvarma', 'Rudroju', 'Test2', '2020-07-15', '+1 (987) 654-3210', 'male', '141 Mountainview Blvd', '', 'Wayne', 'NJ', '74702', '12345678998745', 'self', '', '', '2020-11-20 13:49:27', '2020-11-20 14:02:06'),
(3, 3, 'Raghuvarma', 'Rudroju', '', '2020-11-10', '+1 (987) 654-3210', 'male', '141 Mountainview Blvd', '', 'Wayne', 'NJ', '74702', '12345678998745', 'self', '', '', '2020-11-20 15:20:53', NULL),
(4, 4, 'Smith', 'Alison', '', '1996-11-13', '+1 (434) 657-6879', 'female', '88 Fairway Lane', '', 'Dyersburg', 'DE', '38024', 'A0123456789898', 'spouse', '', '', '2020-11-23 00:24:51', NULL),
(5, 5, 'Smith', 'Michael', '', '1975-09-03', '+1 (892) 589-9084', 'male', 'fajkfjkajklgj', '', 'Cary', 'AK', '91582-9838', '8858289999', 'self', '', '', '2020-11-23 00:45:12', NULL),
(6, 6, 'Brown', 'William', '', '1982-11-22', '+1 (098) 878-6757', 'male', 'kjfakajkjg', '', 'Morrisville', 'VA', '90876-5079', '849384292939', 'self', '', '', '2020-11-23 01:14:18', NULL),
(7, 7, 'Miller', 'John', '', '2011-10-04', '+1 (987) 656-4587', 'male', 'kajfkjaf', '', 'fjakjf', 'CT', '89288-9859', '745678448', 'child', '', '', '2020-11-23 01:41:59', NULL),
(8, 8, 'Davis', 'George', '', '1968-11-01', '+1 (828) 829-8590', 'other', 'jjkafjklgjk', '', 'jfkajfk', 'CO', '19589-2849', '7528785979', 'self', '', '', '2020-11-23 01:57:22', NULL),
(9, 9, 'Brook', 'Thomas', '', '1961-11-16', '+1 (472) 477-8277', 'female', 'fjajgja', '', 'itutioquio', 'AZ', '85858-8585', '784885858', 'self', '', '', '2020-11-23 02:08:08', NULL),
(10, 10, 'Clark', 'Henry', '', '1947-03-13', '+1 (995) 995-9599', 'male', 'jajgaljgjakl', '', 'jfajgkj', 'GA', '09807-9686', '6575788', 'self', '', '', '2020-11-23 02:14:53', NULL),
(11, 11, 'Taylor', 'Samuel', '', '1985-11-01', '+1 (259) 829-0890', 'male', 'akjklgjakljg', '', 'jkjgakga', 'IN', '17857-1797', 'iutiu1771', 'self', '', '', '2020-11-23 02:22:19', '2020-11-23 02:22:54'),
(12, 12, 'Miller', 'Joseph', '', '1996-11-01', '+1 (875) 979-1579', 'male', 'akgjaljglj', '', 'jfjakgj', 'IL', '76463', 'gjakjgajl1592', 'self', '', '', '2020-11-23 02:40:52', NULL),
(13, 13, 'Drew', 'Nancy', '', '1940-11-22', '+1 (875) 792-5792', 'female', 'gagkajgj', 'gjaljgl', 'agjla', 'AK', '15892-7957', '581095885', 'self', '', '', '2020-11-23 02:47:09', NULL),
(14, 14, 'Davis', 'Catherine', '', '2017-11-22', '+1 (875) 298-5092', 'female', 'gjkajlgj', 'jgkajlk', 'jkgajlk', 'AL', '15989-8992', '2577855792', 'child', '', '', '2020-11-23 02:58:59', NULL),
(15, 15, 'Biden', 'Joe', '', '1961-11-22', '+1 (879) 571-9857', 'male', 'gajlgkjaljl', '', 'jkajgklajl', 'IA', '77842', '8728789', 'self', '', '', '2020-11-23 03:38:25', NULL),
(16, 16, 'Coelho', 'Paulo', '', '1954-11-22', '+1 (858) 980-2908', 'male', 'gjajlj', '', 'kgjalal', 'IL', '14189-1918', '184979894', 'self', '', '', '2020-11-23 03:42:52', NULL),
(17, 17, 'Rowling', 'Katy', '', '1990-11-22', '+1 (414) 154-1414', 'female', 'ajgalgj', '', 'kajgajl', 'NV', '74843', '8784824', 'self', '', '', '2020-11-23 03:51:44', NULL),
(18, 18, 'Brown', 'Dan', '', '1982-11-22', '+1 (432) 534-6454', 'male', 'gajgal', 'jakjla', 'kajgkjal', 'CT', '43433', '8598252', 'self', '', '', '2020-11-23 04:00:22', NULL),
(19, 19, 'Kinney', 'Jeff', '', '1961-05-18', '+1 (481) 840-9815', 'male', 'jgakjgal', 'jgajlagl', 'agkgjgla', 'ME', '44242', '32092098', 'self', '', '', '2020-11-23 04:07:14', NULL),
(20, 20, 'Pilkey', 'Dav', '', '1982-03-18', '+1 (847) 147-1979', 'male', 'jjltjlq', '', 'gjajgla', 'CA', '27572-9759', '85928802', 'self', '', '', '2020-11-23 04:13:39', NULL),
(21, 21, 'Osborne', 'Mary Pope', '', '1950-11-01', '+1 (582) 820-5082', 'female', 'jgjajl', '', 'gjall', 'FL', '42424', 'U5982889528', 'self', '', '', '2020-11-23 04:21:55', NULL),
(22, 22, 'Perry', 'Katy', '', '1959-11-22', '+1 (558) 019-8598', 'female', 'ajgalklaj', 'gkajja', 'jkgjlag', 'GA', '64631', 'Y7857279', 'self', '', '', '2020-11-23 04:29:18', NULL),
(23, 23, 'Christie', 'Agatha', '', '1976-11-04', '', 'male', '', '', '', '', '', '', 'self', '', '', '2020-11-23 04:30:25', NULL),
(24, 24, 'Christie', 'Agatha', '', '1990-11-22', '', 'male', '', '', '', '', '', '', 'self', '', '', '2020-11-23 04:31:59', NULL),
(25, 25, 'Patterson', 'James', '', '1970-01-01', '+1 (725) 928-0542', 'male', '', '', '', '', '', '', 'self', '', '', '2020-11-23 04:32:49', NULL),
(26, 26, 'Roberts', 'Nora', '', '1970-01-01', '', 'male', '', '', '', 'AK', '11414', '', 'self', '', '', '2020-11-23 04:33:45', NULL),
(27, 27, 'Austen', 'Jane', '', '1970-01-01', '', 'male', '', '', '', '', '', '', 'self', '', '', '2020-11-23 04:34:34', NULL),
(28, 28, 'Dickens', 'Charles', '', '1970-01-01', '+1 (859) 208-5902', 'male', '', '', '', '', '', '', 'self', '', '', '2020-11-23 04:35:22', NULL),
(29, 29, 'Tolstoy', 'Leo', '', '1970-01-01', '', 'male', '', '', '', '', '', '', 'self', '', '', '2020-11-23 04:36:19', NULL),
(30, 30, 'Grisham', 'John', '', '1989-11-22', '+1 (589) 508-2098', 'male', 'gajgag', '', 'igaiugia', 'MI', '49985-9188', 'U582959285', 'self', '', '', '2020-11-23 04:42:19', NULL),
(31, 31, 'Danielle', 'Steel', '', '1996-11-22', '+1 (989) 898-5980', 'female', 'jagkjajg', 'gjkjga', 'gkjagjal', 'AR', '44243', 'U82882052', 'self', '', '', '2020-11-23 04:45:48', NULL),
(32, 32, 'Twain', 'Mark', '', '1996-11-22', '+1 (885) 908-0982', 'male', 'agkjalj', 'jgkajka', 'ajgaj', 'AL', '25235-2355', 'U5929809323237', 'self', '', '', '2020-11-23 04:49:28', '2020-11-23 05:55:13'),
(33, 33, 'Smith', 'James', '', '1991-11-01', '+1 (457) 632-2368', 'male', 'Unit No:66, Sunset View', '', 'Midrand', 'CT', '32423-4234', 'SBY9475842345', 'self', '', '', '2020-11-23 06:21:15', NULL),
(34, 34, 'Johnson', 'John', '', '2002-11-07', '+1 (257) 743-4568', 'male', 'Unit No:222, Rosewood', '', 'San Jose', 'CA', '23434-2567', 'TYIE8348284', 'self', '', '', '2020-11-23 06:36:01', NULL),
(35, 35, 'Williams', 'Robert', '', '1980-01-18', '+1 (348) 999-2292', 'male', 'Unit No: 889, Sandalwood', '', 'Fort Worth', 'TX', '45345-4353', 'YUUB99288384', 'self', '', '', '2020-11-23 06:46:07', NULL),
(36, 36, 'Brown', 'Micheal', '', '1964-11-21', '+1 (786) 766-8776', 'male', 'Unit No: 77, Rosewood', '', 'Columbus', 'OH', '78856-4545', 'TRE374727347', 'self', '', '', '2020-11-23 06:51:54', NULL),
(37, 37, 'Jones', 'William', '', '2002-11-13', '+1 (223) 111-4355', 'male', 'Unit No,111, Sunset View', '', 'Columbus', 'OH', '39482-3948', 'IEED45934945', 'self', '', '', '2020-11-23 06:56:19', NULL),
(38, 38, 'Miller', 'David', '', '1995-04-21', '+1 (788) 867-6886', 'male', 'Unit No: 123, Rosewood', '', 'Austin', 'TX', '32948-9230', 'SSA3484823', 'self', '', '', '2020-11-23 07:05:17', NULL),
(39, 39, 'Patrica', 'Johnson', '', '1966-03-23', '+1 (234) 567-8797', 'female', 'Unit No: 898, ', '', 'Washington', 'DC', '78328-4798', 'AQQ4848428823', 'self', '', '', '2020-11-23 07:12:14', NULL),
(40, 40, 'Linda', 'Micheal', '', '1996-11-02', '+1 (345) 678-6787', 'female', 'unit No:219, Lake View', '', 'Fort Worth', 'TX', '89234-0809', 'AAL93849405', 'self', '', '', '2020-11-23 07:23:17', NULL),
(41, 41, 'Smith', 'Barbara', '', '1982-11-17', '+1 (442) 342-3423', 'male', 'Unit No: 112, Rosewood', '', 'Charlotte', 'NC', '01234-2342', 'IUU8637383838', 'self', '', '', '2020-11-23 07:29:51', NULL),
(42, 42, 'Smith', 'Jennifer', '', '1990-11-02', '+1 (324) 324-2342', 'female', 'Unit No: 909. Sunset Valley', '', 'San Jose', 'CA', '23434-2342', 'OLK93847302', 'self', '', '', '2020-11-23 07:38:00', NULL),
(43, 43, 'Susan', 'Brown', '', '1981-11-23', '+1 (324) 454-6545', 'female', 'Unit No: 210, Pabelo', '', 'seattle', 'WA', '42342-3423', 'ESS48485858', 'self', '', '', '2020-11-23 08:00:05', NULL),
(44, 44, 'Robert', 'Nancy', '', '1997-08-23', '+1 (324) 234-2342', 'female', 'Unit No: 222, Sunset View', '', 'Denver', 'CO', '45435-3453', 'TRD8732476', 'self', '', '', '2020-11-23 09:24:11', NULL),
(45, 45, 'Davis', 'Richard', '', '2003-07-16', '+1 (435) 345-3453', 'male', 'Unit No: 77, Sunset valley', '', 'Dallas', 'TX', '45453-4534', 'YUG8373727', 'self', '', '', '2020-11-23 09:40:47', NULL),
(46, 46, 'Garcia', 'Charles', '', '1982-07-22', '+1 (453) 453-4543', 'male', 'Unit No: Rosewood', '', 'Dallas', 'TX', '34253-4645', 'AQW93748549', 'self', '', '', '2020-11-23 09:47:11', NULL),
(47, 47, 'Rodriguez', 'Joseph', '', '1978-07-06', '+1 (656) 576-8567', 'female', 'Unit No: 89, Sunset Valley', '', 'San Jose', 'CA', '23545-3453', 'LKK74829492', 'self', '', '', '2020-11-23 10:10:19', NULL),
(48, 48, 'Wilson', 'Thomas', '', '1996-11-23', '', 'male', 'Unit No:  901, Rosewood', '', 'Columbus', 'OH', '45345-3455', 'HFDJ458340', 'self', '', '', '2020-11-23 10:49:49', NULL),
(49, 49, 'Smith', 'Robert', '', '1991-08-16', '+1 (453) 453-4554', 'male', 'Unit No: 12, Kasabella ', '', 'New York', 'NY', '32452-3423', 'KLSJ458934589', 'self', '', '', '2020-11-23 10:59:01', NULL),
(50, 50, 'Hernandez', 'Maria', '', '1996-08-16', '+1 (453) 646-4564', 'female', 'Unit No:229. Castel hood', '', 'New York', 'NY', '45435-3453', 'JDK45734793', 'self', '', '', '2020-11-23 11:03:34', NULL),
(51, 51, 'Loez', 'Jacoz', '', '1991-11-23', '+1 (232) 131-2312', 'male', 'Unit No: 123. Woodlands', '', 'Austin', 'TX', '45343-4534', 'SSA3484823', 'self', '', '', '2020-11-23 11:19:50', NULL),
(52, 52, 'Jones', 'Mike', '', '1997-07-23', '+1 (452) 342-3423', 'male', 'Unit No: 11, New Castle', '', 'San Fransisco', 'CA', '53453-4534', 'JDK934934934', 'self', '', '', '2020-11-23 11:28:10', NULL),
(53, 53, 'Johnson', 'James', '', '1990-08-16', '+1 (435) 353-4534', 'male', 'Unit No: 112, Woodlands', '', 'New York', 'NY', '23423-4234', 'JKSL3838992', 'self', '', '', '2020-11-23 11:32:24', NULL),
(54, 54, 'Lopez', 'Benjamin', '', '1977-11-24', '+1 (452) 342-3423', 'male', 'Unit No: 77, casabella', '', 'San Jose ', 'CA', '43534-5345', 'AA3842347923', 'self', '', '', '2020-11-23 11:36:43', NULL),
(55, 55, 'Smith', 'Sarah', '', '1991-09-13', '+1 (423) 423-4234', 'male', 'Unit No: 234, Sunset View', '', 'seattle', 'WA', '24234-2343', 'KK43432HH34', 'self', '', '', '2020-11-23 11:43:46', NULL),
(56, 56, 'Thomas', 'David', '', '1982-11-04', '+1 (423) 423-4242', 'male', 'Unit No: 929, Roeswood', '', 'San Fransisco', 'CA', '32432-4234', 'LL83834830', 'self', '', '', '2020-11-23 11:49:44', NULL),
(57, 57, 'Wilson', 'Lucas', '', '1996-11-22', '+1 (435) 345-3453', 'male', '212, New Yest', '', 'Houston', 'TX', '23423-4234', 'JKL8388383', 'self', '', '', '2020-11-23 11:57:28', NULL),
(58, 58, 'Anderson', 'Logan', '', '1977-09-09', '+1 (231) 231-2312', 'male', 'Unit No: 9, Sunset View', '', 'Austin', 'TX', '23432-4234', 'SSD3040344', 'self', '', '', '2020-11-23 12:03:40', NULL),
(59, 59, 'Moore', 'Jacob', '', '1982-11-20', '+1 (324) 324-3242', 'male', 'Test New 117', '', 'Austin', 'TX', '23423-4324', 'HJ65757575', 'self', '', '', '2020-11-23 12:06:16', NULL),
(60, 60, 'Taylor', 'Danil', '', '1990-11-09', '+1 (312) 897-8994', 'male', 'Unit No: 112, Rosewood', '', 'Dallas', 'TX', '34423-7987', 'HH034223234', 'self', '', '', '2020-11-23 12:14:34', NULL),
(61, 61, 'Martin', 'Henry', '', '1983-09-15', '+1 (312) 123-1231', 'male', '118, New York Plaza', '', 'New York', 'NY', '23423-4523', 'IOK832749', 'self', '', '', '2020-11-23 12:18:23', NULL),
(62, 62, 'Clark', 'Micheal', '', '1982-09-18', '+1 (342) 342-3423', 'male', 'Unit No: 124, New Castel', '', 'Houston', 'TX', '23423-4556', 'LKK8234789', 'self', '', '', '2020-11-23 12:23:17', NULL),
(63, 63, 'Curry', 'Stephen', '', '1971-11-04', '+1 (491) 850-9802', 'male', 'ajajjaglk', '', 'ijajkg', 'CA', '75833', '738383', 'self', '', '', '2020-11-23 19:25:06', NULL),
(64, 64, 'Davis', 'Anthony', '', '2016-05-22', '+1 (728) 592-5982', 'male', 'jajajgl', '', 'gjajgjlkg', 'ID', '42212', 'J2829825', 'self', '', '', '2020-11-23 20:12:56', NULL),
(65, 65, 'James', 'Lebron', '', '1975-11-23', '+1 (485) 209-8390', 'male', 'jkajkjal', '', 'fkjkjag', 'DE', '89921', 'T5298592908', 'self', '', '', '2020-11-23 22:54:03', NULL),
(66, 66, 'Lebron', 'James', '', '1972-11-18', '+1 (841) 098-5908', 'male', 'kjfajfjal', '', 'fjfkjlg', 'CA', '42982', 'L48908140801', 'self', '', '', '2020-11-23 23:34:07', NULL),
(67, 67, 'Gomez', 'Micheal', '', '1990-11-02', '+1 (324) 342-3523', 'female', 'Unit No: 222, Sunset Valle', '', 'Fort Worth', 'TX', '34250-4705', 'HSK34934580', 'self', '', '', '2020-11-24 10:01:18', NULL),
(68, 68, 'Philips', 'Sebastian', '', '1986-10-15', '+1 (234) 234-2342', 'female', '123, Test Address', '', 'Charlotte', 'NC', '92348-5903', 'GFD0350250', 'self', '', '', '2020-11-24 10:10:44', NULL),
(69, 69, 'Nelson', 'Jack', '', '1996-11-08', '+1 (346) 456-4354', 'male', 'Test New 114, New Road', '', 'San Jose', 'CA', '45353-4634', 'HKS45345663', 'self', '', '', '2020-11-24 10:19:07', NULL),
(70, 70, 'Parker', 'Jayden', '', '1992-11-19', '+1 (345) 354-6436', 'male', 'Unit No:22, Sunset Valley', '', 'New York', 'NY', '45353-4543', 'YIM483759934', 'self', '', '', '2020-11-24 10:24:49', NULL),
(71, 71, 'Cruz', 'Dylan', '', '1990-11-09', '+1 (564) 432-2339', 'male', '117, New Test', '', 'San Francisco', 'CA', '45534-5678', 'DF65646567', 'self', '', '', '2020-11-24 10:39:24', NULL),
(72, 72, 'Baker', 'Owen', '', '1996-09-13', '+1 (434) 547-6889', 'male', 'Unit No: 667, Sunset View', '', 'Boston', 'MA', '64646-5464', 'SRF7678767', 'self', '', '', '2020-11-24 10:52:55', NULL),
(73, 73, 'Edwards', 'Isaac', '', '1985-11-23', '+1 (456) 768-8645', 'male', 'Unit No:1 Sunset View', '', 'Dallas', 'TX', '45478-9432', 'JKH84793548', 'self', '', '', '2020-11-24 11:13:36', NULL),
(74, 74, 'Carter', 'Aiden', '', '1990-11-09', '+1 (435) 644-2435', 'male', 'Unit No:90, Rosewood', '', 'Las Vegas', 'NV', '76238-7468', 'HJL945LH094380', 'self', '', '', '2020-11-24 11:28:49', NULL),
(75, 78, 'Raghuvarma', 'Rudroju', 'Test2', '1970-01-01', '+1 (987) 654-3210', 'male', '141 Mountainview Blvd', '', 'Wayne', 'NJ', '74702', '', 'self', '', '', '2020-11-25 03:00:01', NULL),
(76, 79, 'Test Name', '', '', '1970-01-01', '', 'male', '', '', '', '', '', '', 'self', '', '', '2020-11-25 18:20:57', NULL),
(77, 80, 'Salemy', 'Cheryl', 'A', '1966-10-16', '+1 (877) 355-4141', 'female', '500 West Summit Hill Drive', '', 'Knoxville', 'TN', '37902', 'AC549879', 'self', '', '', '2020-11-25 19:07:33', '2020-11-25 19:52:32'),
(78, 81, 'Cronnin', 'David', '', '1986-11-25', '+1 (898) 129-4890', 'male', '561 Warlick Green', '', 'Greensboro', 'NC', '27101-9091', 'T489814', 'self', '', '', '2020-11-25 20:53:04', NULL),
(79, 82, 'Smith', 'Johnson', '', '1990-11-25', '+1 (758) 275-2809', 'female', 'jaffjal', '', 'fjalj', 'GA', '80918-5982', 'T1908505', 'self', '', '', '2020-11-25 23:38:22', '2020-11-25 23:42:14'),
(80, 83, 'Curie', 'Marie', '', '1982-11-04', '+1 (849) 859-8091', 'female', 'kfjajaflkja', '', 'fkakfjkaj', 'GA', '62282', 'T1958091', 'self', '', '', '2020-11-26 00:39:59', NULL),
(81, 84, 'wewe', '', '', '1970-01-01', '', 'male', '', '', '', '', '', '', 'self', '', '', '2020-11-27 19:16:27', NULL),
(82, 85, 'Raghuvarma', 'Rudroju', 'Test2', '1970-01-01', '+1 (987) 654-3210', 'male', '141 Mountainview Blvd', '', 'Wayne', 'NJ', '74702', '', 'self', '', '', '2020-11-28 05:23:46', NULL);

-- --------------------------------------------------------

--
-- Table structure for table `permissions`
--

CREATE TABLE `permissions` (
  `id` int(5) NOT NULL,
  `name` varchar(255) CHARACTER SET latin1 NOT NULL,
  `status` int(5) NOT NULL,
  `created_date` timestamp NOT NULL DEFAULT CURRENT_TIMESTAMP
) ENGINE=InnoDB DEFAULT CHARSET=utf8;

--
-- Dumping data for table `permissions`
--

INSERT INTO `permissions` (`id`, `name`, `status`, `created_date`) VALUES
(1, 'View', 1, '2020-09-25 04:55:00'),
(2, 'Create', 1, '2020-09-25 04:55:00'),
(3, 'Update', 1, '2020-09-25 04:55:11'),
(4, 'Delete', 1, '2020-09-25 04:55:11'),
(5, 'Change Order', 1, '2020-09-25 04:55:46'),
(6, 'Show/Hide', 1, '2020-09-25 04:55:46'),
(7, 'Generate Report', 1, '2020-09-26 04:22:43'),
(8, 'Submit Claim', 1, '2020-09-26 04:22:43');

-- --------------------------------------------------------

--
-- Table structure for table `pharmacies`
--

CREATE TABLE `pharmacies` (
  `id` int(10) NOT NULL,
  `pharmacy_id` varchar(255) NOT NULL,
  `image` text NOT NULL,
  `pharmacy_lbn_name` varchar(25) NOT NULL,
  `pharmacy_dba_name` varchar(25) NOT NULL,
  `website_name` varchar(25) NOT NULL,
  `business_email` varchar(255) NOT NULL,
  `npi_number` varchar(10) NOT NULL,
  `ncpdp_number` varchar(10) NOT NULL,
  `dea_number` varchar(25) NOT NULL,
  `license_number` varchar(25) NOT NULL,
  `address1` text NOT NULL,
  `address2` text NOT NULL,
  `city` varchar(20) NOT NULL,
  `state` varchar(20) NOT NULL,
  `zip_code` varchar(10) NOT NULL,
  `ein_number` varchar(25) NOT NULL,
  `status` int(5) NOT NULL,
  `created_date` timestamp NOT NULL DEFAULT CURRENT_TIMESTAMP ON UPDATE CURRENT_TIMESTAMP,
  `updated_date` timestamp NULL DEFAULT NULL ON UPDATE CURRENT_TIMESTAMP
) ENGINE=InnoDB DEFAULT CHARSET=utf8;

--
-- Dumping data for table `pharmacies`
--

INSERT INTO `pharmacies` (`id`, `pharmacy_id`, `image`, `pharmacy_lbn_name`, `pharmacy_dba_name`, `website_name`, `business_email`, `npi_number`, `ncpdp_number`, `dea_number`, `license_number`, `address1`, `address2`, `city`, `state`, `zip_code`, `ein_number`, `status`, `created_date`, `updated_date`) VALUES
(1, 'PHR1302296', 'd28027c099f1a4c38008b6c2f6a3aba9.jpg', 'Batish Pharmacy', 'BTPPD', 'Batish Pharmacy', 'raghuvarma.testmail@gmail.com', '4558568222', '5685568', '', '', '141 Mountainview Blvd', '', 'The Bronx', 'NY', '57676-5767', '', 1, '2020-11-20 13:11:00', NULL),
(2, 'PHR0043065', '852bbb1fbadca0f06381150c799d6ebe.jpg', 'Branch Brook Pharmacy', 'BBPBT', 'Branch Brook Pharmacy', 'branchbrooktest@gmail.com', '3434343434', '3434343', 'DEA343434', 'LN1212121', '917 Franklin Avenue', '', 'Newark', 'NJ', '07107-2809', '', 1, '2020-11-21 07:11:29', NULL),
(3, 'PHR8794968', 'a164dae69e3876096d2f0a47d3706f46.png', 'Mason Pharmacy', 'MPPPD', 'Mason Pharmacy', 'masontest@gmail.com', '5656564343', '4657678', 'DEA343434', 'LN3434343', '1255 Castle Hill Avenue', '', 'Bronx', 'NY', '10462-4813', '', 1, '2020-11-21 07:11:41', NULL),
(4, 'PHR4324832', '9da8f1ed15d32e894288f1d76d1e4ca0.jpg', 'Heidi Pharmacy', 'HPPPD', 'Heidi Pharmacy', 'heiditest@gmail.com', '5545656345', '1377765', 'DEA343434', 'LNMP43434', '522 West 181st Street', '', 'New York', 'NY', '10033-5101', '', 1, '2020-11-21 07:11:08', NULL),
(5, 'PHR0657257', '138d9b7d164abe37e6b20d0dd3fe50e6.png', 'Vim Drugs', 'VDPPD', 'Vim Drugs', 'vimtest@gmail.com', '4545454545', '4656565', 'DEA344454', 'LNVD34343', '3835 Broadway', '', 'New York', 'NY', '10032-1510', '', 1, '2020-11-21 07:11:52', NULL),
(6, 'PHR6113443', '4e9a38a1b3392a27a6de18bec0a81ca6.png', 'Mergewell Pharmacy', 'MPTCP', 'Mergewell Pharmacy', 'mergewelltest@gmail.com', '4334343434', '3434343', 'DEA343434', 'LNMP43434', '759 Washington Avenue', '', 'Brooklyn', 'NY', '11238-4504', '', 1, '2020-11-21 07:11:27', NULL),
(7, 'PHR8320501', 'ad3b69f6bcf7960307ebed528a76ecaa.png', 'Nostrand Pharmacy', 'NPPPD', 'Nostrand Pharmacy', 'nostrandtest@gmail.com', '5443343434', '8767656', 'DEA454545', 'LNNP34343', '524 Nostrand Avenue', '', 'Brooklyn', 'NY', '11216-2012', '', 1, '2020-11-21 07:11:40', NULL),
(8, 'PHR5589027', '5ec7e7278ee7b630e941f18566e2e3b0.png', 'Elmhurst Pharmacy', 'EPPPD', 'Elmhurst Pharmacy', 'elmhurstest@gmail.com', '3433434434', '3434534', 'DEA334343', 'LNEP34343', '75-23 Broadway', '', 'Elmhurst', 'NY', '11373-5612', '', 1, '2020-11-21 07:11:53', NULL),
(9, 'PHR1582089', '481327c096d195aaea60794417ed184c.png', 'Freedom Pharmacy', 'FPPPD', 'Freedom Pharmacy', 'freedomtest@gmail.com', '4545454544', '6565656', 'DEA343434', 'LNFP34343', '953 Frelinghuysen Avenue', '', 'Newark', 'NJ', '07114-2103', '', 1, '2020-11-21 07:11:57', NULL),
(10, 'PHR5966444', '67ac2d65c7660c230a85a8acc51cfba9.jpg', 'Lenda Pharmacy', 'LPPPD', 'Lenda Pharmacy', 'lendatest@gmail.com', '3434378784', '4545454', 'DEA454545', 'LNLP34343', '3397 Broadway', '', 'New York', 'NY', '10031-7416', '', 1, '2020-11-21 07:11:06', NULL),
(11, 'PHR8023521', 'erins_logo.jpg', 'Erins Pharmacy', 'EPPPD', 'Erins Pharmacy', 'erinstest@gmail.com', '3437698989', '3434343', 'DEA454545', 'LNEP34343', '360 EAST 4TH STREET', '', 'New York', 'NY', '10009-8501', '', 1, '2020-11-21 07:11:17', NULL),
(12, 'PHR0091840', 'ef6b7b3c025965839c86eff2a773a771.jpg', 'Hill Pharmacy', 'HPPPD', 'Hill Pharmacy', 'hilltest@gmail.com', '3434343443', '4454545', 'DEA454545', 'LNHP45454', '522 West 181ST Street', '', 'New York', 'NY', '10033', '', 1, '2020-11-21 07:11:12', NULL),
(13, 'PHR1362611', '7a349efa22e95b0da7826f7702d73bcd.jpg', 'Express Care Pharmacy', 'ECPPD', 'Express Care Pharmacy', 'expresscaretest@gmail.com', '4346909445', '4545454', 'DEA454545', 'LNECP3434', '15 East Tremont Avenue', '', 'Bronx', 'NY', '10453-5801', '', 1, '2020-11-21 07:11:14', NULL),
(14, 'PHR5557889', '033ecfc7b874daa7efda42905d2d185b.png', 'Carewell Pharmacy', 'CPPPD', 'Carewell Pharmacy', 'carewelltest@gmail.com', '4547454545', '5454343', 'DEA343434', 'LNCP93434', '826 East Tremont Avenue', '', 'Bronx', 'NY', '10460-4146', '', 1, '2020-11-21 08:11:36', NULL),
(15, 'PHR0378690', '', 'Care4u Pharmacy', 'C4PHCY', 'Care Pharmacy', 'info@care4upharmacy.com', '3224323455', '0000009', 'YU769JPO8', 'E4RE76JKL', 'Unit No: 78, Sunset Mathy, Berger Road,', 'Unit No: 78, Sunset Mathy, Berger Road,', 'Midrand', 'CA', '01234-0403', '', 1, '2020-11-26 14:11:20', NULL),
(16, 'PHR9661303', '', 'ICare', 'ICARE', 'www.icare.com', 'icare@testmail.com', '4948918922', '5895852', '', '', '73 webster road', '', 'Cary', 'IL', '58852', '', 1, '2020-12-23 13:12:53', NULL);

-- --------------------------------------------------------

--
-- Table structure for table `pharmacies_services`
--

CREATE TABLE `pharmacies_services` (
  `id` int(10) NOT NULL,
  `service_id` int(10) NOT NULL,
  `pharmacy_id` int(10) NOT NULL,
  `start_date` varchar(25) NOT NULL,
  `end_date` varchar(25) NOT NULL,
  `price` varchar(20) NOT NULL,
  `status` int(5) NOT NULL,
  `created_date` timestamp NOT NULL DEFAULT CURRENT_TIMESTAMP ON UPDATE CURRENT_TIMESTAMP,
  `updated_date` timestamp NULL DEFAULT NULL ON UPDATE CURRENT_TIMESTAMP
) ENGINE=InnoDB DEFAULT CHARSET=utf8;

--
-- Dumping data for table `pharmacies_services`
--

INSERT INTO `pharmacies_services` (`id`, `service_id`, `pharmacy_id`, `start_date`, `end_date`, `price`, `status`, `created_date`, `updated_date`) VALUES
(1, 1, 1, '11/20/2020', '12/28/2020', '', 0, '2020-11-20 15:11:35', NULL),
(2, 1, 2, '11/28/2020', '07/02/2021', '', 0, '2020-11-26 07:11:44', NULL),
(3, 1, 3, '11/25/2020', '07/23/2021', '', 0, '2020-11-26 07:11:37', NULL),
(4, 1, 4, '11/25/2020', '11/26/2021', '', 0, '2020-11-26 07:11:11', NULL),
(5, 1, 5, '11/25/2020', '12/30/2020', '', 0, '2020-11-26 07:11:49', NULL),
(6, 1, 6, '11/25/2020', '11/26/2021', '', 0, '2020-11-26 07:11:04', NULL);

-- --------------------------------------------------------

--
-- Table structure for table `pharmacies_users`
--

CREATE TABLE `pharmacies_users` (
  `id` int(10) NOT NULL,
  `pharmacy_id` int(10) NOT NULL,
  `last_name` varchar(25) NOT NULL,
  `first_name` varchar(25) NOT NULL,
  `middle_name` varchar(25) NOT NULL,
  `username` varchar(50) NOT NULL,
  `email` varchar(50) NOT NULL,
  `password` varchar(50) NOT NULL,
  `phone_number` varchar(20) NOT NULL,
  `ein_number` varchar(25) NOT NULL,
  `status` int(5) NOT NULL,
  `created_date` timestamp NOT NULL DEFAULT CURRENT_TIMESTAMP ON UPDATE CURRENT_TIMESTAMP,
  `updated_date` timestamp NULL DEFAULT NULL ON UPDATE CURRENT_TIMESTAMP
) ENGINE=InnoDB DEFAULT CHARSET=utf8;

-- --------------------------------------------------------

--
-- Table structure for table `physician_information`
--

CREATE TABLE `physician_information` (
  `id` int(10) NOT NULL,
  `claim_id` int(10) NOT NULL,
  `qualifier` varchar(255) NOT NULL,
  `reffering_last_name` varchar(50) NOT NULL,
  `reffering_first_name` varchar(50) NOT NULL,
  `reffering_middle_name` varchar(50) NOT NULL,
  `federal_tax_type` varchar(10) NOT NULL,
  `federal_tax_number` varchar(255) NOT NULL,
  `other_id` varchar(255) NOT NULL,
  `npi` varchar(255) NOT NULL,
  `total_amount` varchar(255) NOT NULL,
  `paid_amount` varchar(255) NOT NULL,
  `service_location_name` varchar(255) NOT NULL,
  `service_phone_number` varchar(255) NOT NULL,
  `service_address1` varchar(255) NOT NULL,
  `service_address2` varchar(255) NOT NULL,
  `service_city` varchar(255) NOT NULL,
  `service_state` varchar(255) NOT NULL,
  `service_zip_code` varchar(255) NOT NULL,
  `service_other_id` varchar(255) NOT NULL,
  `service_npi` varchar(255) NOT NULL,
  `billing_location_name` varchar(255) NOT NULL,
  `billing_phone_number` varchar(255) NOT NULL,
  `billing_address1` varchar(255) NOT NULL,
  `billing_address2` varchar(255) NOT NULL,
  `billing_city` varchar(255) NOT NULL,
  `billing_state` varchar(255) NOT NULL,
  `billing_zip_code` varchar(255) NOT NULL,
  `billing_other_id` varchar(255) NOT NULL,
  `billing_npi` varchar(255) NOT NULL,
  `physician_signature` varchar(255) NOT NULL,
  `created_date` timestamp NOT NULL DEFAULT CURRENT_TIMESTAMP,
  `updated_date` timestamp NULL DEFAULT NULL ON UPDATE CURRENT_TIMESTAMP
) ENGINE=InnoDB DEFAULT CHARSET=utf8;

--
-- Dumping data for table `physician_information`
--

INSERT INTO `physician_information` (`id`, `claim_id`, `qualifier`, `reffering_last_name`, `reffering_first_name`, `reffering_middle_name`, `federal_tax_type`, `federal_tax_number`, `other_id`, `npi`, `total_amount`, `paid_amount`, `service_location_name`, `service_phone_number`, `service_address1`, `service_address2`, `service_city`, `service_state`, `service_zip_code`, `service_other_id`, `service_npi`, `billing_location_name`, `billing_phone_number`, `billing_address1`, `billing_address2`, `billing_city`, `billing_state`, `billing_zip_code`, `billing_other_id`, `billing_npi`, `physician_signature`, `created_date`, `updated_date`) VALUES
(1, 1, 'ss', 'Raghuvarma', 'Rudroju', '', 'ssn', '7345345345', '', '1234567890', '44', '33', '', '', '', '', '', '', '', '', '', 'Alaska', '+1 (868) 685-7407', '141 Mountainview Blvd', '', 'The Bronx', 'NY', '57676-5767', '', '', '', '2020-11-20 13:33:19', '2020-11-20 13:45:56'),
(2, 2, 'ss', 'Raghuvarma', 'Rudroju', 'Test2', 'ssn', 'rturtu', '', '1234567890', '44', '33', '', '+1 (987) 654-3210', '141 Mountainview Blvd', '', 'Wayne', 'NJ', '74702', '', '', 'egrg', '+1 (868) 686-5707', '141, Mountainview Blvd', '', 'Wayne', 'NJ', '07470', '', '', '', '2020-11-20 13:49:27', '2020-11-20 14:02:06'),
(3, 3, '', '', '', '', 'ssn', '', '', '', '', '', '', '', '', '', '', '', '', '', '', '', '', '', '', '', '', '', '', '', '', '2020-11-20 15:20:53', NULL),
(4, 4, 'DK', 'kfjka', 'jfkjakjflk', '', 'ssn', '0123456789', 'OB8182903809', '8282828282', '200', '50', '', '', '', '', '', '', '', '', '', 'def clinic', '+1 (815) 820-9384', 'jfkajk', '', 'cyon', 'TN', '14859-2895', 'f48985498958', '11010203020', '', '2020-11-23 00:24:51', NULL),
(5, 5, 'DK', 'jfKJKAJL', 'JFKJAJKLA', '', 'ssn', '758278787', 'gC8582984324', '1852993899', '8573', '784', '', '', '', '', '', '', '', '', '', 'GHE clinic', '+1 (859) 238-9419', 'kfajkaj', '', 'fjakjg', 'AK', '85829-4385', 'G281952890834', '7293939309', '', '2020-11-23 00:45:12', NULL),
(6, 6, 'DK', 'kajkja', 'kajkgjaklj', '', 'ein', '949595934', '', '6565656565', '758', '84', '', '', '', '', '', '', '', '', '', 'ytr clinic', '+1 (910) 482-5379', 'kfjakjakj', '', 'jfkaj', 'AK', '94018-5295', 'kfjkjfakjkjagkj', '8574848393', '', '2020-11-23 01:14:18', NULL),
(7, 7, 'DN', 'fjkfjak', 'jfkjafkjak', '', 'ssn', '783994849', 'OB8182903809', '8989892855', '425', '5242', '', '', '', '', '', 'AR', '', '', '', 'abc clinic', '+1 (958) 985-9859', 'ajfkjgaj', '', 'fjfj', 'AR', '19589-8989', 'G281952890834', '7484848484', '', '2020-11-23 01:41:59', NULL),
(8, 8, 'DK', 'akjfkajk', 'fkajjakj', '', 'ssn', '75939393', 'jajfkajkg1488', '9489395550', '7392', '758', '', '', '', '', '', '', '', '', '', 'ytr clinic', '+1 (724) 425-3644', 'jjkajk', 'itqiji', 'fjajg', 'CO', '87287-8597', 'afkjgkfg', '7859394955', '', '2020-11-23 01:57:22', NULL),
(9, 9, 'GC', 'fjakjakj', 'fjakfjk', '', 'ssn', '729895', 'fjajfalkFFFF', '7592795745', '748', '74', 'abc clinic', '+1 (875) 729-8758', 'fajkajkjg', '', 'kjkjfak', 'AZ', '08487-4656', 'akfjkgaklj', '759939393', 'kfajkja', '+1 (859) 798-2975', 'jfkaghkj', 'kfjaghk', 'jkgjak', 'AZ', '89258-9828', 'kafjkjgal', '1085908592', '', '2020-11-23 02:08:08', NULL),
(10, 10, 'CD', 'fkjakgjak', 'kfjajgaj', '', 'ssn', '7584999', 'jfajkgjakFFF', '7456747474', '984', '800', '', '', '', '', '', '', '', '', '', 'ytu clinic', '+1 (289) 589-0289', 'aijigaji', 'kfjajgakl', 'jakjg', 'CT', '29858-2988', 'akglakkh', '2222222222', '', '2020-11-23 02:14:53', NULL),
(11, 11, 'GY', 'fagkajkg', 'ajgkgkGL', '', 'ssn', '75899393', 'KJAGJAJGffff', '3333333333', '3949', '453', '', '', '', '', '', '', '', '', '', 'abc clinic', '+1 (858) 195-8108', 'AJGAJKL', 'jgakjgk', 'gkajgkaj', 'IN', '77515-0180', 'gkajjgalkjlh', '8888888888', '', '2020-11-23 02:22:19', NULL),
(12, 12, 'DN', 'jgajlg', 'oiuotuoi', '', 'ssn', '75892795', 'agajlgkjltwt', '3333333333', '6742', '42', '', '', '', '', '', '', '', '', '', 'ycg clinic', '+1 (717) 587-1598', 'jagljl', 'jagkaj', 'jalgjaj', 'IL', '17597-1975', 'jalkgjla', '9999999999', '', '2020-11-23 02:40:53', NULL),
(13, 13, 'DK', 'akjgljal', 'kgjagjlka', '', 'ssn', '7584484', 'agjakljliiii', '5656565656', '1213', '12', '', '', '', '', '', '', '', '', '', 'ytr clinic', '+1 (751) 795-9950', 'kjgkjalkj', 'ajgkjalkgj', 'kajgkajlg', 'AL', '78169-1689', 'jagjlkgajljgla', '1591805878', '', '2020-11-23 02:47:09', NULL),
(14, 14, 'DN', 'jgakjgalk', 'kgjajgla', '', 'ssn', '859297925', 'h90158988977', '7673333333', '798', '78', '', '', '', '', '', '', '', '', '', 'abc clinic', '+1 (875) 791-7591', 'gkjaljgl', 'kgjla', 'ajglajl', 'AL', '45345', 'jakgjklajlk', '888888888', '', '2020-11-23 02:58:59', NULL),
(15, 15, 'CD', 'gajgljlk', 'iutiuoa', '', 'ssn', '774774848', 'G788883939ff', '8282828282', '8578', '758', '', '', '', '', '', '', '', '', '', 'ytr clinic', '+1 (777) 489-8766', 'giauigao', 'auiguaoi', 'uaiugoi', 'IA', '17599-5957', 'gajajgjlhjl', '0202020202', '', '2020-11-23 03:38:25', NULL),
(16, 16, 'DK', 'ajgjaljl', 'jgajgjalk', '', 'ssn', '4489080', 'gjkgj1895020', '7474747474', '1344', '432', '', '', '', '', '', '', '', '', '', 'kfajkja', '+1 (587) 929-5898', 'ajgjahl', 'gajhjl', 'kjgkalj', 'IL', '47474', 'uaguoauoh41', '8484884844', '', '2020-11-23 03:42:52', NULL),
(17, 17, 'CD', 'kgjkjkgla', 'jgkajklg', '', 'ssn', '14322524', 'kgjalkajl13124', '7474747477', '1413', '747', '', '', '', '', '', '', '', '', '', 'GHE clinic', '+1 (898) 958-2859', 'iaual', 'gajgjal', 'gjagjl', 'NV', '24244', 'jakjgajgkj', '6565656565', '', '2020-11-23 03:51:44', NULL),
(18, 18, 'GC', 'gajgajlkj', 'gakjgklajl', '', 'ssn', '434222453', 'G83529952f11', '8383588484', '9232', '434', '', '', '', '', '', '', '', '', '', 'ytr clinic', '+1 (238) 982-0503', 'kjkg;hajl', 'jgkajh', 'jgajl', 'CT', '43333', 'G89588028', '7493939393', '', '2020-11-23 04:00:22', NULL),
(19, 19, 'GC', 'kajgklj', 'gjakjgla', '', 'ssn', '1442552', 'G74747474747', '8383838383', '1213', '10', '', '', '', '', '', '', '', '', '', 'ytu clinic', '+1 (523) 525-2525', 'gjakjgkajl', 'jkgajgkalh', 'jajla', 'ME', '63733', 'g9824801', '7474747293', '', '2020-11-23 04:07:14', NULL),
(20, 20, 'DK', 'jgkajgkj', 'iotipoitp', '', 'ssn', '682924', 'T63939393931', '9393939393', '6483', '872', '', '', '', '', '', '', '', '', '', 'GHE clinic', '+1 (581) 050-0180', 'kjglaj', 'jgjajg', 'jatiljl', 'CA', '77597-2552', 'T725759028', '7402048493', '', '2020-11-23 04:13:39', NULL),
(21, 21, 'GC', 'jgjlaj', 'jgkajgklal', '', 'ssn', '7871791', 'Y74992902812', '7474747474', '5342', '532', '', '', '', '', '', '', '', '', '', 'ytu clinic', '+1 (784) 718-9758', 'ugijakgljalk', 'kajal', 'jgkajgkla', 'FL', '78479', 'Y7275927', '936397333', '', '2020-11-23 04:21:55', NULL),
(22, 22, 'GY', 'jkja', 'gakgjkajl', '', 'ssn', '8285908', 'Y47875975511', '7575757575', '6433', '742', '', '', '', '', '', '', '', '', '', 'ytu clinic', '+1 (588) 580-1850', 'igajkja', 'jgkajkhal', 'utoiu', 'GA', '85755', 'Y7272790', '9494949494', '', '2020-11-23 04:29:18', NULL),
(23, 23, '', '', '', '', 'ssn', '', '', '', '', '', '', '', '', '', '', '', '', '', '', '', '', '', '', '', '', '', '', '', '', '2020-11-23 04:30:25', NULL),
(24, 24, '', '', '', '', 'ssn', '', '', '', '', '', '', '', '', '', '', '', '', '', '', '', '', '', '', '', '', '', '', '', '', '2020-11-23 04:31:59', NULL),
(25, 25, '', '', '', '', 'ssn', '', '', '', '', '', '', '', '', '', '', '', '', '', '', '', '', '', '', '', '', '', '', '', '', '2020-11-23 04:32:49', NULL),
(26, 26, '', '', '', '', 'ssn', '', '', '', '', '', '', '', '', '', '', '', '', '', '', '', '', '', '', '', '', '', '', '', '', '2020-11-23 04:33:46', NULL),
(27, 27, '', '', '', '', 'ssn', '', '', '', '', '', '', '', '', '', '', '', '', '', '', '', '', '', '', '', '', '', '', '', '', '2020-11-23 04:34:34', NULL),
(28, 28, '', '', '', '', 'ssn', '', '', '', '', '', '', '', '', '', '', '', '', '', '', '', '', '', '', '', '', '', '', '', '', '2020-11-23 04:35:22', NULL),
(29, 29, '', '', '', '', 'ssn', '', '', '', '', '', '', '', '', '', '', '', '', '', '', '', '', '', '', '', '', '', '', '', '', '2020-11-23 04:36:19', NULL),
(30, 30, 'GC', 'jajgal', 'jajgajl', '', 'ssn', '82592992', 'Y642787925792', '5908029811', '245', '53', '', '', '', '', '', '', '', '', '', 'abc clinic', '+1 (572) 958-9282', 'jajgal', 'jgkajlka', 'kagjla', 'MI', '82859-2850', 'Y74285720', '985980252', '', '2020-11-23 04:42:19', NULL),
(31, 31, 'CD', 'jgajgaj', 'aigjajgl', '', 'ssn', '7252925', 'Y82785792759', '7474747191', '5252', '253', '', '', '', '', '', '', '', '', '', 'kfajkja', '+1 (587) 598-4209', 'jgjajg', 'jgkajkla', 'fakjal', 'AR', '78759-2389', 'Y258295828', '9494949494', '', '2020-11-23 04:45:48', NULL),
(32, 32, 'GC', 'ajgjal', 'gkajgkaj', '', 'ssn', '28295820', 'B28588509111', '7298209805', '1234', '22', '', '', '', '', '', '', '', '', '', 'abc clinic', '+1 (858) 085-0423', 'jajhla', 'jgajhla', 'agjlgajl', 'AL', '25828-8025', 'U582986902', '858585858', '', '2020-11-23 04:49:28', NULL),
(33, 33, 'Dr', 'Kahnwald', 'Hannah', '', 'ssn', '78765TRFD984873', '', '0098787124', '2000', '2000', 'Newark', '+1 (799) 357-6592', '118, Sunset Mathy, ', '', 'Midrand', 'CT', '01234-0403', '', '', 'Newark', '+1 (453) 345-4367', 'New town, ABD', '', 'Midrand', 'AL', '43543-5345', '', '87483458295', '', '2020-11-23 06:21:15', NULL),
(34, 34, 'Mr', 'Smith', 'James', '', 'ssn', 'UKJF97893902', '', '4435345245', '1200', '590', '', '', '', '', '', '', '', '', '', 'Newark', '+1 (889) 776-5434', '917, Franklin Avenue', '', 'San Jose', 'DC', '34534-3454', '', '9394720002', '', '2020-11-23 06:36:01', NULL),
(35, 35, 'DN', 'Marha', 'Marco', '', 'ssn', 'DDFS94938583', '', '3849204995', '1000', '780', '', '', '', '', '', '', '', '', '', 'Newark', '+1 (242) 342-3423', 'New Town ABD', '', 'San Antanio', 'TX', '24323-4423', '', '88747289395737', '', '2020-11-23 06:46:07', NULL),
(36, 36, 'UN', 'Johnsom', 'John', '', 'ssn', 'YUI3377382', '', '1983749109', '2400', '1300', '', '', '', '', '', '', '', '', '', 'Columbus', '+1 (478) 239-4872', 'Test Address', '', 'Columbus', 'OH', '86869-7978', '', '238492394', '', '2020-11-23 06:51:54', NULL),
(37, 37, 'DN', 'Williams', 'Robert', '', 'ssn', 'UKJF978939034', '', '7683987234', '2000', '1340', '', '', '', '', '', '', '', '', '', 'Columbus', '+1 (392) 840-9234', 'Test Avenu', '', 'Columbus', 'OH', '39048-2309', '', '7892347239', '', '2020-11-23 06:56:19', NULL),
(38, 38, 'UN', 'Math', 'Rodrigue', '', 'ssn', 'HHFGS342342', '', '1934327485', '4300', '2900', '', '', '', '', '', '', '', '', '', 'Austin', '+1 (240) 934-0503', 'New Test Address', '', 'Austin', 'TX', '34054-8534', '', '43858348593', '', '2020-11-23 07:05:17', NULL),
(39, 39, 'MK', 'Smith', 'Robert', '', 'ssn', 'YTRDF939939900', '', '3234112321', '6500', '5800', '', '', '', '', '', '', '', '', '', 'Washington', '+1 (324) 324-5235', 'ABD Washington', '', 'Washington', 'DC', '23222-4455', '', '98211232', '', '2020-11-23 07:12:14', NULL),
(40, 40, 'MP', 'Williams', 'Johns', '', 'ssn', 'JU8373293', '', '9877112112', '2900', '2800', '', '', '', '', '', '', '', '', '', 'Austin', '+1 (873) 294-9823', 'New Test Address', '', 'Austin', 'TX', '32874-9287', '', '874829492', '', '2020-11-23 07:23:17', NULL),
(41, 41, 'EW', 'Smith', 'Robert', '', 'ssn', 'YYH8483949', '', '7898865434', '3990', '3390', '', '', '', '', '', '', '', '', '', 'Charlotte', '+1 (983) 279-8923', 'New Town Charlotte', '', 'Charlotte', 'NC', '29071-3987', '', '77612344', '', '2020-11-23 07:29:51', NULL),
(42, 42, 'MI', 'Jonson', 'Mitchel', '', 'ssn', 'UUJ8494093', '', '7611223390', '4500', '4200', '', '', '', '', '', '', '', '', '', 'San Jose', '+1 (656) 756-8575', 'New San Jose', '', 'San Jose', 'CA', '42342-3423', '', '23423452', '', '2020-11-23 07:38:00', NULL),
(43, 43, 'DE', 'Rose', 'Susan', '', 'ssn', 'JJDJ4858347957', '', '7435737234', '2000', '1200', '', '', '', '', '', '', '', '', '', 'Sattle', '+1 (435) 834-5873', 'New Seattle', '', 'Seattle', 'WA', '42342-3423', '', '8373828484', '', '2020-11-23 08:00:05', NULL),
(44, 44, 'DN', 'Johnson', 'Mitchel', '', 'ssn', 'RTY687868', '', '9878965678', '3900', '3300', '', '', '', '', '', '', '', '', '', 'Denver', '+1 (566) 546-4654', 'New Denver Class', '', 'Denver', 'HI', '54654-6546', '', '65774654654', '', '2020-11-23 09:24:11', NULL),
(45, 45, 'UN', 'Kahnwald', 'Jonas', '', 'ssn', 'HYFO987612', '', '0983126345', '4300', '3800', '', '', '', '', '', '', '', '', '', 'Dallas', '+1 (435) 345-3453', 'Dallas New Test', '', 'Dallas', 'TX', '44576-4534', '', '0990812345', '', '2020-11-23 09:40:47', NULL),
(46, 46, 'DB', 'Williams', 'Robert', '', 'ssn', 'HSDI4587349', '', '4873472748', '4900', '4700', '', '', '', '', '', '', '', '', '', 'Dallas', '+1 (234) 234-2342', 'Test Dallas', '', 'Dallas', 'TX', '45345-3453', '', '7462839402', '', '2020-11-23 09:47:11', NULL),
(47, 47, 'DF', 'Smith', 'Steve', '', 'ssn', 'DFSD4534534', '', '2313457867', '3280', '3200', '', '', '', '', '', '', '', '', '', 'San Jose', '+1 (453) 453-4534', 'New San Jose', '', 'San Jose', 'CA', '23534-5345', '', '32156782235', '', '2020-11-23 10:10:19', NULL),
(48, 48, 'UN', 'Marsh', 'Mitchell', '', 'ssn', 'JFH453454', '', '7998123434', '8900', '8220', '', '', '', '', '', '', '', '', '', 'Columbus', '+1 (495) 734-8978', 'New State Columbus', '', 'Columbus', 'OH', '32523-4234', '', '2342111343', '', '2020-11-23 10:49:49', NULL),
(49, 49, 'DN', 'Johnson', 'John', '', 'ssn', 'GHGSF465873458', '', '1211112890', '4300', '2900', '', '', '', '', '', '', '', '', '', 'New York', '+1 (435) 467-5645', 'Test New York', '', 'New York', 'NY', '23452-3423', '', '1112377896', '', '2020-11-23 10:59:01', NULL),
(50, 50, 'Mr', 'Smith', 'Micheal', '', 'ssn', 'JJ6656KH77', '', '0900122390', '2000', '1340', '', '', '', '', '', '', '', '', '', 'New York', '+1 (345) 767-3422', 'New York City', '', 'New York', 'NY', '23423-4234', '', '088286462', '', '2020-11-23 11:03:34', NULL),
(51, 51, 'Mr', 'Smith', 'Robert', '', 'ssn', 'JK4883943', '', '2349765834', '2000', '2000', '', '', '', '', '', '', '', '', '', 'Austin', '+1 (423) 423-4234', 'Test Austin Place', '', 'Austin', 'TX', '45353-4534', '', '2324416677', '', '2020-11-23 11:19:50', NULL),
(52, 52, 'DN', 'Kahnwad', 'Jonas', '', 'ssn', 'HJSK945830', '', '5342453454', '4300', '4200', '', '', '', '', '', '', '', '', '', 'San Fransisco', '+1 (485) 275-0238', 'New San Fransico', '', 'San fransisco', 'CA', '43534-5345', '', '435234523', '', '2020-11-23 11:28:10', NULL),
(53, 53, 'DN', 'Micheal', 'Jack', '', 'ssn', 'KK234234', '', '1123522315', '4300', '2900', '', '', '', '', '', '', '', '', '', 'New York', '+1 (345) 345-3453', '1129, New York', '', 'New York', 'NY', '23423-4234', '', '4234234444121', '', '2020-11-23 11:32:24', NULL),
(54, 54, 'Mr', 'Smith', 'Joe', '', 'ssn', 'KK3883234', '', '0099112282', '4300', '4100', '', '', '', '', '', '', '', '', '', 'San Jose', '+1 (342) 342-3423', 'New San Test Jose', '', 'San Jose', 'CA', '23423-4234', '', '34234231111', '', '2020-11-23 11:36:43', NULL),
(55, 55, 'Mr', 'Johnson', 'Mitchel', '', 'ssn', 'KLH342455', '', '8899972893', '8000', '7900', '', '', '', '', '', '', '', '', '', 'Seattle', '+1 (423) 423-4234', '220, Seattle', '', 'Seattle', 'WA', '24234-2342', '', '8997976783', '', '2020-11-23 11:43:46', NULL),
(56, 56, 'DN', 'Mike', 'Hassan', '', 'ssn', 'SDD435342234', '', '1234212348', '2000', '2000', '', '', '', '', '', '', '', '', '', 'San Fransisco', '+1 (345) 345-3453', '119 San Francisco ', '', 'San fransisco', 'CA', '23423-4234', '', '1123457678987', '', '2020-11-23 11:49:44', NULL),
(57, 57, 'MK', 'Miller', 'David', '', 'ssn', 'LKA8768', '', '0098989114', '6700', '6700', '', '', '', '', '', '', '', '', '', 'Houston', '+1 (374) 362-7482', 'New Castle, Houston', '', 'Houston', 'TX', '23423-4234', '', '765762354', '', '2020-11-23 11:57:28', NULL),
(58, 58, 'Mr', 'Jones', 'William', '', 'ssn', 'SJDB76868', '', '1113245444', '3223', '3003', '', '', '', '', '', '', '', '', '', 'Austin', '+1 (324) 234-2342', 'New Austin castle', '', 'Austin', 'TX', '45453-4534', '', '4352353234', '', '2020-11-23 12:03:40', NULL),
(59, 59, 'MK', 'Marsh', 'Mithcel', '', 'ssn', 'JH4786234868', '', '9908814243', '4004', '4000', '', '', '', '', '', '', '', '', '', 'Austin', '+1 (767) 423-8723', '767 Austin', '', 'Austin', 'TX', '34234-2342', '', '3423423111', '', '2020-11-23 12:06:16', NULL),
(60, 60, 'DN', 'Wilson', 'Lucas', '', 'ssn', 'KKJ839479823', '', '0098112390', '7228', '7220', '', '', '', '', '', '', '', '', '', 'Dallas', '+1 (345) 678-7687', '667, Dallas', '', 'Dallas', 'TX', '23123-2423', '', '234676123', '', '2020-11-23 12:14:34', NULL),
(61, 61, 'DN', 'Marsh', 'Mitchel', '', 'ssn', 'KLL9472349', '', '0091886503', '6980', '6900', '', '', '', '', '', '', '', '', '', 'New York', '+1 (478) 634-7689', '118, New York town Plaza', '', 'New York', 'NY', '23423-4234', '', '643023894809', '', '2020-11-23 12:18:23', NULL),
(62, 62, 'Dr', 'Smith', 'Sarah', '', 'ssn', 'JK7436824', '', '0097108386', '2000', '1900', '', '', '', '', '', '', '', '', '', 'Houston', '+1 (347) 239-489', '878, New Castel', '', 'Houston', 'TX', '24323-4124', '', '23768423', '', '2020-11-23 12:23:17', NULL),
(63, 63, 'CD', 'kjjafjlaj', 'fajgjakj', '', 'ssn', '2588208', 'OB8182903809', '9395694934', '5766', '874', '', '', '', '', '', '', '', '', '', 'abc clinic', '+1 (829) 589-6830', 'kjgkjal', 'gjaja', 'jajg', 'CA', '29853', 'f48985498958', '536646482', '', '2020-11-23 19:25:06', NULL),
(64, 64, 'DK', 'jgjajl', 'jfakjg', '', 'ssn', '8298958', 'gC8582984324', '7292050393', '2424', '112', '', '', '', '', '', '', '', '', '', 'ytu clinic', '+1 (289) 589-8295', 'jgkjalgj', 'gajgal', 'kgjlagl', 'ID', '14321', 'G281952890834', '8932011111', '', '2020-11-23 20:12:56', NULL),
(65, 65, 'CD', 'jajglja', 'kjakfjakj', '', 'ssn', '829820', 'T89814801001', '7393939393', '7821', '745', '', '', '', '', '', '', '', '', '', 'abc clinic', '+1 (277) 275-2798', 'jfajfklal', 'jfjajgk', 'kajg', 'DE', '74792-7979', 'Y248259820', '9292929292', '', '2020-11-23 22:54:03', NULL),
(66, 66, 'GC', 'jfajgja', 'jfajglaj', '', 'ssn', '2850825', 'Y47875975511', '9393939393', '8578', '822', '', '', '', '', '', '', '', '', '', 'abc clinic', '+1 (958) 020-9389', 'jgajlgl', 'gkajkgal', 'jalgjla', 'CA', '42422', 'kafjkjgal', '8959385838', '', '2020-11-23 23:34:07', NULL),
(67, 67, 'DN', 'Jack', 'Jones', '', 'ssn', 'TFV435973945', '', '8884543212', '3500', '3200', '', '', '', '', '', '', '', '', '', 'Fort Worth', '+1 (325) 809-3285', 'New Fort Worth', '', 'Fort Worth ', 'TX', '23847-9238', '', '9939220403', '', '2020-11-24 10:01:18', NULL),
(68, 68, 'UN', 'Smith', 'Steve', '', 'ssn', 'HE48759HH89', '', '8890900985', '3400', '3300', '', '', '', '', '', '', '', '', '', 'Charlotte', '+1 (935) 878-7235', 'New Lane, Charlotte', '', 'Charlotte', 'NC', '39742-3894', '', '234238472394238', '', '2020-11-24 10:10:44', NULL),
(69, 69, 'Dr', 'Mark', 'John', '', 'ssn', 'HD94300805', '', '0091232190', '3400', '3300', '', '', '', '', '', '', '', '', '', 'San Jose', '+1 (328) 742-3894', 'New Town Road 114', '', 'San Jose', 'CA', '42342-3423', '', '3453437777', '', '2020-11-24 10:19:07', NULL),
(70, 70, 'Dr', 'Jack', 'Jones', '', 'ssn', 'HDFK847895349', '', '7789090954', '4300', '4300', '', '', '', '', '', '', '', '', '', 'New York', '+1 (837) 249-4927', '910, New Town Road', '', 'New York', 'NY', '83749-2374', '', '4358794', '', '2020-11-24 10:24:49', NULL),
(71, 71, 'MK', 'Robert', 'Smith', '', 'ssn', 'DGTG74647', '', '8800907679', '4300', '4200', '', '', '', '', '', '', '', '', '', 'San Francisco', '+1 (656) 477-8686', 'New Test', '', 'San Francisco', 'CA', '76564-5645', '', '7856543567', '', '2020-11-24 10:39:24', NULL),
(72, 72, 'UN', 'Marsh', 'Mitchel', '', 'ssn', 'DFF56645436', '', '9000898432', '4000', '3800', '', '', '', '', '', '', '', '', '', 'Boston', '+1 (764) 453-5768', 'New Test Address', '', 'Boston', 'MA', '97667-4532', '', '7657897870', '', '2020-11-24 10:52:55', NULL),
(73, 73, 'Mr', 'Adam', 'Jonas', '', 'ssn', 'KHN5775869', '', '0095434544', '4300', '4200', '', '', '', '', '', '', '', '', '', 'Dallas', '+1 (435) 345-3453', 'New Test Dallas', '', 'Dallas', 'TX', '32455-6634', '', '483759483759', '', '2020-11-24 11:13:36', NULL),
(74, 74, 'DN', 'Johnson', 'John', '', 'ssn', 'HJ74859345', '', '4589094370', '7600', '7400', '', '', '', '', '', '', '', '', '', 'Las Vegas', '+1 (438) 957-4275', '917, New Las Lane', '', 'Las Vegas', 'NV', '48758-9347', '', '43907583476', '', '2020-11-24 11:28:49', NULL),
(75, 78, '', '', '', '', 'ssn', '', '', '', '', '', '', '', '', '', '', '', '', '', '', '', '', '', '', '', '', '', '', '', '', '2020-11-25 03:00:01', NULL),
(76, 79, '', '', '', '', 'ssn', '', '', '', '', '', '', '', '', '', '', '', '', '', '', '', '', '', '', '', '', '', '', '', '', '2020-11-25 18:20:57', NULL),
(77, 80, 'XX', 'Smith', 'Jane MD', '', 'ein', '471234567', '172102214543', '2519872452', '396.00', '200.00', 'Facility Name', '', '112 Facility Road', '', 'Newtown', 'SC', '88765', '322166491b', '3224516500', 'Billing Name', '+1 (800) 111-2222', '33 Billing Provider Street', '', 'Billingstown', 'NC', '66554', '56654645645645645', '3321664900', '', '2020-11-25 19:07:33', '2020-11-27 10:38:20'),
(78, 81, 'DN', 'jkajfka', 'jfaj', '', 'ssn', '19810988', 'g2abc1234567890', '0123456789', '1213', '100.00', '', '', '', '', '', '', '', '', '', 'abc clinic', '+1 (488) 901-8058', 'jkjafja', '', 'fjakjfkl', 'AL', '81891', '33245165b', '7293939309', '', '2020-11-25 20:53:04', NULL),
(79, 82, 'DN', 'fjkjfal', 'fjajfla', '', 'ssn', '8109801', 'T91480918401', '8480184092', '1010', '100.00', '', '', '', '', '', '', '', '', '', 'abc clinic', '+1 (498) 148-0958', 'jfjajl', 'fjajfkl', 'afjajl', 'GA', '51015-9091', 'Y1908581059', '9149801114', '', '2020-11-25 23:38:22', '2020-11-25 23:42:14'),
(80, 83, 'DN', 'fajfj', 'fjajfkl', '', 'ssn', '9818810', 'g2abc1234567890', '3333333333', '849', '150', '', '', '', '', '', '', '', '', '', 'GHE clinic', '+1 (981) 859-0809', 'fjajl', '', 'fkjkaj', 'TN', '89322', 'f48985498958', '11010203020', '', '2020-11-26 00:39:59', NULL),
(81, 84, '', '', '', '', 'ssn', '', '', '', '', '', '', '', '', '', '', '', '', '', '', '', '', '', '', '', '', '', '', '', '', '2020-11-27 19:16:27', NULL),
(82, 85, '', '', '', '', 'ssn', '', '', '', '', '', '', '', '', '', '', '', '', '', '', '', '', '', '', '', '', '', '', '', '', '2020-11-28 05:23:46', NULL);

-- --------------------------------------------------------

--
-- Table structure for table `roles`
--

CREATE TABLE `roles` (
  `id` int(11) NOT NULL,
  `pharmacy_id` int(20) NOT NULL DEFAULT '0',
  `rolename` varchar(30) NOT NULL,
  `description` varchar(30) NOT NULL,
  `status` int(5) NOT NULL DEFAULT '0',
  `last_ip` varchar(30) NOT NULL,
  `created_at` datetime NOT NULL,
  `updated_at` datetime NOT NULL
) ENGINE=InnoDB DEFAULT CHARSET=utf8;

--
-- Dumping data for table `roles`
--

INSERT INTO `roles` (`id`, `pharmacy_id`, `rolename`, `description`, `status`, `last_ip`, `created_at`, `updated_at`) VALUES
(0, 0, 'sadmin', 'srt brdtdrt', 1, '', '2020-11-30 08:11:56', '2020-12-10 00:00:00'),
(1, 0, 'Marketing Manager', 'srt brdtdrt', 1, '', '2020-10-24 03:10:21', '0000-00-00 00:00:00'),
(2, 0, 'Admin', 'srt brdtdrt', 1, '', '2020-10-24 03:10:30', '0000-00-00 00:00:00'),
(3, 5, 'Manager', 'srt brdtdrt', 1, '', '2020-10-24 06:10:24', '0000-00-00 00:00:00'),
(4, 4, 'PAdmin', 'PAdmin', 1, '', '2020-10-31 07:10:58', '0000-00-00 00:00:00'),
(5, 14, 'Manager', 'srt brdtdrt', 1, '', '2020-11-30 08:11:56', '0000-00-00 00:00:00');

-- --------------------------------------------------------

--
-- Table structure for table `roles_permissions`
--

CREATE TABLE `roles_permissions` (
  `id` int(5) NOT NULL,
  `role_id` int(5) NOT NULL,
  `menu_id` int(5) NOT NULL,
  `permission_id` int(5) NOT NULL
) ENGINE=InnoDB DEFAULT CHARSET=utf8;

--
-- Dumping data for table `roles_permissions`
--

INSERT INTO `roles_permissions` (`id`, `role_id`, `menu_id`, `permission_id`) VALUES
(1, 2, 18, 0),
(2, 2, 1, 0),
(3, 1, 1, 0),
(4, 1, 10, 0),
(5, 1, 5, 0),
(6, 1, 8, 0),
(7, 1, 5, 1),
(9, 1, 10, 1),
(13, 1, 8, 1),
(14, 1, 3, 0),
(15, 1, 3, 1),
(16, 1, 3, 2);

-- --------------------------------------------------------

--
-- Table structure for table `services`
--

CREATE TABLE `services` (
  `id` int(10) NOT NULL,
  `service_id` varchar(255) NOT NULL,
  `service_name` varchar(25) NOT NULL,
  `service_description` text NOT NULL,
  `status` int(5) NOT NULL,
  `created_date` timestamp NOT NULL DEFAULT CURRENT_TIMESTAMP ON UPDATE CURRENT_TIMESTAMP,
  `updated_date` timestamp NULL DEFAULT NULL ON UPDATE CURRENT_TIMESTAMP
) ENGINE=InnoDB DEFAULT CHARSET=utf8;

--
-- Dumping data for table `services`
--

INSERT INTO `services` (`id`, `service_id`, `service_name`, `service_description`, `status`, `created_date`, `updated_date`) VALUES
(1, 'SER5050780', 'Claims Processing', 'Processing medical claims from the stage of receiving the prescription to the stage of payment processing', 1, '2020-10-31 09:28:54', '2020-10-31 09:28:54');

-- --------------------------------------------------------

--
-- Table structure for table `settings`
--

CREATE TABLE `settings` (
  `id` int(5) NOT NULL,
  `navigation_header` varchar(255) NOT NULL,
  `header` varchar(255) NOT NULL,
  `sidebar` varchar(255) NOT NULL,
  `font_family` varchar(255) NOT NULL
) ENGINE=InnoDB DEFAULT CHARSET=utf8;

--
-- Dumping data for table `settings`
--

INSERT INTO `settings` (`id`, `navigation_header`, `header`, `sidebar`, `font_family`) VALUES
(1, 'color_2', 'color_1', 'color_2', 'roboto');

-- --------------------------------------------------------

--
-- Table structure for table `slider`
--

CREATE TABLE `slider` (
  `id` int(11) NOT NULL,
  `slides_id` varchar(255) NOT NULL,
  `title` varchar(100) NOT NULL,
  `subtitle` text NOT NULL,
  `status` int(5) NOT NULL,
  `image` text NOT NULL,
  `sorting` varchar(50) NOT NULL,
  `type` int(5) NOT NULL,
  `home_status` int(5) NOT NULL,
  `created_date` date NOT NULL,
  `updated_date` date NOT NULL
) ENGINE=MyISAM DEFAULT CHARSET=latin1;

--
-- Dumping data for table `slider`
--

INSERT INTO `slider` (`id`, `slides_id`, `title`, `subtitle`, `status`, `image`, `sorting`, `type`, `home_status`, `created_date`, `updated_date`) VALUES
(1, 'SLI0196339', 'Efficient Claims Management Software', 'One stop solution for processing your Claims', 1, '5f7c022d05229232dd6597ee6153fe21.jpg', '', 0, 0, '2020-10-22', '2020-10-22'),
(6, 'SLI6483647', 'Efficient Claims Management Software', 'One stop solution for processing your Claims ', 1, 'de66851b8972b8487e84de94cbc03a5b.jpg', '', 0, 0, '2020-11-02', '2020-11-02');

-- --------------------------------------------------------

--
-- Table structure for table `states`
--

CREATE TABLE `states` (
  `state_id` int(5) NOT NULL,
  `state_name` varchar(100) NOT NULL,
  `state_code` varchar(5) NOT NULL,
  `status` int(5) NOT NULL DEFAULT '1'
) ENGINE=InnoDB DEFAULT CHARSET=utf8;

--
-- Dumping data for table `states`
--

INSERT INTO `states` (`state_id`, `state_name`, `state_code`, `status`) VALUES
(1, 'Alabama', 'AL', 1),
(2, 'Alaska', 'AK', 1),
(4, 'Arizona', 'AZ', 1),
(5, 'Arkansas', 'AR', 1),
(6, 'California', 'CA', 1),
(7, 'Colorado', 'CO', 1),
(8, 'Connecticut', 'CT', 1),
(9, 'Delaware', 'DE', 1),
(10, 'District of Columbia', 'DC', 1),
(11, 'Florida', 'FL', 1),
(12, 'Georgia', 'GA', 1),
(13, 'Hawaii', 'HI', 1),
(14, 'Idaho', 'ID', 1),
(15, 'Illinois', 'IL', 1),
(16, 'Indiana', 'IN', 1),
(17, 'Iowa', 'IA', 1),
(18, 'Kansas', 'KS', 1),
(19, 'Kentucky', 'KY', 1),
(20, 'Louisiana', 'LA', 1),
(21, 'Maine', 'ME', 1),
(22, 'Maryland', 'MD', 1),
(23, 'Massachusetts', 'MA', 1),
(24, 'Michigan', 'MI', 1),
(25, 'Minnesota', 'MN', 1),
(26, 'Mississippi', 'MS', 1),
(27, 'Missouri', 'MO', 1),
(28, 'Montana', 'MT', 1),
(29, 'Nebraska', 'NE', 1),
(30, 'Nevada', 'NV', 1),
(31, 'New Hampshire', 'NH', 1),
(32, 'New Jersey', 'NJ', 1),
(33, 'New Mexico', 'NM', 1),
(34, 'New York', 'NY', 1),
(35, 'North Carolina', 'NC', 1),
(36, 'North Dakota', 'ND', 1),
(37, 'Ohio', 'OH', 1),
(38, 'Oklahoma', 'OK', 1),
(39, 'Oregon', 'OR', 1),
(40, 'Pennsylvania', 'PA', 1),
(41, 'Puerto Rico', 'PR', 1),
(42, 'Rhode Island', 'RI', 1),
(43, 'South Carolina', 'SC', 1),
(44, 'South Dakota', 'SD', 1),
(45, 'Tennessee', 'TN', 1),
(46, 'Texas', 'TX', 1),
(47, 'Utah', 'UT', 1),
(48, 'Vermont', 'VT', 1),
(49, 'Virginia', 'VA', 1),
(50, 'Washington', 'WA', 1),
(51, 'West Virginia', 'WV', 1),
(52, 'Wisconsin', 'WI', 1),
(53, 'Wyoming', 'WY', 1);

-- --------------------------------------------------------

--
-- Table structure for table `testimonials`
--

CREATE TABLE `testimonials` (
  `id` int(5) NOT NULL,
  `testimonials_id` varchar(255) NOT NULL,
  `name` varchar(50) NOT NULL,
  `designation` varchar(255) NOT NULL,
  `description` text NOT NULL,
  `image` text NOT NULL,
  `status` int(5) NOT NULL,
  `home_status` int(5) NOT NULL,
  `update_status` int(5) NOT NULL,
  `version` int(5) NOT NULL,
  `created_date` timestamp NOT NULL DEFAULT CURRENT_TIMESTAMP ON UPDATE CURRENT_TIMESTAMP,
  `updated_date` timestamp NOT NULL DEFAULT CURRENT_TIMESTAMP ON UPDATE CURRENT_TIMESTAMP
) ENGINE=InnoDB DEFAULT CHARSET=latin1;

--
-- Dumping data for table `testimonials`
--

INSERT INTO `testimonials` (`id`, `testimonials_id`, `name`, `designation`, `description`, `image`, `status`, `home_status`, `update_status`, `version`, `created_date`, `updated_date`) VALUES
(8, 'TES0810481', 'ennoble', 'Developer', 'Billing System', '', 1, 0, 0, 0, '2020-09-22 12:48:08', '2020-09-22 12:48:08'),
(9, 'TES0147327', 'kumar praveen', 'Developer', 'Billing Admin', 'profile.jpg', 1, 0, 0, 0, '2020-09-26 06:45:24', '2020-09-26 06:45:24');

-- --------------------------------------------------------

--
-- Table structure for table `users`
--

CREATE TABLE `users` (
  `id` int(11) NOT NULL,
  `userid` varchar(255) NOT NULL,
  `pharmacy_id` int(10) NOT NULL,
  `username` varchar(50) NOT NULL,
  `firstname` varchar(30) NOT NULL,
  `lastname` varchar(30) NOT NULL,
  `middlename` varchar(30) NOT NULL,
  `email` varchar(50) NOT NULL,
  `mobile_no` varchar(30) NOT NULL,
  `password` varchar(255) NOT NULL,
  `ein_number` varchar(25) NOT NULL,
  `user_role` int(5) NOT NULL,
  `address1` varchar(30) NOT NULL,
  `address2` varchar(30) NOT NULL,
  `city` varchar(30) NOT NULL,
  `state` varchar(5) NOT NULL,
  `zip_code` varchar(30) NOT NULL,
  `is_admin` tinyint(4) NOT NULL DEFAULT '0',
  `is_new` int(11) NOT NULL DEFAULT '1',
  `last_ip` varchar(30) NOT NULL,
  `status` int(5) NOT NULL,
  `created_at` datetime NOT NULL,
  `updated_at` datetime NOT NULL
) ENGINE=InnoDB DEFAULT CHARSET=utf8;

--
-- Dumping data for table `users`
--

INSERT INTO `users` (`id`, `userid`, `pharmacy_id`, `username`, `firstname`, `lastname`, `middlename`, `email`, `mobile_no`, `password`, `ein_number`, `user_role`, `address1`, `address2`, `city`, `state`, `zip_code`, `is_admin`, `is_new`, `last_ip`, `status`, `created_at`, `updated_at`) VALUES
(1, '', 0, 'Superadmin', 'smith', 'Mary', '', 'admin@billing.com', '+1 (987) 654 3210', '$2y$10$AFR83Qx4DsFQ2C8gjc9kEewObQ2P7ftp4PtES4ZzMHqw1Y.VfmpOO', '', 0, '141 Mountainview Blvd', '', 'Wayne', 'NJ', '07470-6522', 1, 0, '', 1, '2017-09-29 10:09:44', '2020-10-12 03:10:07'),
(30, 'USR7146467', 1, 'stevesmith', 'Smith', 'Steve ', '', 'raghuvarma.testmail@gmail.com', '+1 (918) 686-8657', '$2y$10$Fyi.eJ8UoIqts6/erEbqluIzTdKOF1Q0hyHo5crc5Bh4E.JuFILtS', '547564534', 0, '', '', '', '', '', 1, 0, '', 1, '2020-11-20 08:11:00', '0000-00-00 00:00:00'),
(31, 'USR1972067', 2, 'bradputin', 'Putin', 'Brad', '', 'branchbrooktest@gmail.com', '+1 (973) 412-7300', '$2y$10$AFR83Qx4DsFQ2C8gjc9kEewObQ2P7ftp4PtES4ZzMHqw1Y.VfmpOO', '343423545', 0, '', '', '', '', '', 1, 1, '', 1, '2020-11-21 02:11:29', '0000-00-00 00:00:00'),
(32, 'USR4513187', 3, 'michaelclarke', 'Clarke', 'Michael', '', 'masontest@gmail.com', '+1 (718) 863-0210', '$2y$10$AFR83Qx4DsFQ2C8gjc9kEewObQ2P7ftp4PtES4ZzMHqw1Y.VfmpOO', '343677756', 0, '', '', '', '', '', 1, 1, '', 1, '2020-11-21 02:11:41', '0000-00-00 00:00:00'),
(33, 'USR8853364', 4, 'jamescameron', 'Cameron', 'James', '', 'heiditest@gmail.com', '+1 (212) 740-1275', '$2y$10$AFR83Qx4DsFQ2C8gjc9kEewObQ2P7ftp4PtES4ZzMHqw1Y.VfmpOO', '455454545', 0, '', '', '', '', '', 1, 1, '', 1, '2020-11-21 02:11:08', '0000-00-00 00:00:00'),
(34, 'USR8660366', 5, 'davidwarner', 'Warner', 'David', '', 'vimtest@gmail.com', '+1 (212) 927-0220', '$2y$10$AFR83Qx4DsFQ2C8gjc9kEewObQ2P7ftp4PtES4ZzMHqw1Y.VfmpOO', '343434343', 0, '', '', '', '', '', 1, 1, '', 1, '2020-11-21 02:11:52', '0000-00-00 00:00:00'),
(35, 'USR5287563', 6, 'steven fleming', 'Fleming', 'Steven', '', 'mergewelltest@gmail.com', '+1 (718) 638-0239', '$2y$10$AFR83Qx4DsFQ2C8gjc9kEewObQ2P7ftp4PtES4ZzMHqw1Y.VfmpOO', '343434343', 0, '', '', '', '', '', 1, 1, '', 1, '2020-11-21 02:11:28', '0000-00-00 00:00:00'),
(36, 'USR6160526', 7, 'johnhastings', 'Hastings', 'John', '', 'nostrandtest@gmail.com', '+1 (718) 230-3009', '$2y$10$AFR83Qx4DsFQ2C8gjc9kEewObQ2P7ftp4PtES4ZzMHqw1Y.VfmpOO', '343434343', 0, '', '', '', '', '', 1, 1, '', 1, '2020-11-21 02:11:41', '0000-00-00 00:00:00'),
(37, 'USR3223040', 8, 'eonmorgan', 'Morgan', 'Eon', '', 'elmhurstest@gmail.com', '+1 (718) 446-5769', '$2y$10$AFR83Qx4DsFQ2C8gjc9kEewObQ2P7ftp4PtES4ZzMHqw1Y.VfmpOO', '343434343', 0, '', '', '', '', '', 1, 1, '', 1, '2020-11-21 02:11:53', '0000-00-00 00:00:00'),
(38, 'USR9398093', 9, 'adamzampa', 'Zampa', 'Adam', '', 'freedomtest@gmail.com', '+1 (973) 824-2629', '$2y$10$AFR83Qx4DsFQ2C8gjc9kEewObQ2P7ftp4PtES4ZzMHqw1Y.VfmpOO', '545454545', 0, '', '', '', '', '', 1, 1, '', 1, '2020-11-21 02:11:57', '0000-00-00 00:00:00'),
(39, 'USR1437468', 10, 'michaelvaughan', 'Vaughan', 'Michael', '', 'lendatest@gmail.com', '+1 (212) 368-3131', '$2y$10$AFR83Qx4DsFQ2C8gjc9kEewObQ2P7ftp4PtES4ZzMHqw1Y.VfmpOO', '454545454', 0, '', '', '', '', '', 1, 1, '', 1, '2020-11-21 02:11:06', '0000-00-00 00:00:00'),
(40, 'USR4276028', 11, 'adamwales', 'Wales', 'Adam', '', 'erinstest@gmail.com', '+1 (212) 677-7335', '$2y$10$AFR83Qx4DsFQ2C8gjc9kEewObQ2P7ftp4PtES4ZzMHqw1Y.VfmpOO', '445454545', 0, '', '', '', '', '', 1, 1, '', 1, '2020-11-21 02:11:17', '0000-00-00 00:00:00'),
(41, 'USR4852166', 12, 'kanerichardson', 'Richardson', 'Kane', '', 'hilltest@gmail.com', '+1 (212) 740-3737', '$2y$10$AFR83Qx4DsFQ2C8gjc9kEewObQ2P7ftp4PtES4ZzMHqw1Y.VfmpOO', '454545454', 0, '', '', '', '', '', 1, 1, '', 1, '2020-11-21 02:11:13', '0000-00-00 00:00:00'),
(42, 'USR0928658', 13, 'kylemills', 'Mills', 'Kyle', '', 'expresscaretest@gmail.com', '+1 (718) 618-7525', '$2y$10$AFR83Qx4DsFQ2C8gjc9kEewObQ2P7ftp4PtES4ZzMHqw1Y.VfmpOO', '544554545', 0, '', '', '', '', '', 1, 1, '', 1, '2020-11-21 02:11:14', '0000-00-00 00:00:00'),
(43, 'USR3180576', 14, 'kimjordan', 'Jordan', 'Kim', '', 'carewelltest@gmail.com', '+1 (718) 294-7147', '$2y$10$AFR83Qx4DsFQ2C8gjc9kEewObQ2P7ftp4PtES4ZzMHqw1Y.VfmpOO', '454545454', 0, '', '', '', '', '', 1, 1, '', 1, '2020-11-21 03:11:36', '0000-00-00 00:00:00'),
(44, 'USR8718498', 15, 'mathrodrigue', 'Rodrigue', 'Math', '', 'gouthamsambaraju4a7@gmail.com', '+1 (234) 234-5646', '$2y$10$2ObiUsgPBPbXBfjDTDIbFeFLCt4sgmFwGTXDbrioV8LwBnZTTT8pS', '743554635', 0, '', '', '', '', '', 1, 0, '', 1, '2020-11-26 09:11:21', '0000-00-00 00:00:00'),
(45, 'USR0598962', 14, 'raghuvarmarudroju', 'Rudroju', 'Rudroju Raghuvarma', '', 'raghuv@ennobletechnologies.com', '+1 (987) 654-3210', '$2y$10$vtWn1u42BdsuISilCpnOZ.BSGXqkNbOLsilZTauHVDiMWS9YO5TT6', '', 5, '141 Mountainview Blvd', '', 'Wayne', 'NJ', '74709', 0, 1, '', 1, '2020-11-30 08:11:16', '0000-00-00 00:00:00'),
(46, 'USR3838821', 0, 'Rudroju Test2 Raghuvarma', 'Rudroju', 'Rudroju Test Raghuvarma', 'Test', 'raghuvarma.chintu@gmail.com', '+1 (987) 654-3210', '$2y$10$AFR83Qx4DsFQ2C8gjc9kEewObQ2P7ftp4PtES4ZzMHqw1Y.VfmpOO', '', 1, '141 Mountainview Blvd', '', 'Wayne', 'NJ', '74702', 0, 1, '', 0, '2020-12-10 12:12:37', '0000-00-00 00:00:00'),
(47, 'USR3584714', 16, 'rogerspark', 'Park', 'Rogers', '', 'hs.sushma@gmail.com', '+1 (878) 758-9579', '$2y$10$PtxwDThdzCnVPqs3F10dVOTTg.yhFCKBB5mm2tyMvZQq4DBv3Neve', '895820802', 0, '', '', '', '', '', 1, 1, '', 1, '2020-12-23 08:12:53', '0000-00-00 00:00:00');

--
-- Indexes for dumped tables
--

--
-- Indexes for table `about_us`
--
ALTER TABLE `about_us`
  ADD PRIMARY KEY (`id`);

--
-- Indexes for table `appointment`
--
ALTER TABLE `appointment`
  ADD PRIMARY KEY (`id`);

--
-- Indexes for table `claims`
--
ALTER TABLE `claims`
  ADD PRIMARY KEY (`id`);

--
-- Indexes for table `claim_additional_information`
--
ALTER TABLE `claim_additional_information`
  ADD PRIMARY KEY (`id`),
  ADD KEY `foreign key1` (`claim_id`);

--
-- Indexes for table `claim_conversation`
--
ALTER TABLE `claim_conversation`
  ADD PRIMARY KEY (`id`);

--
-- Indexes for table `claim_conversation_files`
--
ALTER TABLE `claim_conversation_files`
  ADD PRIMARY KEY (`id`);

--
-- Indexes for table `claim_diagnosis`
--
ALTER TABLE `claim_diagnosis`
  ADD PRIMARY KEY (`id`),
  ADD KEY `foreign key2` (`claim_id`);

--
-- Indexes for table `claim_information`
--
ALTER TABLE `claim_information`
  ADD PRIMARY KEY (`id`),
  ADD KEY `foreign key3` (`claim_id`);

--
-- Indexes for table `claim_status`
--
ALTER TABLE `claim_status`
  ADD PRIMARY KEY (`claim_status_id`);

--
-- Indexes for table `claim_status_group`
--
ALTER TABLE `claim_status_group`
  ADD PRIMARY KEY (`id`);

--
-- Indexes for table `claim_status_history`
--
ALTER TABLE `claim_status_history`
  ADD PRIMARY KEY (`id`);

--
-- Indexes for table `communications`
--
ALTER TABLE `communications`
  ADD PRIMARY KEY (`id`);

--
-- Indexes for table `communications_files`
--
ALTER TABLE `communications_files`
  ADD PRIMARY KEY (`id`);

--
-- Indexes for table `communications_replies`
--
ALTER TABLE `communications_replies`
  ADD PRIMARY KEY (`id`),
  ADD KEY `foreign key` (`communication_id`);

--
-- Indexes for table `contact`
--
ALTER TABLE `contact`
  ADD PRIMARY KEY (`id`);

--
-- Indexes for table `contactus_replies`
--
ALTER TABLE `contactus_replies`
  ADD PRIMARY KEY (`id`);

--
-- Indexes for table `enquiries`
--
ALTER TABLE `enquiries`
  ADD PRIMARY KEY (`id`);

--
-- Indexes for table `features`
--
ALTER TABLE `features`
  ADD PRIMARY KEY (`id`);

--
-- Indexes for table `forgetpasswordtoken`
--
ALTER TABLE `forgetpasswordtoken`
  ADD PRIMARY KEY (`id`);

--
-- Indexes for table `forms`
--
ALTER TABLE `forms`
  ADD PRIMARY KEY (`id`);

--
-- Indexes for table `generated_claims`
--
ALTER TABLE `generated_claims`
  ADD PRIMARY KEY (`id`);

--
-- Indexes for table `homeaboutus`
--
ALTER TABLE `homeaboutus`
  ADD PRIMARY KEY (`id`);

--
-- Indexes for table `homeservices`
--
ALTER TABLE `homeservices`
  ADD PRIMARY KEY (`id`);

--
-- Indexes for table `insurance_additional_information`
--
ALTER TABLE `insurance_additional_information`
  ADD PRIMARY KEY (`id`),
  ADD KEY `foreign key4` (`claim_id`);

--
-- Indexes for table `insurance_companies`
--
ALTER TABLE `insurance_companies`
  ADD PRIMARY KEY (`id`);

--
-- Indexes for table `insurance_forms`
--
ALTER TABLE `insurance_forms`
  ADD PRIMARY KEY (`id`),
  ADD KEY `foreign key` (`form_id`);

--
-- Indexes for table `insurance_information`
--
ALTER TABLE `insurance_information`
  ADD PRIMARY KEY (`id`),
  ADD KEY `foreign key5` (`claim_id`);

--
-- Indexes for table `menus`
--
ALTER TABLE `menus`
  ADD PRIMARY KEY (`id`);

--
-- Indexes for table `menus_permissions`
--
ALTER TABLE `menus_permissions`
  ADD PRIMARY KEY (`id`);

--
-- Indexes for table `messages`
--
ALTER TABLE `messages`
  ADD PRIMARY KEY (`message_id`);

--
-- Indexes for table `passwordreset`
--
ALTER TABLE `passwordreset`
  ADD PRIMARY KEY (`resetid`);

--
-- Indexes for table `patient_insured_information`
--
ALTER TABLE `patient_insured_information`
  ADD PRIMARY KEY (`id`),
  ADD KEY `foreign key6` (`claim_id`);

--
-- Indexes for table `permissions`
--
ALTER TABLE `permissions`
  ADD PRIMARY KEY (`id`);

--
-- Indexes for table `pharmacies`
--
ALTER TABLE `pharmacies`
  ADD PRIMARY KEY (`id`);

--
-- Indexes for table `pharmacies_services`
--
ALTER TABLE `pharmacies_services`
  ADD PRIMARY KEY (`id`),
  ADD KEY `service_id` (`service_id`),
  ADD KEY `pharmacy_id` (`pharmacy_id`);

--
-- Indexes for table `pharmacies_users`
--
ALTER TABLE `pharmacies_users`
  ADD PRIMARY KEY (`id`),
  ADD KEY `pharmacy_id` (`pharmacy_id`);

--
-- Indexes for table `physician_information`
--
ALTER TABLE `physician_information`
  ADD PRIMARY KEY (`id`),
  ADD KEY `foreign key7` (`claim_id`);

--
-- Indexes for table `roles`
--
ALTER TABLE `roles`
  ADD PRIMARY KEY (`id`);

--
-- Indexes for table `roles_permissions`
--
ALTER TABLE `roles_permissions`
  ADD PRIMARY KEY (`id`);

--
-- Indexes for table `services`
--
ALTER TABLE `services`
  ADD PRIMARY KEY (`id`);

--
-- Indexes for table `settings`
--
ALTER TABLE `settings`
  ADD PRIMARY KEY (`id`);

--
-- Indexes for table `slider`
--
ALTER TABLE `slider`
  ADD PRIMARY KEY (`id`);

--
-- Indexes for table `states`
--
ALTER TABLE `states`
  ADD PRIMARY KEY (`state_id`);

--
-- Indexes for table `testimonials`
--
ALTER TABLE `testimonials`
  ADD PRIMARY KEY (`id`);

--
-- Indexes for table `users`
--
ALTER TABLE `users`
  ADD PRIMARY KEY (`id`);

--
-- AUTO_INCREMENT for dumped tables
--

--
-- AUTO_INCREMENT for table `about_us`
--
ALTER TABLE `about_us`
  MODIFY `id` int(5) NOT NULL AUTO_INCREMENT, AUTO_INCREMENT=27;

--
-- AUTO_INCREMENT for table `appointment`
--
ALTER TABLE `appointment`
  MODIFY `id` int(11) NOT NULL AUTO_INCREMENT;

--
-- AUTO_INCREMENT for table `claims`
--
ALTER TABLE `claims`
  MODIFY `id` int(10) NOT NULL AUTO_INCREMENT, AUTO_INCREMENT=86;

--
-- AUTO_INCREMENT for table `claim_additional_information`
--
ALTER TABLE `claim_additional_information`
  MODIFY `id` int(10) NOT NULL AUTO_INCREMENT, AUTO_INCREMENT=56;

--
-- AUTO_INCREMENT for table `claim_conversation`
--
ALTER TABLE `claim_conversation`
  MODIFY `id` int(10) NOT NULL AUTO_INCREMENT, AUTO_INCREMENT=2;

--
-- AUTO_INCREMENT for table `claim_conversation_files`
--
ALTER TABLE `claim_conversation_files`
  MODIFY `id` int(10) NOT NULL AUTO_INCREMENT;

--
-- AUTO_INCREMENT for table `claim_diagnosis`
--
ALTER TABLE `claim_diagnosis`
  MODIFY `id` int(11) NOT NULL AUTO_INCREMENT, AUTO_INCREMENT=83;

--
-- AUTO_INCREMENT for table `claim_information`
--
ALTER TABLE `claim_information`
  MODIFY `id` int(10) NOT NULL AUTO_INCREMENT, AUTO_INCREMENT=83;

--
-- AUTO_INCREMENT for table `claim_status`
--
ALTER TABLE `claim_status`
  MODIFY `claim_status_id` int(11) NOT NULL AUTO_INCREMENT, AUTO_INCREMENT=17;

--
-- AUTO_INCREMENT for table `claim_status_history`
--
ALTER TABLE `claim_status_history`
  MODIFY `id` int(5) NOT NULL AUTO_INCREMENT, AUTO_INCREMENT=488;

--
-- AUTO_INCREMENT for table `communications`
--
ALTER TABLE `communications`
  MODIFY `id` int(10) NOT NULL AUTO_INCREMENT, AUTO_INCREMENT=994;

--
-- AUTO_INCREMENT for table `communications_files`
--
ALTER TABLE `communications_files`
  MODIFY `id` int(10) NOT NULL AUTO_INCREMENT;

--
-- AUTO_INCREMENT for table `communications_replies`
--
ALTER TABLE `communications_replies`
  MODIFY `id` int(10) NOT NULL AUTO_INCREMENT;

--
-- AUTO_INCREMENT for table `contact`
--
ALTER TABLE `contact`
  MODIFY `id` int(11) NOT NULL AUTO_INCREMENT, AUTO_INCREMENT=2;

--
-- AUTO_INCREMENT for table `contactus_replies`
--
ALTER TABLE `contactus_replies`
  MODIFY `id` int(11) NOT NULL AUTO_INCREMENT;

--
-- AUTO_INCREMENT for table `enquiries`
--
ALTER TABLE `enquiries`
  MODIFY `id` int(11) NOT NULL AUTO_INCREMENT, AUTO_INCREMENT=13;

--
-- AUTO_INCREMENT for table `features`
--
ALTER TABLE `features`
  MODIFY `id` int(5) NOT NULL AUTO_INCREMENT, AUTO_INCREMENT=7;

--
-- AUTO_INCREMENT for table `forms`
--
ALTER TABLE `forms`
  MODIFY `id` int(10) NOT NULL AUTO_INCREMENT, AUTO_INCREMENT=28;

--
-- AUTO_INCREMENT for table `generated_claims`
--
ALTER TABLE `generated_claims`
  MODIFY `id` int(5) NOT NULL AUTO_INCREMENT, AUTO_INCREMENT=88;

--
-- AUTO_INCREMENT for table `homeaboutus`
--
ALTER TABLE `homeaboutus`
  MODIFY `id` int(5) NOT NULL AUTO_INCREMENT, AUTO_INCREMENT=12;

--
-- AUTO_INCREMENT for table `homeservices`
--
ALTER TABLE `homeservices`
  MODIFY `id` int(5) NOT NULL AUTO_INCREMENT, AUTO_INCREMENT=10;

--
-- AUTO_INCREMENT for table `insurance_additional_information`
--
ALTER TABLE `insurance_additional_information`
  MODIFY `id` int(10) NOT NULL AUTO_INCREMENT;

--
-- AUTO_INCREMENT for table `insurance_companies`
--
ALTER TABLE `insurance_companies`
  MODIFY `id` int(10) NOT NULL AUTO_INCREMENT, AUTO_INCREMENT=13;

--
-- AUTO_INCREMENT for table `insurance_forms`
--
ALTER TABLE `insurance_forms`
  MODIFY `id` int(5) NOT NULL AUTO_INCREMENT, AUTO_INCREMENT=37;

--
-- AUTO_INCREMENT for table `insurance_information`
--
ALTER TABLE `insurance_information`
  MODIFY `id` int(10) NOT NULL AUTO_INCREMENT, AUTO_INCREMENT=83;

--
-- AUTO_INCREMENT for table `menus`
--
ALTER TABLE `menus`
  MODIFY `id` int(5) NOT NULL AUTO_INCREMENT, AUTO_INCREMENT=20;

--
-- AUTO_INCREMENT for table `menus_permissions`
--
ALTER TABLE `menus_permissions`
  MODIFY `id` int(5) NOT NULL AUTO_INCREMENT, AUTO_INCREMENT=34;

--
-- AUTO_INCREMENT for table `messages`
--
ALTER TABLE `messages`
  MODIFY `message_id` int(11) NOT NULL AUTO_INCREMENT, AUTO_INCREMENT=2;

--
-- AUTO_INCREMENT for table `passwordreset`
--
ALTER TABLE `passwordreset`
  MODIFY `resetid` int(11) NOT NULL AUTO_INCREMENT, AUTO_INCREMENT=3;

--
-- AUTO_INCREMENT for table `patient_insured_information`
--
ALTER TABLE `patient_insured_information`
  MODIFY `id` int(10) NOT NULL AUTO_INCREMENT, AUTO_INCREMENT=83;

--
-- AUTO_INCREMENT for table `permissions`
--
ALTER TABLE `permissions`
  MODIFY `id` int(5) NOT NULL AUTO_INCREMENT, AUTO_INCREMENT=9;

--
-- AUTO_INCREMENT for table `pharmacies`
--
ALTER TABLE `pharmacies`
  MODIFY `id` int(10) NOT NULL AUTO_INCREMENT, AUTO_INCREMENT=17;

--
-- AUTO_INCREMENT for table `pharmacies_services`
--
ALTER TABLE `pharmacies_services`
  MODIFY `id` int(10) NOT NULL AUTO_INCREMENT, AUTO_INCREMENT=7;

--
-- AUTO_INCREMENT for table `pharmacies_users`
--
ALTER TABLE `pharmacies_users`
  MODIFY `id` int(10) NOT NULL AUTO_INCREMENT;

--
-- AUTO_INCREMENT for table `physician_information`
--
ALTER TABLE `physician_information`
  MODIFY `id` int(10) NOT NULL AUTO_INCREMENT, AUTO_INCREMENT=83;

--
-- AUTO_INCREMENT for table `roles`
--
ALTER TABLE `roles`
  MODIFY `id` int(11) NOT NULL AUTO_INCREMENT, AUTO_INCREMENT=6;

--
-- AUTO_INCREMENT for table `roles_permissions`
--
ALTER TABLE `roles_permissions`
  MODIFY `id` int(5) NOT NULL AUTO_INCREMENT, AUTO_INCREMENT=17;

--
-- AUTO_INCREMENT for table `services`
--
ALTER TABLE `services`
  MODIFY `id` int(10) NOT NULL AUTO_INCREMENT, AUTO_INCREMENT=2;

--
-- AUTO_INCREMENT for table `settings`
--
ALTER TABLE `settings`
  MODIFY `id` int(5) NOT NULL AUTO_INCREMENT, AUTO_INCREMENT=2;

--
-- AUTO_INCREMENT for table `slider`
--
ALTER TABLE `slider`
  MODIFY `id` int(11) NOT NULL AUTO_INCREMENT, AUTO_INCREMENT=7;

--
-- AUTO_INCREMENT for table `states`
--
ALTER TABLE `states`
  MODIFY `state_id` int(5) NOT NULL AUTO_INCREMENT, AUTO_INCREMENT=54;

--
-- AUTO_INCREMENT for table `testimonials`
--
ALTER TABLE `testimonials`
  MODIFY `id` int(5) NOT NULL AUTO_INCREMENT, AUTO_INCREMENT=10;

--
-- AUTO_INCREMENT for table `users`
--
ALTER TABLE `users`
  MODIFY `id` int(11) NOT NULL AUTO_INCREMENT, AUTO_INCREMENT=48;

--
-- Constraints for dumped tables
--

--
-- Constraints for table `claim_additional_information`
--
ALTER TABLE `claim_additional_information`
  ADD CONSTRAINT `foreign key1` FOREIGN KEY (`claim_id`) REFERENCES `claims` (`id`) ON DELETE CASCADE ON UPDATE CASCADE;

--
-- Constraints for table `claim_diagnosis`
--
ALTER TABLE `claim_diagnosis`
  ADD CONSTRAINT `foreign key2` FOREIGN KEY (`claim_id`) REFERENCES `claims` (`id`) ON DELETE CASCADE ON UPDATE CASCADE;

--
-- Constraints for table `claim_information`
--
ALTER TABLE `claim_information`
  ADD CONSTRAINT `foreign key3` FOREIGN KEY (`claim_id`) REFERENCES `claims` (`id`) ON DELETE CASCADE ON UPDATE CASCADE;

--
-- Constraints for table `communications_replies`
--
ALTER TABLE `communications_replies`
  ADD CONSTRAINT `communications_replies_ibfk_1` FOREIGN KEY (`communication_id`) REFERENCES `communications` (`id`);

--
-- Constraints for table `insurance_additional_information`
--
ALTER TABLE `insurance_additional_information`
  ADD CONSTRAINT `foreign key4` FOREIGN KEY (`claim_id`) REFERENCES `claims` (`id`) ON DELETE CASCADE ON UPDATE CASCADE;

--
-- Constraints for table `insurance_forms`
--
ALTER TABLE `insurance_forms`
  ADD CONSTRAINT `foreign key` FOREIGN KEY (`form_id`) REFERENCES `forms` (`id`) ON DELETE CASCADE ON UPDATE CASCADE;

--
-- Constraints for table `insurance_information`
--
ALTER TABLE `insurance_information`
  ADD CONSTRAINT `foreign key5` FOREIGN KEY (`claim_id`) REFERENCES `claims` (`id`) ON DELETE CASCADE ON UPDATE CASCADE;

--
-- Constraints for table `patient_insured_information`
--
ALTER TABLE `patient_insured_information`
  ADD CONSTRAINT `foreign key6` FOREIGN KEY (`claim_id`) REFERENCES `claims` (`id`) ON DELETE CASCADE ON UPDATE CASCADE;

--
-- Constraints for table `physician_information`
--
ALTER TABLE `physician_information`
  ADD CONSTRAINT `foreign key7` FOREIGN KEY (`claim_id`) REFERENCES `claims` (`id`) ON DELETE CASCADE ON UPDATE CASCADE;
COMMIT;

/*!40101 SET CHARACTER_SET_CLIENT=@OLD_CHARACTER_SET_CLIENT */;
/*!40101 SET CHARACTER_SET_RESULTS=@OLD_CHARACTER_SET_RESULTS */;
/*!40101 SET COLLATION_CONNECTION=@OLD_COLLATION_CONNECTION */;
